simulation,period,variable,risk,value
1,1,ptf_bop,Cash,150000.0
1,1,ptf_bop,Real Estate,170000.0
1,1,ptf_bop,Precious Metals,42500.0
1,1,ptf_bop,Bonds,255000.0
1,1,ptf_bop,Crypto,42500.0
1,1,ptf_bop,Stocks,340000.0
1,1,ptf_eop,Cash,100000.0
1,1,ptf_eop,Real Estate,177568.20302836303
1,1,ptf_eop,Precious Metals,41071.08781105557
1,1,ptf_eop,Bonds,193589.9478124562
1,1,ptf_eop,Crypto,49496.779734566204
1,1,ptf_eop,Stocks,279982.59478840436
1,1,ptf1,Cash,100000.0
1,1,ptf1,Real Estate,170000.0
1,1,ptf1,Precious Metals,42500.0
1,1,ptf1,Bonds,255000.0
1,1,ptf1,Crypto,42500.0
1,1,ptf1,Stocks,340000.0
1,1,ptf2,Cash,100000.0
1,1,ptf2,Real Estate,170000.0
1,1,ptf2,Precious Metals,42500.0
1,1,ptf2,Bonds,255000.0
1,1,ptf2,Crypto,42500.0
1,1,ptf2,Stocks,340000.0
1,1,ptf3,Cash,100000.0
1,1,ptf3,Real Estate,177568.20302836303
1,1,ptf3,Precious Metals,41071.08781105557
1,1,ptf3,Bonds,193589.9478124562
1,1,ptf3,Crypto,49496.779734566204
1,1,ptf3,Stocks,279982.59478840436
1,1,ptf4,Cash,100000.0
1,1,ptf4,Real Estate,177568.20302836303
1,1,ptf4,Precious Metals,41071.08781105557
1,1,ptf4,Bonds,193589.9478124562
1,1,ptf4,Crypto,49496.779734566204
1,1,ptf4,Stocks,279982.59478840436
1,1,ptf5,Cash,100000.0
1,1,ptf5,Real Estate,177568.20302836303
1,1,ptf5,Precious Metals,41071.08781105557
1,1,ptf5,Bonds,193589.9478124562
1,1,ptf5,Crypto,49496.779734566204
1,1,ptf5,Stocks,279982.59478840436
1,1,returns,Cash,0.0
1,1,returns,Money Market,-0.06587090389710121
1,1,returns,Bonds,-0.24082373406879917
1,1,returns,Stocks,-0.17652178003410476
1,1,returns,Crypto,0.16463011140155778
1,1,returns,Precious Metals,-0.03362146326928077
1,1,returns,Real Estate,0.04451884134331191
1,1,contributions,,0.0
1,1,withdrawals,,50000.0
1,1,availableCash,,100000.0
1,1,cashBuffer,,150000.0
1,1,cashDepletion,,50000.0
1,1,shortfall,,0.0
1,1,cashReplenishment,,0
1,1,financialGainLoss,,-108291.38682515454
1,2,ptf_bop,Cash,100000.0
1,2,ptf_bop,Real Estate,177568.20302836303
1,2,ptf_bop,Precious Metals,41071.08781105557
1,2,ptf_bop,Bonds,193589.9478124562
1,2,ptf_bop,Crypto,49496.779734566204
1,2,ptf_bop,Stocks,279982.59478840436
1,2,ptf_eop,Cash,50000.0
1,2,ptf_eop,Real Estate,127378.57804549707
1,2,ptf_eop,Precious Metals,31410.428233720813
1,2,ptf_eop,Bonds,212521.23169282908
1,2,ptf_eop,Crypto,19737.91578563659
1,2,ptf_eop,Stocks,231802.64578347869
1,2,ptf1,Cash,50000.0
1,2,ptf1,Real Estate,177568.20302836303
1,2,ptf1,Precious Metals,41071.08781105557
1,2,ptf1,Bonds,193589.9478124562
1,2,ptf1,Crypto,49496.779734566204
1,2,ptf1,Stocks,279982.59478840436
1,2,ptf2,Cash,50000.0
1,2,ptf2,Real Estate,148341.7226349691
1,2,ptf2,Precious Metals,37085.430658742276
1,2,ptf2,Bonds,222512.58395245366
1,2,ptf2,Crypto,37085.430658742276
1,2,ptf2,Stocks,296683.4452699382
1,2,ptf3,Cash,50000.0
1,2,ptf3,Real Estate,127378.57804549707
1,2,ptf3,Precious Metals,31410.428233720813
1,2,ptf3,Bonds,212521.23169282908
1,2,ptf3,Crypto,19737.91578563659
1,2,ptf3,Stocks,231802.64578347869
1,2,ptf4,Cash,50000.0
1,2,ptf4,Real Estate,127378.57804549707
1,2,ptf4,Precious Metals,31410.428233720813
1,2,ptf4,Bonds,212521.23169282908
1,2,ptf4,Crypto,19737.91578563659
1,2,ptf4,Stocks,231802.64578347869
1,2,ptf5,Cash,50000.0
1,2,ptf5,Real Estate,127378.57804549707
1,2,ptf5,Precious Metals,31410.428233720813
1,2,ptf5,Bonds,212521.23169282908
1,2,ptf5,Crypto,19737.91578563659
1,2,ptf5,Stocks,231802.64578347869
1,2,returns,Cash,0.0
1,2,returns,Money Market,-0.024818085705259604
1,2,returns,Bonds,-0.044902414425961296
1,2,returns,Stocks,-0.21868695581388964
1,2,returns,Crypto,-0.46777169807562413
1,2,returns,Precious Metals,-0.15302511860364965
1,2,returns,Real Estate,-0.14131657781173917
1,2,contributions,,0.0
1,2,withdrawals,,50000.0
1,2,availableCash,,50000.0
1,2,cashBuffer,,150000.0
1,2,cashDepletion,,50000.0
1,2,shortfall,,0.0
1,2,cashReplenishment,,0
1,2,financialGainLoss,,-118857.81363368325
1,3,ptf_bop,Cash,50000.0
1,3,ptf_bop,Real Estate,127378.57804549707
1,3,ptf_bop,Precious Metals,31410.428233720813
1,3,ptf_bop,Bonds,212521.23169282908
1,3,ptf_bop,Crypto,19737.91578563659
1,3,ptf_bop,Stocks,231802.64578347869
1,3,ptf_eop,Cash,19700.07559423824
1,3,ptf_eop,Real Estate,124570.15990823248
1,3,ptf_eop,Precious Metals,31142.53997705812
1,3,ptf_eop,Bonds,186855.23986234874
1,3,ptf_eop,Crypto,31142.53997705812
1,3,ptf_eop,Stocks,249140.31981646497
1,3,ptf1,Cash,0.0
1,3,ptf1,Real Estate,127378.57804549707
1,3,ptf1,Precious Metals,31410.428233720813
1,3,ptf1,Bonds,212521.23169282908
1,3,ptf1,Crypto,19737.91578563659
1,3,ptf1,Stocks,231802.64578347869
1,3,ptf2,Cash,0.0
1,3,ptf2,Real Estate,124570.15990823247
1,3,ptf2,Precious Metals,31142.539977058117
1,3,ptf2,Bonds,186855.2398623487
1,3,ptf2,Crypto,31142.539977058117
1,3,ptf2,Stocks,249140.31981646494
1,3,ptf3,Cash,0.0
1,3,ptf3,Real Estate,124493.17323870964
1,3,ptf3,Precious Metals,33417.231756960726
1,3,ptf3,Bonds,223273.09636802354
1,3,ptf3,Crypto,37539.984916021574
1,3,ptf3,Stocks,223827.3888556851
1,3,ptf4,Cash,19700.07559423824
1,3,ptf4,Real Estate,124493.17323870964
1,3,ptf4,Precious Metals,33417.231756960726
1,3,ptf4,Bonds,203573.0207737853
1,3,ptf4,Crypto,37539.984916021574
1,3,ptf4,Stocks,223827.3888556851
1,3,ptf5,Cash,19700.07559423824
1,3,ptf5,Real Estate,124570.15990823248
1,3,ptf5,Precious Metals,31142.53997705812
1,3,ptf5,Bonds,186855.23986234874
1,3,ptf5,Crypto,31142.53997705812
1,3,ptf5,Stocks,249140.31981646497
1,3,returns,Cash,0.0
1,3,returns,Money Market,0.010463503615672075
1,3,returns,Bonds,0.194898770473351
1,3,returns,Stocks,-0.10160110165800215
1,3,returns,Crypto,0.2054246360019539
1,3,returns,Precious Metals,0.07304130560892966
1,3,returns,Real Estate,-0.0006180185493824952
1,3,contributions,,0.0
1,3,withdrawals,,50000.0
1,3,availableCash,,0.0
1,3,cashBuffer,,150000.0
1,3,cashDepletion,,50000.0
1,3,shortfall,,0.0
1,3,cashReplenishment,,19700.07559423824
1,3,financialGainLoss,,19700.07559423824
1,4,ptf_bop,Cash,19700.07559423824
1,4,ptf_bop,Real Estate,124570.15990823248
1,4,ptf_bop,Precious Metals,31142.53997705812
1,4,ptf_bop,Bonds,186855.23986234874
1,4,ptf_bop,Crypto,31142.53997705812
1,4,ptf_bop,Stocks,249140.31981646497
1,4,ptf_eop,Cash,0.0
1,4,ptf_eop,Real Estate,101188.79891255219
1,4,ptf_eop,Precious Metals,32176.61129388562
1,4,ptf_eop,Bonds,189038.9283789351
1,4,ptf_eop,Crypto,21687.155905421303
1,4,ptf_eop,Stocks,199713.1134081226
1,4,ptf1,Cash,0.0
1,4,ptf1,Real Estate,124570.15990823248
1,4,ptf1,Precious Metals,31142.53997705812
1,4,ptf1,Bonds,156555.31545658698
1,4,ptf1,Crypto,31142.53997705812
1,4,ptf1,Stocks,249140.31981646497
1,4,ptf2,Cash,0.0
1,4,ptf2,Real Estate,118510.17502708014
1,4,ptf2,Precious Metals,29627.543756770036
1,4,ptf2,Bonds,177765.2625406202
1,4,ptf2,Crypto,29627.543756770036
1,4,ptf2,Stocks,237020.35005416028
1,4,ptf3,Cash,0.0
1,4,ptf3,Real Estate,101188.79891255219
1,4,ptf3,Precious Metals,32176.61129388562
1,4,ptf3,Bonds,189038.9283789351
1,4,ptf3,Crypto,21687.155905421303
1,4,ptf3,Stocks,199713.1134081226
1,4,ptf4,Cash,0.0
1,4,ptf4,Real Estate,101188.79891255219
1,4,ptf4,Precious Metals,32176.61129388562
1,4,ptf4,Bonds,189038.9283789351
1,4,ptf4,Crypto,21687.155905421303
1,4,ptf4,Stocks,199713.1134081226
1,4,ptf5,Cash,0.0
1,4,ptf5,Real Estate,101188.79891255219
1,4,ptf5,Precious Metals,32176.61129388562
1,4,ptf5,Bonds,189038.9283789351
1,4,ptf5,Crypto,21687.155905421303
1,4,ptf5,Stocks,199713.1134081226
1,4,returns,Cash,0.0
1,4,returns,Money Market,-0.014670278464758569
1,4,returns,Bonds,0.06341883491291686
1,4,returns,Stocks,-0.15740098534793667
1,4,returns,Crypto,-0.26800695719280865
1,4,returns,Precious Metals,0.08603708623443045
1,4,returns,Real Estate,-0.14615940032634278
1,4,contributions,,0.0
1,4,withdrawals,,50000.0
1,4,availableCash,,0.0
1,4,cashBuffer,,150000.0
1,4,cashDepletion,,19700.07559423824
1,4,shortfall,,30299.92440576176
1,4,cashReplenishment,,0
1,4,financialGainLoss,,-48746.267236483865
1,5,ptf_bop,Cash,0.0
1,5,ptf_bop,Real Estate,101188.79891255219
1,5,ptf_bop,Precious Metals,32176.61129388562
1,5,ptf_bop,Bonds,189038.9283789351
1,5,ptf_bop,Crypto,21687.155905421303
1,5,ptf_bop,Stocks,199713.1134081226
1,5,ptf_eop,Cash,150000.0
1,5,ptf_eop,Real Estate,100796.73419607272
1,5,ptf_eop,Precious Metals,25199.18354901818
1,5,ptf_eop,Bonds,151195.10129410907
1,5,ptf_eop,Crypto,25199.18354901818
1,5,ptf_eop,Stocks,201593.46839214544
1,5,ptf1,Cash,0.0
1,5,ptf1,Real Estate,101188.79891255219
1,5,ptf1,Precious Metals,32176.61129388562
1,5,ptf1,Bonds,139038.9283789351
1,5,ptf1,Crypto,21687.155905421303
1,5,ptf1,Stocks,199713.1134081226
1,5,ptf2,Cash,0.0
1,5,ptf2,Real Estate,98760.92157978336
1,5,ptf2,Precious Metals,24690.23039494584
1,5,ptf2,Bonds,148141.38236967503
1,5,ptf2,Crypto,24690.23039494584
1,5,ptf2,Stocks,197521.84315956672
1,5,ptf3,Cash,0.0
1,5,ptf3,Real Estate,121980.35011124893
1,5,ptf3,Precious Metals,22205.905127973492
1,5,ptf3,Bonds,170649.22894898965
1,5,ptf3,Crypto,48306.028458677014
1,5,ptf3,Stocks,290842.15833347454
1,5,ptf4,Cash,150000.0
1,5,ptf4,Real Estate,121980.35011124893
1,5,ptf4,Precious Metals,22205.905127973492
1,5,ptf4,Bonds,20649.22894898965
1,5,ptf4,Crypto,48306.028458677014
1,5,ptf4,Stocks,290842.15833347454
1,5,ptf5,Cash,150000.0
1,5,ptf5,Real Estate,100796.73419607272
1,5,ptf5,Precious Metals,25199.18354901818
1,5,ptf5,Bonds,151195.10129410907
1,5,ptf5,Crypto,25199.18354901818
1,5,ptf5,Stocks,201593.46839214544
1,5,returns,Cash,0.0
1,5,returns,Money Market,0.025199324170397275
1,5,returns,Bonds,0.15193490312617763
1,5,returns,Stocks,0.4724556721482171
1,5,returns,Crypto,0.9564835032307109
1,5,returns,Precious Metals,-0.10061976851706078
1,5,returns,Real Estate,0.23510745100437228
1,5,contributions,,0.0
1,5,withdrawals,,50000.0
1,5,availableCash,,0.0
1,5,cashBuffer,,150000.0
1,5,cashDepletion,,0.0
1,5,shortfall,,50000.0
1,5,cashReplenishment,,150000.0
1,5,financialGainLoss,,160179.0630814468
1,6,ptf_bop,Cash,150000.0
1,6,ptf_bop,Real Estate,100796.73419607272
1,6,ptf_bop,Precious Metals,25199.18354901818
1,6,ptf_bop,Bonds,151195.10129410907
1,6,ptf_bop,Crypto,25199.18354901818
1,6,ptf_bop,Stocks,201593.46839214544
1,6,ptf_eop,Cash,137629.20371944457
1,6,ptf_eop,Real Estate,100796.7341960727
1,6,ptf_eop,Precious Metals,25199.183549018177
1,6,ptf_eop,Bonds,151195.10129410904
1,6,ptf_eop,Crypto,25199.183549018177
1,6,ptf_eop,Stocks,201593.4683921454
1,6,ptf1,Cash,100000.0
1,6,ptf1,Real Estate,100796.73419607272
1,6,ptf1,Precious Metals,25199.18354901818
1,6,ptf1,Bonds,151195.10129410907
1,6,ptf1,Crypto,25199.18354901818
1,6,ptf1,Stocks,201593.46839214544
1,6,ptf2,Cash,100000.0
1,6,ptf2,Real Estate,100796.7341960727
1,6,ptf2,Precious Metals,25199.183549018177
1,6,ptf2,Bonds,151195.10129410907
1,6,ptf2,Crypto,25199.183549018177
1,6,ptf2,Stocks,201593.4683921454
1,6,ptf3,Cash,100000.0
1,6,ptf3,Real Estate,109411.19412641838
1,6,ptf3,Precious Metals,25403.352716802892
1,6,ptf3,Bonds,160170.01349111937
1,6,ptf3,Crypto,11618.16406420442
1,6,ptf3,Stocks,235010.15030126294
1,6,ptf4,Cash,137629.20371944457
1,6,ptf4,Real Estate,109411.19412641838
1,6,ptf4,Precious Metals,25403.352716802892
1,6,ptf4,Bonds,122540.8097716748
1,6,ptf4,Crypto,11618.16406420442
1,6,ptf4,Stocks,235010.15030126294
1,6,ptf5,Cash,137629.20371944457
1,6,ptf5,Real Estate,100796.7341960727
1,6,ptf5,Precious Metals,25199.183549018177
1,6,ptf5,Bonds,151195.10129410904
1,6,ptf5,Crypto,25199.183549018177
1,6,ptf5,Stocks,201593.4683921454
1,6,returns,Cash,0.0
1,6,returns,Money Market,0.010492533333518772
1,6,returns,Bonds,0.059359808090290206
1,6,returns,Stocks,0.16576272126096092
1,6,returns,Crypto,-0.5389468058913721
1,6,returns,Precious Metals,0.00810221360495909
1,6,returns,Real Estate,0.08546368093224718
1,6,contributions,,0.0
1,6,withdrawals,,50000.0
1,6,availableCash,,100000.0
1,6,cashBuffer,,150000.0
1,6,cashDepletion,,50000.0
1,6,shortfall,,0.0
1,6,cashReplenishment,,37629.20371944457
1,6,financialGainLoss,,37629.20371944457
1,7,ptf_bop,Cash,137629.20371944457
1,7,ptf_bop,Real Estate,100796.7341960727
1,7,ptf_bop,Precious Metals,25199.183549018177
1,7,ptf_bop,Bonds,151195.10129410904
1,7,ptf_bop,Crypto,25199.183549018177
1,7,ptf_bop,Stocks,201593.4683921454
1,7,ptf_eop,Cash,87629.20371944457
1,7,ptf_eop,Real Estate,100335.64908539211
1,7,ptf_eop,Precious Metals,15599.855777111843
1,7,ptf_eop,Bonds,159687.12127156268
1,7,ptf_eop,Crypto,12626.450510529303
1,7,ptf_eop,Stocks,203853.7379028542
1,7,ptf1,Cash,87629.20371944457
1,7,ptf1,Real Estate,100796.7341960727
1,7,ptf1,Precious Metals,25199.183549018177
1,7,ptf1,Bonds,151195.10129410904
1,7,ptf1,Crypto,25199.183549018177
1,7,ptf1,Stocks,201593.4683921454
1,7,ptf2,Cash,87629.20371944457
1,7,ptf2,Real Estate,100796.7341960727
1,7,ptf2,Precious Metals,25199.183549018177
1,7,ptf2,Bonds,151195.10129410904
1,7,ptf2,Crypto,25199.183549018177
1,7,ptf2,Stocks,201593.4683921454
1,7,ptf3,Cash,87629.20371944457
1,7,ptf3,Real Estate,100335.64908539211
1,7,ptf3,Precious Metals,15599.855777111843
1,7,ptf3,Bonds,159687.12127156268
1,7,ptf3,Crypto,12626.450510529303
1,7,ptf3,Stocks,203853.7379028542
1,7,ptf4,Cash,87629.20371944457
1,7,ptf4,Real Estate,100335.64908539211
1,7,ptf4,Precious Metals,15599.855777111843
1,7,ptf4,Bonds,159687.12127156268
1,7,ptf4,Crypto,12626.450510529303
1,7,ptf4,Stocks,203853.7379028542
1,7,ptf5,Cash,87629.20371944457
1,7,ptf5,Real Estate,100335.64908539211
1,7,ptf5,Precious Metals,15599.855777111843
1,7,ptf5,Bonds,159687.12127156268
1,7,ptf5,Crypto,12626.450510529303
1,7,ptf5,Stocks,203853.7379028542
1,7,returns,Cash,0.0
1,7,returns,Money Market,-0.030284358313064752
1,7,returns,Bonds,0.05616597300288648
1,7,returns,Stocks,0.01121201757545057
1,7,returns,Crypto,-0.4989341426095028
1,7,returns,Precious Metals,-0.3809380471884514
1,7,returns,Real Estate,-0.004574405255865459
1,7,contributions,,0.0
1,7,withdrawals,,50000.0
1,7,availableCash,,87629.20371944457
1,7,cashBuffer,,150000.0
1,7,cashDepletion,,50000.0
1,7,shortfall,,0.0
1,7,cashReplenishment,,0
1,7,financialGainLoss,,-11880.856432913453
1,8,ptf_bop,Cash,87629.20371944457
1,8,ptf_bop,Real Estate,100335.64908539211
1,8,ptf_bop,Precious Metals,15599.855777111843
1,8,ptf_bop,Bonds,159687.12127156268
1,8,ptf_bop,Crypto,12626.450510529303
1,8,ptf_bop,Stocks,203853.7379028542
1,8,ptf_eop,Cash,42062.05268210021
1,8,ptf_eop,Real Estate,98420.56290949002
1,8,ptf_eop,Precious Metals,24605.140727372505
1,8,ptf_eop,Bonds,147630.844364235
1,8,ptf_eop,Crypto,24605.140727372505
1,8,ptf_eop,Stocks,196841.12581898004
1,8,ptf1,Cash,37629.20371944457
1,8,ptf1,Real Estate,100335.64908539211
1,8,ptf1,Precious Metals,15599.855777111843
1,8,ptf1,Bonds,159687.12127156268
1,8,ptf1,Crypto,12626.450510529303
1,8,ptf1,Stocks,203853.7379028542
1,8,ptf2,Cash,37629.20371944457
1,8,ptf2,Real Estate,98420.56290949002
1,8,ptf2,Precious Metals,24605.140727372505
1,8,ptf2,Bonds,147630.84436423503
1,8,ptf2,Crypto,24605.140727372505
1,8,ptf2,Stocks,196841.12581898004
1,8,ptf3,Cash,37629.20371944457
1,8,ptf3,Real Estate,114909.01387013769
1,8,ptf3,Precious Metals,19556.98212598011
1,8,ptf3,Bonds,136652.77856358964
1,8,ptf3,Crypto,16694.52389400643
1,8,ptf3,Stocks,208722.3650563918
1,8,ptf4,Cash,42062.05268210021
1,8,ptf4,Real Estate,114909.01387013769
1,8,ptf4,Precious Metals,19556.98212598011
1,8,ptf4,Bonds,132219.929600934
1,8,ptf4,Crypto,16694.52389400643
1,8,ptf4,Stocks,208722.3650563918
1,8,ptf5,Cash,42062.05268210021
1,8,ptf5,Real Estate,98420.56290949002
1,8,ptf5,Precious Metals,24605.140727372505
1,8,ptf5,Bonds,147630.844364235
1,8,ptf5,Crypto,24605.140727372505
1,8,ptf5,Stocks,196841.12581898004
1,8,returns,Cash,0.0
1,8,returns,Money Market,-0.047931806783834886
1,8,returns,Bonds,-0.07436160002960002
1,8,returns,Stocks,0.06035953710373531
1,8,returns,Crypto,-0.3215026047205552
1,8,returns,Precious Metals,-0.2051668249869616
1,8,returns,Real Estate,0.16753054923909383
1,8,contributions,,0.0
1,8,withdrawals,,50000.0
1,8,availableCash,,37629.20371944457
1,8,cashBuffer,,150000.0
1,8,cashDepletion,,50000.0
1,8,shortfall,,0.0
1,8,cashReplenishment,,4432.84896265564
1,8,financialGainLoss,,4432.84896265564
1,9,ptf_bop,Cash,42062.05268210021
1,9,ptf_bop,Real Estate,98420.56290949002
1,9,ptf_bop,Precious Metals,24605.140727372505
1,9,ptf_bop,Bonds,147630.844364235
1,9,ptf_bop,Crypto,24605.140727372505
1,9,ptf_bop,Stocks,196841.12581898004
1,9,ptf_eop,Cash,0.0
1,9,ptf_eop,Real Estate,86747.72649859941
1,9,ptf_eop,Precious Metals,18611.927620172446
1,9,ptf_eop,Bonds,153439.05471166834
1,9,ptf_eop,Crypto,15168.95960063078
1,9,ptf_eop,Stocks,208160.46090619694
1,9,ptf1,Cash,0.0
1,9,ptf1,Real Estate,98420.56290949002
1,9,ptf1,Precious Metals,24605.140727372505
1,9,ptf1,Bonds,139692.89704633522
1,9,ptf1,Crypto,24605.140727372505
1,9,ptf1,Stocks,196841.12581898004
1,9,ptf2,Cash,0.0
1,9,ptf2,Real Estate,96832.97344591004
1,9,ptf2,Precious Metals,24208.24336147751
1,9,ptf2,Bonds,145249.46016886507
1,9,ptf2,Crypto,24208.24336147751
1,9,ptf2,Stocks,193665.9468918201
1,9,ptf3,Cash,0.0
1,9,ptf3,Real Estate,86747.72649859941
1,9,ptf3,Precious Metals,18611.927620172446
1,9,ptf3,Bonds,153439.05471166834
1,9,ptf3,Crypto,15168.95960063078
1,9,ptf3,Stocks,208160.46090619694
1,9,ptf4,Cash,0.0
1,9,ptf4,Real Estate,86747.72649859941
1,9,ptf4,Precious Metals,18611.927620172446
1,9,ptf4,Bonds,153439.05471166834
1,9,ptf4,Crypto,15168.95960063078
1,9,ptf4,Stocks,208160.46090619694
1,9,ptf5,Cash,0.0
1,9,ptf5,Real Estate,86747.72649859941
1,9,ptf5,Precious Metals,18611.927620172446
1,9,ptf5,Bonds,153439.05471166834
1,9,ptf5,Crypto,15168.95960063078
1,9,ptf5,Stocks,208160.46090619694
1,9,returns,Cash,0.0
1,9,returns,Money Market,-0.008507161848056935
1,9,returns,Bonds,0.05638296027594289
1,9,returns,Stocks,0.07484286343057182
1,9,returns,Crypto,-0.37339693037087157
1,9,returns,Precious Metals,-0.23117397069010223
1,9,returns,Real Estate,-0.1041509579683015
1,9,contributions,,0.0
1,9,withdrawals,,50000.0
1,9,availableCash,,0.0
1,9,cashBuffer,,150000.0
1,9,cashDepletion,,42062.05268210021
1,9,shortfall,,7937.947317899787
1,9,cashReplenishment,,0
1,9,financialGainLoss,,-2036.7378922823118
1,10,ptf_bop,Cash,0.0
1,10,ptf_bop,Real Estate,86747.72649859941
1,10,ptf_bop,Precious Metals,18611.927620172446
1,10,ptf_bop,Bonds,153439.05471166834
1,10,ptf_bop,Crypto,15168.95960063078
1,10,ptf_bop,Stocks,208160.46090619694
1,10,ptf_eop,Cash,55252.29473429633
1,10,ptf_eop,Real Estate,86425.6258674536
1,10,ptf_eop,Precious Metals,21606.4064668634
1,10,ptf_eop,Bonds,129638.43880118038
1,10,ptf_eop,Crypto,21606.4064668634
1,10,ptf_eop,Stocks,172851.2517349072
1,10,ptf1,Cash,0.0
1,10,ptf1,Real Estate,86747.72649859941
1,10,ptf1,Precious Metals,18611.927620172446
1,10,ptf1,Bonds,103439.05471166834
1,10,ptf1,Crypto,15168.95960063078
1,10,ptf1,Stocks,208160.46090619694
1,10,ptf2,Cash,0.0
1,10,ptf2,Real Estate,86425.62586745358
1,10,ptf2,Precious Metals,21606.406466863395
1,10,ptf2,Bonds,129638.43880118037
1,10,ptf2,Crypto,21606.406466863395
1,10,ptf2,Stocks,172851.25173490716
1,10,ptf3,Cash,0.0
1,10,ptf3,Real Estate,99697.92360704187
1,10,ptf3,Precious Metals,26628.468669842983
1,10,ptf3,Bonds,141453.6317627706
1,10,ptf3,Crypto,35243.83904689839
1,10,ptf3,Stocks,184356.56098501038
1,10,ptf4,Cash,55252.29473429633
1,10,ptf4,Real Estate,99697.92360704187
1,10,ptf4,Precious Metals,26628.468669842983
1,10,ptf4,Bonds,86201.33702847426
1,10,ptf4,Crypto,35243.83904689839
1,10,ptf4,Stocks,184356.56098501038
1,10,ptf5,Cash,55252.29473429633
1,10,ptf5,Real Estate,86425.6258674536
1,10,ptf5,Precious Metals,21606.4064668634
1,10,ptf5,Bonds,129638.43880118038
1,10,ptf5,Crypto,21606.4064668634
1,10,ptf5,Stocks,172851.2517349072
1,10,returns,Cash,0.0
1,10,returns,Money Market,0.033117279662023866
1,10,returns,Bonds,0.09113958075128135
1,10,returns,Stocks,0.06656190877777561
1,10,returns,Crypto,0.6311754155393683
1,10,returns,Precious Metals,0.23243394086294078
1,10,returns,Real Estate,0.15356900926518377
1,10,contributions,,0.0
1,10,withdrawals,,50000.0
1,10,availableCash,,0.0
1,10,cashBuffer,,150000.0
1,10,cashDepletion,,0.0
1,10,shortfall,,50000.0
1,10,cashReplenishment,,55252.29473429633
1,10,financialGainLoss,,55252.29473429633
1,11,ptf_bop,Cash,55252.29473429633
1,11,ptf_bop,Real Estate,86425.6258674536
1,11,ptf_bop,Precious Metals,21606.4064668634
1,11,ptf_bop,Bonds,129638.43880118038
1,11,ptf_bop,Crypto,21606.4064668634
1,11,ptf_bop,Stocks,172851.2517349072
1,11,ptf_eop,Cash,26200.702501273132
1,11,ptf_eop,Real Estate,86425.62586745361
1,11,ptf_eop,Precious Metals,21606.406466863402
1,11,ptf_eop,Bonds,129638.43880118043
1,11,ptf_eop,Crypto,21606.406466863402
1,11,ptf_eop,Stocks,172851.25173490721
1,11,ptf1,Cash,5252.294734296331
1,11,ptf1,Real Estate,86425.6258674536
1,11,ptf1,Precious Metals,21606.4064668634
1,11,ptf1,Bonds,129638.43880118038
1,11,ptf1,Crypto,21606.4064668634
1,11,ptf1,Stocks,172851.2517349072
1,11,ptf2,Cash,5252.294734296331
1,11,ptf2,Real Estate,86425.6258674536
1,11,ptf2,Precious Metals,21606.4064668634
1,11,ptf2,Bonds,129638.43880118038
1,11,ptf2,Crypto,21606.4064668634
1,11,ptf2,Stocks,172851.2517349072
1,11,ptf3,Cash,5252.294734296331
1,11,ptf3,Real Estate,98431.7529762602
1,11,ptf3,Precious Metals,16702.62824887006
1,11,ptf3,Bonds,112590.84865767158
1,11,ptf3,Crypto,17697.17976482898
1,11,ptf3,Stocks,207654.127456614
1,11,ptf4,Cash,26200.702501273132
1,11,ptf4,Real Estate,98431.7529762602
1,11,ptf4,Precious Metals,16702.62824887006
1,11,ptf4,Bonds,91642.44089069478
1,11,ptf4,Crypto,17697.17976482898
1,11,ptf4,Stocks,207654.127456614
1,11,ptf5,Cash,26200.702501273132
1,11,ptf5,Real Estate,86425.62586745361
1,11,ptf5,Precious Metals,21606.406466863402
1,11,ptf5,Bonds,129638.43880118043
1,11,ptf5,Crypto,21606.406466863402
1,11,ptf5,Stocks,172851.25173490721
1,11,returns,Cash,0.0
1,11,returns,Money Market,-0.07794611585779603
1,11,returns,Bonds,-0.13150104476075794
1,11,returns,Stocks,0.2013458124971066
1,11,returns,Crypto,-0.18092905490923697
1,11,returns,Precious Metals,-0.2269594541560626
1,11,returns,Real Estate,0.1389186018417705
1,11,contributions,,0.0
1,11,withdrawals,,50000.0
1,11,availableCash,,5252.294734296331
1,11,cashBuffer,,150000.0
1,11,cashDepletion,,50000.0
1,11,shortfall,,0.0
1,11,cashReplenishment,,20948.4077669768
1,11,financialGainLoss,,20948.4077669768
1,12,ptf_bop,Cash,26200.702501273132
1,12,ptf_bop,Real Estate,86425.62586745361
1,12,ptf_bop,Precious Metals,21606.406466863402
1,12,ptf_bop,Bonds,129638.43880118043
1,12,ptf_bop,Crypto,21606.406466863402
1,12,ptf_bop,Stocks,172851.25173490721
1,12,ptf_eop,Cash,14603.354795248015
1,12,ptf_eop,Real Estate,81665.76636770825
1,12,ptf_eop,Precious Metals,20416.44159192706
1,12,ptf_eop,Bonds,122498.64955156237
1,12,ptf_eop,Crypto,20416.44159192706
1,12,ptf_eop,Stocks,163331.5327354165
1,12,ptf1,Cash,0.0
1,12,ptf1,Real Estate,86425.62586745361
1,12,ptf1,Precious Metals,21606.406466863402
1,12,ptf1,Bonds,105839.14130245356
1,12,ptf1,Crypto,21606.406466863402
1,12,ptf1,Stocks,172851.25173490721
1,12,ptf2,Cash,0.0
1,12,ptf2,Real Estate,81665.76636770825
1,12,ptf2,Precious Metals,20416.44159192706
1,12,ptf2,Bonds,122498.64955156237
1,12,ptf2,Crypto,20416.44159192706
1,12,ptf2,Stocks,163331.5327354165
1,12,ptf3,Cash,0.0
1,12,ptf3,Real Estate,61847.41253177263
1,12,ptf3,Precious Metals,20687.692597567835
1,12,ptf3,Bonds,105759.67281451572
1,12,ptf3,Crypto,12094.576899720707
1,12,ptf3,Stocks,222542.8317902123
1,12,ptf4,Cash,14603.354795248015
1,12,ptf4,Real Estate,61847.41253177263
1,12,ptf4,Precious Metals,20687.692597567835
1,12,ptf4,Bonds,91156.31801926771
1,12,ptf4,Crypto,12094.576899720707
1,12,ptf4,Stocks,222542.8317902123
1,12,ptf5,Cash,14603.354795248015
1,12,ptf5,Real Estate,81665.76636770825
1,12,ptf5,Precious Metals,20416.44159192706
1,12,ptf5,Bonds,122498.64955156237
1,12,ptf5,Crypto,20416.44159192706
1,12,ptf5,Stocks,163331.5327354165
1,12,returns,Cash,0.0
1,12,returns,Money Market,0.027088748441361363
1,12,returns,Bonds,-0.13664621445480374
1,12,returns,Stocks,0.3625221539475369
1,12,returns,Crypto,-0.4076060294217448
1,12,returns,Precious Metals,0.013285910006376132
1,12,returns,Real Estate,-0.24267639572132965
1,12,contributions,,0.0
1,12,withdrawals,,50000.0
1,12,availableCash,,0.0
1,12,cashBuffer,,150000.0
1,12,cashDepletion,,26200.702501273132
1,12,shortfall,,23799.297498726868
1,12,cashReplenishment,,14603.354795248015
1,12,financialGainLoss,,14603.354795248015
1,13,ptf_bop,Cash,14603.354795248015
1,13,ptf_bop,Real Estate,81665.76636770825
1,13,ptf_bop,Precious Metals,20416.44159192706
1,13,ptf_bop,Bonds,122498.64955156237
1,13,ptf_bop,Crypto,20416.44159192706
1,13,ptf_bop,Stocks,163331.5327354165
1,13,ptf_eop,Cash,45036.88524131238
1,13,ptf_eop,Real Estate,74586.43732675788
1,13,ptf_eop,Precious Metals,18646.60933168947
1,13,ptf_eop,Bonds,111879.6559901368
1,13,ptf_eop,Crypto,18646.60933168947
1,13,ptf_eop,Stocks,149172.87465351576
1,13,ptf1,Cash,0.0
1,13,ptf1,Real Estate,81665.76636770825
1,13,ptf1,Precious Metals,20416.44159192706
1,13,ptf1,Bonds,87102.00434681038
1,13,ptf1,Crypto,20416.44159192706
1,13,ptf1,Stocks,163331.5327354165
1,13,ptf2,Cash,0.0
1,13,ptf2,Real Estate,74586.43732675788
1,13,ptf2,Precious Metals,18646.60933168947
1,13,ptf2,Bonds,111879.6559901368
1,13,ptf2,Crypto,18646.60933168947
1,13,ptf2,Stocks,149172.87465351576
1,13,ptf3,Cash,0.0
1,13,ptf3,Real Estate,74373.75905911226
1,13,ptf3,Precious Metals,15932.688620541652
1,13,ptf3,Bonds,107582.72293737989
1,13,ptf3,Crypto,14938.994971753757
1,13,ptf3,Stocks,205140.9062863142
1,13,ptf4,Cash,45036.88524131238
1,13,ptf4,Real Estate,74373.75905911226
1,13,ptf4,Precious Metals,15932.688620541652
1,13,ptf4,Bonds,62545.83769606751
1,13,ptf4,Crypto,14938.994971753757
1,13,ptf4,Stocks,205140.9062863142
1,13,ptf5,Cash,45036.88524131238
1,13,ptf5,Real Estate,74586.43732675788
1,13,ptf5,Precious Metals,18646.60933168947
1,13,ptf5,Bonds,111879.6559901368
1,13,ptf5,Crypto,18646.60933168947
1,13,ptf5,Stocks,149172.87465351576
1,13,returns,Cash,0.0
1,13,returns,Money Market,-0.05119193661393545
1,13,returns,Bonds,-0.03840674173270365
1,13,returns,Stocks,0.37518906679780434
1,13,returns,Crypto,-0.1988358469887986
1,13,returns,Precious Metals,-0.1455449976385559
1,13,returns,Real Estate,-0.0028514335215381516
1,13,contributions,,0.0
1,13,withdrawals,,50000.0
1,13,availableCash,,0.0
1,13,cashBuffer,,150000.0
1,13,cashDepletion,,14603.354795248015
1,13,shortfall,,35396.645204751985
1,13,cashReplenishment,,45036.88524131238
1,13,financialGainLoss,,45036.88524131238
1,14,ptf_bop,Cash,45036.88524131238
1,14,ptf_bop,Real Estate,74586.43732675788
1,14,ptf_bop,Precious Metals,18646.60933168947
1,14,ptf_bop,Bonds,111879.6559901368
1,14,ptf_bop,Crypto,18646.60933168947
1,14,ptf_bop,Stocks,149172.87465351576
1,14,ptf_eop,Cash,36087.687548235175
1,14,ptf_eop,Real Estate,73593.81437502036
1,14,ptf_eop,Precious Metals,18398.45359375509
1,14,ptf_eop,Bonds,110390.72156253053
1,14,ptf_eop,Crypto,18398.45359375509
1,14,ptf_eop,Stocks,147187.62875004072
1,14,ptf1,Cash,0.0
1,14,ptf1,Real Estate,74586.43732675788
1,14,ptf1,Precious Metals,18646.60933168947
1,14,ptf1,Bonds,106916.54123144918
1,14,ptf1,Crypto,18646.60933168947
1,14,ptf1,Stocks,149172.87465351576
1,14,ptf2,Cash,0.0
1,14,ptf2,Real Estate,73593.81437502036
1,14,ptf2,Precious Metals,18398.45359375509
1,14,ptf2,Bonds,110390.72156253053
1,14,ptf2,Crypto,18398.45359375509
1,14,ptf2,Stocks,147187.62875004072
1,14,ptf3,Cash,0.0
1,14,ptf3,Real Estate,78276.93028128282
1,14,ptf3,Precious Metals,17835.924345622578
1,14,ptf3,Bonds,116374.11129108185
1,14,ptf3,Crypto,24174.752313235684
1,14,ptf3,Stocks,167395.04119211403
1,14,ptf4,Cash,36087.687548235175
1,14,ptf4,Real Estate,78276.93028128282
1,14,ptf4,Precious Metals,17835.924345622578
1,14,ptf4,Bonds,80286.42374284667
1,14,ptf4,Crypto,24174.752313235684
1,14,ptf4,Stocks,167395.04119211403
1,14,ptf5,Cash,36087.687548235175
1,14,ptf5,Real Estate,73593.81437502036
1,14,ptf5,Precious Metals,18398.45359375509
1,14,ptf5,Bonds,110390.72156253053
1,14,ptf5,Crypto,18398.45359375509
1,14,ptf5,Stocks,147187.62875004072
1,14,returns,Cash,0.0
1,14,returns,Money Market,0.0728521860251968
1,14,returns,Bonds,0.054201926066422504
1,14,returns,Stocks,0.13729015552244722
1,14,returns,Crypto,0.31395566426524124
1,14,returns,Precious Metals,-0.03057481137020398
1,14,returns,Real Estate,0.06363464030275937
1,14,contributions,,0.0
1,14,withdrawals,,50000.0
1,14,availableCash,,0.0
1,14,cashBuffer,,150000.0
1,14,cashDepletion,,45036.88524131238
1,14,shortfall,,4963.114758687618
1,14,cashReplenishment,,36087.687548235175
1,14,financialGainLoss,,36087.687548235175
1,15,ptf_bop,Cash,36087.687548235175
1,15,ptf_bop,Real Estate,73593.81437502036
1,15,ptf_bop,Precious Metals,18398.45359375509
1,15,ptf_bop,Bonds,110390.72156253053
1,15,ptf_bop,Crypto,18398.45359375509
1,15,ptf_bop,Stocks,147187.62875004072
1,15,ptf_eop,Cash,5689.590070254868
1,15,ptf_eop,Real Estate,70811.35188466738
1,15,ptf_eop,Precious Metals,17702.837971166846
1,15,ptf_eop,Bonds,106217.02782700109
1,15,ptf_eop,Crypto,17702.837971166846
1,15,ptf_eop,Stocks,141622.70376933477
1,15,ptf1,Cash,0.0
1,15,ptf1,Real Estate,73593.81437502036
1,15,ptf1,Precious Metals,18398.45359375509
1,15,ptf1,Bonds,96478.4091107657
1,15,ptf1,Crypto,18398.45359375509
1,15,ptf1,Stocks,147187.62875004072
1,15,ptf2,Cash,0.0
1,15,ptf2,Real Estate,70811.35188466738
1,15,ptf2,Precious Metals,17702.837971166846
1,15,ptf2,Bonds,106217.02782700109
1,15,ptf2,Crypto,17702.837971166846
1,15,ptf2,Stocks,141622.70376933477
1,15,ptf3,Cash,0.0
1,15,ptf3,Real Estate,64110.40644758259
1,15,ptf3,Precious Metals,15512.042178364787
1,15,ptf3,Bonds,100876.20238348236
1,15,ptf3,Crypto,16972.697013867644
1,15,ptf3,Stocks,162275.00147029443
1,15,ptf4,Cash,5689.590070254868
1,15,ptf4,Real Estate,64110.40644758259
1,15,ptf4,Precious Metals,15512.042178364787
1,15,ptf4,Bonds,95186.6123132275
1,15,ptf4,Crypto,16972.697013867644
1,15,ptf4,Stocks,162275.00147029443
1,15,ptf5,Cash,5689.590070254868
1,15,ptf5,Real Estate,70811.35188466738
1,15,ptf5,Precious Metals,17702.837971166846
1,15,ptf5,Bonds,106217.02782700109
1,15,ptf5,Crypto,17702.837971166846
1,15,ptf5,Stocks,141622.70376933477
1,15,returns,Cash,0.0
1,15,returns,Money Market,-0.02530306937886462
1,15,returns,Bonds,-0.05028219629923642
1,15,returns,Stocks,0.14582617865138847
1,15,returns,Crypto,-0.041244288542232985
1,15,returns,Precious Metals,-0.12375393122674883
1,15,returns,Real Estate,-0.09463094911672969
1,15,contributions,,0.0
1,15,withdrawals,,50000.0
1,15,availableCash,,0.0
1,15,cashBuffer,,150000.0
1,15,cashDepletion,,36087.687548235175
1,15,shortfall,,13912.312451764825
1,15,cashReplenishment,,5689.590070254868
1,15,financialGainLoss,,5689.590070254868
1,16,ptf_bop,Cash,5689.590070254868
1,16,ptf_bop,Real Estate,70811.35188466738
1,16,ptf_bop,Precious Metals,17702.837971166846
1,16,ptf_bop,Bonds,106217.02782700109
1,16,ptf_bop,Crypto,17702.837971166846
1,16,ptf_bop,Stocks,141622.70376933477
1,16,ptf_eop,Cash,0.0
1,16,ptf_eop,Real Estate,54325.08016025777
1,16,ptf_eop,Precious Metals,12285.97382210187
1,16,ptf_eop,Bonds,96548.92562849449
1,16,ptf_eop,Crypto,23955.796006441575
1,16,ptf_eop,Stocks,83808.18213273442
1,16,ptf1,Cash,0.0
1,16,ptf1,Real Estate,70811.35188466738
1,16,ptf1,Precious Metals,17702.837971166846
1,16,ptf1,Bonds,61906.61789725596
1,16,ptf1,Crypto,17702.837971166846
1,16,ptf1,Stocks,141622.70376933477
1,16,ptf2,Cash,0.0
1,16,ptf2,Real Estate,61949.26989871836
1,16,ptf2,Precious Metals,15487.31747467959
1,16,ptf2,Bonds,92923.90484807754
1,16,ptf2,Crypto,15487.31747467959
1,16,ptf2,Stocks,123898.53979743672
1,16,ptf3,Cash,0.0
1,16,ptf3,Real Estate,54325.08016025777
1,16,ptf3,Precious Metals,12285.97382210187
1,16,ptf3,Bonds,96548.92562849449
1,16,ptf3,Crypto,23955.796006441575
1,16,ptf3,Stocks,83808.18213273442
1,16,ptf4,Cash,0.0
1,16,ptf4,Real Estate,54325.08016025777
1,16,ptf4,Precious Metals,12285.97382210187
1,16,ptf4,Bonds,96548.92562849449
1,16,ptf4,Crypto,23955.796006441575
1,16,ptf4,Stocks,83808.18213273442
1,16,ptf5,Cash,0.0
1,16,ptf5,Real Estate,54325.08016025777
1,16,ptf5,Precious Metals,12285.97382210187
1,16,ptf5,Bonds,96548.92562849449
1,16,ptf5,Crypto,23955.796006441575
1,16,ptf5,Stocks,83808.18213273442
1,16,returns,Cash,0.0
1,16,returns,Money Market,0.0035399930250452883
1,16,returns,Bonds,0.039010637643172016
1,16,returns,Stocks,-0.3235740932076078
1,16,returns,Crypto,0.5468008611308709
1,16,returns,Precious Metals,-0.20670743386074683
1,16,returns,Real Estate,-0.12307150271384107
1,16,contributions,,0.0
1,16,withdrawals,,50000.0
1,16,availableCash,,0.0
1,16,cashBuffer,,150000.0
1,16,cashDepletion,,5689.590070254868
1,16,shortfall,,44310.40992974513
1,16,cashReplenishment,,0
1,16,financialGainLoss,,-38822.39174356172
1,17,ptf_bop,Cash,0.0
1,17,ptf_bop,Real Estate,54325.08016025777
1,17,ptf_bop,Precious Metals,12285.97382210187
1,17,ptf_bop,Bonds,96548.92562849449
1,17,ptf_bop,Crypto,23955.796006441575
1,17,ptf_bop,Stocks,83808.18213273442
1,17,ptf_eop,Cash,8057.006368640112
1,17,ptf_eop,Real Estate,44184.791550006026
1,17,ptf_eop,Precious Metals,11046.197887501507
1,17,ptf_eop,Bonds,66277.18732500904
1,17,ptf_eop,Crypto,11046.197887501507
1,17,ptf_eop,Stocks,88369.58310001205
1,17,ptf1,Cash,0.0
1,17,ptf1,Real Estate,54325.08016025777
1,17,ptf1,Precious Metals,12285.97382210187
1,17,ptf1,Bonds,46548.925628494486
1,17,ptf1,Crypto,23955.796006441575
1,17,ptf1,Stocks,83808.18213273442
1,17,ptf2,Cash,0.0
1,17,ptf2,Real Estate,44184.791550006026
1,17,ptf2,Precious Metals,11046.197887501507
1,17,ptf2,Bonds,66277.18732500904
1,17,ptf2,Crypto,11046.197887501507
1,17,ptf2,Stocks,88369.58310001205
1,17,ptf3,Cash,0.0
1,17,ptf3,Real Estate,47295.82912972371
1,17,ptf3,Precious Metals,8900.402160411422
1,17,ptf3,Bonds,60834.107086868615
1,17,ptf3,Crypto,15796.436849462003
1,17,ptf3,Stocks,96154.1888922045
1,17,ptf4,Cash,8057.006368640112
1,17,ptf4,Real Estate,47295.82912972371
1,17,ptf4,Precious Metals,8900.402160411422
1,17,ptf4,Bonds,52777.1007182285
1,17,ptf4,Crypto,15796.436849462003
1,17,ptf4,Stocks,96154.1888922045
1,17,ptf5,Cash,8057.006368640112
1,17,ptf5,Real Estate,44184.791550006026
1,17,ptf5,Precious Metals,11046.197887501507
1,17,ptf5,Bonds,66277.18732500904
1,17,ptf5,Crypto,11046.197887501507
1,17,ptf5,Stocks,88369.58310001205
1,17,returns,Cash,0.0
1,17,returns,Money Market,0.05709147206618293
1,17,returns,Bonds,-0.08212599927405993
1,17,returns,Stocks,0.08809146223290698
1,17,returns,Crypto,0.4300338460652847
1,17,returns,Precious Metals,-0.19425649883730564
1,17,returns,Real Estate,0.07040969235300727
1,17,contributions,,0.0
1,17,withdrawals,,50000.0
1,17,availableCash,,0.0
1,17,cashBuffer,,150000.0
1,17,cashDepletion,,0.0
1,17,shortfall,,50000.0
1,17,cashReplenishment,,8057.006368640112
1,17,financialGainLoss,,8057.006368640112
1,18,ptf_bop,Cash,8057.006368640112
1,18,ptf_bop,Real Estate,44184.791550006026
1,18,ptf_bop,Precious Metals,11046.197887501507
1,18,ptf_bop,Bonds,66277.18732500904
1,18,ptf_bop,Crypto,11046.197887501507
1,18,ptf_bop,Stocks,88369.58310001205
1,18,ptf_eop,Cash,55369.234824021376
1,18,ptf_eop,Real Estate,35796.19282373405
1,18,ptf_eop,Precious Metals,8949.048205933512
1,18,ptf_eop,Bonds,53694.28923560107
1,18,ptf_eop,Crypto,8949.048205933512
1,18,ptf_eop,Stocks,71592.3856474681
1,18,ptf1,Cash,0.0
1,18,ptf1,Real Estate,44184.791550006026
1,18,ptf1,Precious Metals,11046.197887501507
1,18,ptf1,Bonds,24334.193693649155
1,18,ptf1,Crypto,11046.197887501507
1,18,ptf1,Stocks,88369.58310001205
1,18,ptf2,Cash,0.0
1,18,ptf2,Real Estate,35796.19282373405
1,18,ptf2,Precious Metals,8949.048205933512
1,18,ptf2,Bonds,53694.28923560107
1,18,ptf2,Crypto,8949.048205933512
1,18,ptf2,Stocks,71592.3856474681
1,18,ptf3,Cash,0.0
1,18,ptf3,Real Estate,46187.869205984665
1,18,ptf3,Precious Metals,8637.866403521328
1,18,ptf3,Bonds,54248.233381033584
1,18,ptf3,Crypto,12215.89878429071
1,18,ptf3,Stocks,113060.33116786132
1,18,ptf4,Cash,55369.234824021376
1,18,ptf4,Real Estate,46187.869205984665
1,18,ptf4,Precious Metals,8637.866403521328
1,18,ptf4,Bonds,-1121.001442987792
1,18,ptf4,Crypto,12215.89878429071
1,18,ptf4,Stocks,113060.33116786132
1,18,ptf5,Cash,55369.234824021376
1,18,ptf5,Real Estate,35796.19282373405
1,18,ptf5,Precious Metals,8949.048205933512
1,18,ptf5,Bonds,53694.28923560107
1,18,ptf5,Crypto,8949.048205933512
1,18,ptf5,Stocks,71592.3856474681
1,18,returns,Cash,0.0
1,18,returns,Money Market,0.0426944850562703
1,18,returns,Bonds,0.010316630563855716
1,18,returns,Stocks,0.5792228481473959
1,18,returns,Crypto,0.365050059311466
1,18,returns,Precious Metals,-0.03477261438885315
1,18,returns,Real Estate,0.290301162288985
1,18,contributions,,0.0
1,18,withdrawals,,50000.0
1,18,availableCash,,0.0
1,18,cashBuffer,,150000.0
1,18,cashDepletion,,8057.006368640112
1,18,shortfall,,41942.99363135989
1,18,cashReplenishment,,55369.234824021376
1,18,financialGainLoss,,55369.234824021376
1,19,ptf_bop,Cash,55369.234824021376
1,19,ptf_bop,Real Estate,35796.19282373405
1,19,ptf_bop,Precious Metals,8949.048205933512
1,19,ptf_bop,Bonds,53694.28923560107
1,19,ptf_bop,Crypto,8949.048205933512
1,19,ptf_bop,Stocks,71592.3856474681
1,19,ptf_eop,Cash,17127.17700144439
1,19,ptf_eop,Real Estate,35796.19282373405
1,19,ptf_eop,Precious Metals,8949.048205933512
1,19,ptf_eop,Bonds,53694.28923560107
1,19,ptf_eop,Crypto,8949.048205933512
1,19,ptf_eop,Stocks,71592.3856474681
1,19,ptf1,Cash,5369.234824021376
1,19,ptf1,Real Estate,35796.19282373405
1,19,ptf1,Precious Metals,8949.048205933512
1,19,ptf1,Bonds,53694.28923560107
1,19,ptf1,Crypto,8949.048205933512
1,19,ptf1,Stocks,71592.3856474681
1,19,ptf2,Cash,5369.234824021376
1,19,ptf2,Real Estate,35796.19282373405
1,19,ptf2,Precious Metals,8949.048205933512
1,19,ptf2,Bonds,53694.28923560107
1,19,ptf2,Crypto,8949.048205933512
1,19,ptf2,Stocks,71592.3856474681
1,19,ptf3,Cash,5369.234824021376
1,19,ptf3,Real Estate,30415.860967231358
1,19,ptf3,Precious Metals,8664.177592143935
1,19,ptf3,Bonds,47798.16914570491
1,19,ptf3,Crypto,5947.95638232378
1,19,ptf3,Stocks,97912.74220868926
1,19,ptf4,Cash,17127.17700144439
1,19,ptf4,Real Estate,30415.860967231358
1,19,ptf4,Precious Metals,8664.177592143935
1,19,ptf4,Bonds,36040.226968281895
1,19,ptf4,Crypto,5947.95638232378
1,19,ptf4,Stocks,97912.74220868926
1,19,ptf5,Cash,17127.17700144439
1,19,ptf5,Real Estate,35796.19282373405
1,19,ptf5,Precious Metals,8949.048205933512
1,19,ptf5,Bonds,53694.28923560107
1,19,ptf5,Crypto,8949.048205933512
1,19,ptf5,Stocks,71592.3856474681
1,19,returns,Cash,0.0
1,19,returns,Money Market,-0.05410357949828103
1,19,returns,Bonds,-0.1098090723209879
1,19,returns,Stocks,0.36764184239964637
1,19,returns,Crypto,-0.33535318556222654
1,19,returns,Precious Metals,-0.031832504109286036
1,19,returns,Real Estate,-0.15030458359067034
1,19,contributions,,0.0
1,19,withdrawals,,50000.0
1,19,availableCash,,5369.234824021376
1,19,cashBuffer,,150000.0
1,19,cashDepletion,,50000.0
1,19,shortfall,,0.0
1,19,cashReplenishment,,11757.942177423014
1,19,financialGainLoss,,11757.942177423014
1,20,ptf_bop,Cash,17127.17700144439
1,20,ptf_bop,Real Estate,35796.19282373405
1,20,ptf_bop,Precious Metals,8949.048205933512
1,20,ptf_bop,Bonds,53694.28923560107
1,20,ptf_bop,Crypto,8949.048205933512
1,20,ptf_bop,Stocks,71592.3856474681
1,20,ptf_eop,Cash,21751.558807968453
1,20,ptf_eop,Real Estate,29221.628224022923
1,20,ptf_eop,Precious Metals,7305.407056005731
1,20,ptf_eop,Bonds,43832.442336034386
1,20,ptf_eop,Crypto,7305.407056005731
1,20,ptf_eop,Stocks,58443.256448045846
1,20,ptf1,Cash,0.0
1,20,ptf1,Real Estate,35796.19282373405
1,20,ptf1,Precious Metals,8949.048205933512
1,20,ptf1,Bonds,20821.46623704546
1,20,ptf1,Crypto,8949.048205933512
1,20,ptf1,Stocks,71592.3856474681
1,20,ptf2,Cash,0.0
1,20,ptf2,Real Estate,29221.628224022923
1,20,ptf2,Precious Metals,7305.407056005731
1,20,ptf2,Bonds,43832.442336034386
1,20,ptf2,Crypto,7305.407056005731
1,20,ptf2,Stocks,58443.256448045846
1,20,ptf3,Cash,0.0
1,20,ptf3,Real Estate,37200.43845144164
1,20,ptf3,Precious Metals,7557.98329047215
1,20,ptf3,Bonds,45689.890324013315
1,20,ptf3,Crypto,7822.800325062349
1,20,ptf3,Stocks,69588.58753709363
1,20,ptf4,Cash,21751.558807968453
1,20,ptf4,Real Estate,37200.43845144164
1,20,ptf4,Precious Metals,7557.98329047215
1,20,ptf4,Bonds,23938.331516044862
1,20,ptf4,Crypto,7822.800325062349
1,20,ptf4,Stocks,69588.58753709363
1,20,ptf5,Cash,21751.558807968453
1,20,ptf5,Real Estate,29221.628224022923
1,20,ptf5,Precious Metals,7305.407056005731
1,20,ptf5,Bonds,43832.442336034386
1,20,ptf5,Crypto,7305.407056005731
1,20,ptf5,Stocks,58443.256448045846
1,20,returns,Cash,0.0
1,20,returns,Money Market,0.03274467129764843
1,20,returns,Bonds,0.04237610064570654
1,20,returns,Stocks,0.19070345778825
1,20,returns,Crypto,0.07082333196358608
1,20,returns,Precious Metals,0.03457387555957983
1,20,returns,Real Estate,0.27304468341909127
1,20,contributions,,0.0
1,20,withdrawals,,50000.0
1,20,availableCash,,0.0
1,20,cashBuffer,,150000.0
1,20,cashDepletion,,17127.17700144439
1,20,shortfall,,32872.82299855561
1,20,cashReplenishment,,21751.558807968453
1,20,financialGainLoss,,21751.558807968453
2,1,ptf_bop,Cash,150000.0
2,1,ptf_bop,Real Estate,170000.0
2,1,ptf_bop,Precious Metals,42500.0
2,1,ptf_bop,Bonds,255000.0
2,1,ptf_bop,Crypto,42500.0
2,1,ptf_bop,Stocks,340000.0
2,1,ptf_eop,Cash,150000.0
2,1,ptf_eop,Real Estate,196115.6075731976
2,1,ptf_eop,Precious Metals,49028.9018932994
2,1,ptf_eop,Bonds,294173.41135979636
2,1,ptf_eop,Crypto,49028.9018932994
2,1,ptf_eop,Stocks,392231.2151463952
2,1,ptf1,Cash,100000.0
2,1,ptf1,Real Estate,170000.0
2,1,ptf1,Precious Metals,42500.0
2,1,ptf1,Bonds,255000.0
2,1,ptf1,Crypto,42500.0
2,1,ptf1,Stocks,340000.0
2,1,ptf2,Cash,100000.0
2,1,ptf2,Real Estate,170000.0
2,1,ptf2,Precious Metals,42500.0
2,1,ptf2,Bonds,255000.0
2,1,ptf2,Crypto,42500.0
2,1,ptf2,Stocks,340000.0
2,1,ptf3,Cash,100000.0
2,1,ptf3,Real Estate,187075.08755458466
2,1,ptf3,Precious Metals,41999.627997247444
2,1,ptf3,Bonds,245030.18296971754
2,1,ptf3,Crypto,51531.89242014777
2,1,ptf3,Stocks,504941.24692429043
2,1,ptf4,Cash,150000.0
2,1,ptf4,Real Estate,187075.08755458466
2,1,ptf4,Precious Metals,41999.627997247444
2,1,ptf4,Bonds,195030.18296971754
2,1,ptf4,Crypto,51531.89242014777
2,1,ptf4,Stocks,504941.24692429043
2,1,ptf5,Cash,150000.0
2,1,ptf5,Real Estate,196115.6075731976
2,1,ptf5,Precious Metals,49028.9018932994
2,1,ptf5,Bonds,294173.41135979636
2,1,ptf5,Crypto,49028.9018932994
2,1,ptf5,Stocks,392231.2151463952
2,1,returns,Cash,0.0
2,1,returns,Money Market,0.05017411732873301
2,1,returns,Bonds,-0.03909732168738218
2,1,returns,Stocks,0.4851213144832071
2,1,returns,Crypto,0.21251511576818294
2,1,returns,Precious Metals,-0.011773458888295521
2,1,returns,Real Estate,0.10044169149755672
2,1,contributions,,0.0
2,1,withdrawals,,50000.0
2,1,availableCash,,100000.0
2,1,cashBuffer,,150000.0
2,1,cashDepletion,,50000.0
2,1,shortfall,,0.0
2,1,cashReplenishment,,50000.0
2,1,financialGainLoss,,180578.03786598798
2,2,ptf_bop,Cash,150000.0
2,2,ptf_bop,Real Estate,196115.6075731976
2,2,ptf_bop,Precious Metals,49028.9018932994
2,2,ptf_bop,Bonds,294173.41135979636
2,2,ptf_bop,Crypto,49028.9018932994
2,2,ptf_bop,Stocks,392231.2151463952
2,2,ptf_eop,Cash,150000.0
2,2,ptf_eop,Real Estate,205711.6435423287
2,2,ptf_eop,Precious Metals,51427.910885582176
2,2,ptf_eop,Bonds,308567.46531349304
2,2,ptf_eop,Crypto,51427.910885582176
2,2,ptf_eop,Stocks,411423.2870846574
2,2,ptf1,Cash,100000.0
2,2,ptf1,Real Estate,196115.6075731976
2,2,ptf1,Precious Metals,49028.9018932994
2,2,ptf1,Bonds,294173.41135979636
2,2,ptf1,Crypto,49028.9018932994
2,2,ptf1,Stocks,392231.2151463952
2,2,ptf2,Cash,100000.0
2,2,ptf2,Real Estate,196115.6075731976
2,2,ptf2,Precious Metals,49028.9018932994
2,2,ptf2,Bonds,294173.41135979636
2,2,ptf2,Crypto,49028.9018932994
2,2,ptf2,Stocks,392231.2151463952
2,2,ptf3,Cash,100000.0
2,2,ptf3,Real Estate,172086.8931373733
2,2,ptf3,Precious Metals,48499.93911278368
2,2,ptf3,Bonds,302865.45968214923
2,2,ptf3,Crypto,68074.08487490179
2,2,ptf3,Stocks,487031.8409044355
2,2,ptf4,Cash,150000.0
2,2,ptf4,Real Estate,172086.8931373733
2,2,ptf4,Precious Metals,48499.93911278368
2,2,ptf4,Bonds,252865.45968214923
2,2,ptf4,Crypto,68074.08487490179
2,2,ptf4,Stocks,487031.8409044355
2,2,ptf5,Cash,150000.0
2,2,ptf5,Real Estate,205711.6435423287
2,2,ptf5,Precious Metals,51427.910885582176
2,2,ptf5,Bonds,308567.46531349304
2,2,ptf5,Crypto,51427.910885582176
2,2,ptf5,Stocks,411423.2870846574
2,2,returns,Cash,0.0
2,2,returns,Money Market,0.07951653344725695
2,2,returns,Bonds,0.029547362156812466
2,2,returns,Stocks,0.24169577049765692
2,2,returns,Crypto,0.388448083602811
2,2,returns,Precious Metals,-0.010788795181807033
2,2,returns,Real Estate,-0.12252321339012191
2,2,contributions,,0.0
2,2,withdrawals,,50000.0
2,2,availableCash,,100000.0
2,2,cashBuffer,,150000.0
2,2,cashDepletion,,50000.0
2,2,shortfall,,0.0
2,2,cashReplenishment,,50000.0
2,2,financialGainLoss,,97980.17984565557
2,3,ptf_bop,Cash,150000.0
2,3,ptf_bop,Real Estate,205711.6435423287
2,3,ptf_bop,Precious Metals,51427.910885582176
2,3,ptf_bop,Bonds,308567.46531349304
2,3,ptf_bop,Crypto,51427.910885582176
2,3,ptf_bop,Stocks,411423.2870846574
2,3,ptf_eop,Cash,100000.0
2,3,ptf_eop,Real Estate,181166.74852585478
2,3,ptf_eop,Precious Metals,59069.90628614752
2,3,ptf_eop,Bonds,341789.6023819837
2,3,ptf_eop,Crypto,28392.47663190736
2,3,ptf_eop,Stocks,384982.1900853195
2,3,ptf1,Cash,100000.0
2,3,ptf1,Real Estate,205711.6435423287
2,3,ptf1,Precious Metals,51427.910885582176
2,3,ptf1,Bonds,308567.46531349304
2,3,ptf1,Crypto,51427.910885582176
2,3,ptf1,Stocks,411423.2870846574
2,3,ptf2,Cash,100000.0
2,3,ptf2,Real Estate,205711.64354232873
2,3,ptf2,Precious Metals,51427.91088558218
2,3,ptf2,Bonds,308567.4653134931
2,3,ptf2,Crypto,51427.91088558218
2,3,ptf2,Stocks,411423.28708465747
2,3,ptf3,Cash,100000.0
2,3,ptf3,Real Estate,181166.74852585478
2,3,ptf3,Precious Metals,59069.90628614752
2,3,ptf3,Bonds,341789.6023819837
2,3,ptf3,Crypto,28392.47663190736
2,3,ptf3,Stocks,384982.1900853195
2,3,ptf4,Cash,100000.0
2,3,ptf4,Real Estate,181166.74852585478
2,3,ptf4,Precious Metals,59069.90628614752
2,3,ptf4,Bonds,341789.6023819837
2,3,ptf4,Crypto,28392.47663190736
2,3,ptf4,Stocks,384982.1900853195
2,3,ptf5,Cash,100000.0
2,3,ptf5,Real Estate,181166.74852585478
2,3,ptf5,Precious Metals,59069.90628614752
2,3,ptf5,Bonds,341789.6023819837
2,3,ptf5,Crypto,28392.47663190736
2,3,ptf5,Stocks,384982.1900853195
2,3,returns,Cash,0.0
2,3,returns,Money Market,-0.0019130098949828411
2,3,returns,Bonds,0.1076657159390999
2,3,returns,Stocks,-0.06426738064998545
2,3,returns,Crypto,-0.44791697459623636
2,3,returns,Precious Metals,0.14859626356527283
2,3,returns,Real Estate,-0.11931699438016206
2,3,contributions,,0.0
2,3,withdrawals,,50000.0
2,3,availableCash,,100000.0
2,3,cashBuffer,,150000.0
2,3,cashDepletion,,50000.0
2,3,shortfall,,0.0
2,3,cashReplenishment,,0
2,3,financialGainLoss,,-33157.29380043084
2,4,ptf_bop,Cash,100000.0
2,4,ptf_bop,Real Estate,181166.74852585478
2,4,ptf_bop,Precious Metals,59069.90628614752
2,4,ptf_bop,Bonds,341789.6023819837
2,4,ptf_bop,Crypto,28392.47663190736
2,4,ptf_bop,Stocks,384982.1900853195
2,4,ptf_eop,Cash,150000.0
2,4,ptf_eop,Real Estate,213133.7205759307
2,4,ptf_eop,Precious Metals,53283.430143982674
2,4,ptf_eop,Bonds,319700.58086389606
2,4,ptf_eop,Crypto,53283.430143982674
2,4,ptf_eop,Stocks,426267.4411518614
2,4,ptf1,Cash,50000.0
2,4,ptf1,Real Estate,181166.74852585478
2,4,ptf1,Precious Metals,59069.90628614752
2,4,ptf1,Bonds,341789.6023819837
2,4,ptf1,Crypto,28392.47663190736
2,4,ptf1,Stocks,384982.1900853195
2,4,ptf2,Cash,50000.0
2,4,ptf2,Real Estate,199080.18478224258
2,4,ptf2,Precious Metals,49770.046195560644
2,4,ptf2,Bonds,298620.27717336384
2,4,ptf2,Crypto,49770.046195560644
2,4,ptf2,Stocks,398160.36956448515
2,4,ptf3,Cash,50000.0
2,4,ptf3,Real Estate,182391.98289611127
2,4,ptf3,Precious Metals,55042.224891974845
2,4,ptf3,Bonds,299008.2650662006
2,4,ptf3,Crypto,53791.035905089106
2,4,ptf3,Stocks,575435.0941202777
2,4,ptf4,Cash,150000.0
2,4,ptf4,Real Estate,182391.98289611127
2,4,ptf4,Precious Metals,55042.224891974845
2,4,ptf4,Bonds,199008.26506620058
2,4,ptf4,Crypto,53791.035905089106
2,4,ptf4,Stocks,575435.0941202777
2,4,ptf5,Cash,150000.0
2,4,ptf5,Real Estate,213133.7205759307
2,4,ptf5,Precious Metals,53283.430143982674
2,4,ptf5,Bonds,319700.58086389606
2,4,ptf5,Crypto,53283.430143982674
2,4,ptf5,Stocks,426267.4411518614
2,4,returns,Cash,0.0
2,4,returns,Money Market,0.05262245213568339
2,4,returns,Bonds,0.0012992684104016039
2,4,returns,Stocks,0.4452344786340706
2,4,returns,Crypto,0.08079135980161346
2,4,returns,Precious Metals,0.1059307575423643
2,4,returns,Real Estate,-0.08382653403896098
2,4,contributions,,0.0
2,4,withdrawals,,50000.0
2,4,availableCash,,50000.0
2,4,cashBuffer,,150000.0
2,4,cashDepletion,,50000.0
2,4,shortfall,,0.0
2,4,cashReplenishment,,100000.0
2,4,financialGainLoss,,170267.67896844062
2,5,ptf_bop,Cash,150000.0
2,5,ptf_bop,Real Estate,213133.7205759307
2,5,ptf_bop,Precious Metals,53283.430143982674
2,5,ptf_bop,Bonds,319700.58086389606
2,5,ptf_bop,Crypto,53283.430143982674
2,5,ptf_bop,Stocks,426267.4411518614
2,5,ptf_eop,Cash,127975.12573067285
2,5,ptf_eop,Real Estate,213133.7205759307
2,5,ptf_eop,Precious Metals,53283.430143982674
2,5,ptf_eop,Bonds,319700.58086389606
2,5,ptf_eop,Crypto,53283.430143982674
2,5,ptf_eop,Stocks,426267.4411518614
2,5,ptf1,Cash,100000.0
2,5,ptf1,Real Estate,213133.7205759307
2,5,ptf1,Precious Metals,53283.430143982674
2,5,ptf1,Bonds,319700.58086389606
2,5,ptf1,Crypto,53283.430143982674
2,5,ptf1,Stocks,426267.4411518614
2,5,ptf2,Cash,100000.0
2,5,ptf2,Real Estate,213133.7205759307
2,5,ptf2,Precious Metals,53283.430143982674
2,5,ptf2,Bonds,319700.58086389606
2,5,ptf2,Crypto,53283.430143982674
2,5,ptf2,Stocks,426267.4411518614
2,5,ptf3,Cash,100000.0
2,5,ptf3,Real Estate,269957.42666304886
2,5,ptf3,Precious Metals,46332.411308122
2,5,ptf3,Bonds,370482.56315216376
2,5,ptf3,Crypto,29634.915897552393
2,5,ptf3,Stocks,377236.41158943926
2,5,ptf4,Cash,127975.12573067285
2,5,ptf4,Real Estate,269957.42666304886
2,5,ptf4,Precious Metals,46332.411308122
2,5,ptf4,Bonds,342507.4374214909
2,5,ptf4,Crypto,29634.915897552393
2,5,ptf4,Stocks,377236.41158943926
2,5,ptf5,Cash,127975.12573067285
2,5,ptf5,Real Estate,213133.7205759307
2,5,ptf5,Precious Metals,53283.430143982674
2,5,ptf5,Bonds,319700.58086389606
2,5,ptf5,Crypto,53283.430143982674
2,5,ptf5,Stocks,426267.4411518614
2,5,returns,Cash,0.0
2,5,returns,Money Market,0.04219096956875457
2,5,returns,Bonds,0.15884232099624096
2,5,returns,Stocks,-0.11502410184069024
2,5,returns,Crypto,-0.44382492235442017
2,5,returns,Precious Metals,-0.13045366668545183
2,5,returns,Real Estate,0.26661058575606406
2,5,contributions,,0.0
2,5,withdrawals,,50000.0
2,5,availableCash,,100000.0
2,5,cashBuffer,,150000.0
2,5,cashDepletion,,50000.0
2,5,shortfall,,0.0
2,5,cashReplenishment,,27975.12573067285
2,5,financialGainLoss,,27975.12573067285
2,6,ptf_bop,Cash,127975.12573067285
2,6,ptf_bop,Real Estate,213133.7205759307
2,6,ptf_bop,Precious Metals,53283.430143982674
2,6,ptf_bop,Bonds,319700.58086389606
2,6,ptf_bop,Crypto,53283.430143982674
2,6,ptf_bop,Stocks,426267.4411518614
2,6,ptf_eop,Cash,150000.0
2,6,ptf_eop,Real Estate,221847.98519264217
2,6,ptf_eop,Precious Metals,55461.99629816054
2,6,ptf_eop,Bonds,332771.97778896324
2,6,ptf_eop,Crypto,55461.99629816054
2,6,ptf_eop,Stocks,443695.97038528434
2,6,ptf1,Cash,77975.12573067285
2,6,ptf1,Real Estate,213133.7205759307
2,6,ptf1,Precious Metals,53283.430143982674
2,6,ptf1,Bonds,319700.58086389606
2,6,ptf1,Crypto,53283.430143982674
2,6,ptf1,Stocks,426267.4411518614
2,6,ptf2,Cash,77975.12573067285
2,6,ptf2,Real Estate,213133.7205759307
2,6,ptf2,Precious Metals,53283.430143982674
2,6,ptf2,Bonds,319700.58086389606
2,6,ptf2,Crypto,53283.430143982674
2,6,ptf2,Stocks,426267.4411518614
2,6,ptf3,Cash,77975.12573067285
2,6,ptf3,Real Estate,190446.82009139782
2,6,ptf3,Precious Metals,38505.806421957306
2,6,ptf3,Bonds,358580.1680802933
2,6,ptf3,Crypto,86985.64900994985
2,6,ptf3,Stocks,506746.35662893974
2,6,ptf4,Cash,150000.0
2,6,ptf4,Real Estate,190446.82009139782
2,6,ptf4,Precious Metals,38505.806421957306
2,6,ptf4,Bonds,286555.29381096613
2,6,ptf4,Crypto,86985.64900994985
2,6,ptf4,Stocks,506746.35662893974
2,6,ptf5,Cash,150000.0
2,6,ptf5,Real Estate,221847.98519264217
2,6,ptf5,Precious Metals,55461.99629816054
2,6,ptf5,Bonds,332771.97778896324
2,6,ptf5,Crypto,55461.99629816054
2,6,ptf5,Stocks,443695.97038528434
2,6,returns,Cash,0.0
2,6,returns,Money Market,0.024153055207984737
2,6,returns,Bonds,0.12161250101997513
2,6,returns,Stocks,0.18879911461125887
2,6,returns,Crypto,0.6325084322630302
2,6,returns,Precious Metals,-0.27733994756143177
2,6,returns,Real Estate,-0.10644444447001743
2,6,contributions,,0.0
2,6,withdrawals,,50000.0
2,6,availableCash,,77975.12573067285
2,6,cashBuffer,,150000.0
2,6,cashDepletion,,50000.0
2,6,shortfall,,0.0
2,6,cashReplenishment,,72024.87426932715
2,6,financialGainLoss,,115596.19735288457
2,7,ptf_bop,Cash,150000.0
2,7,ptf_bop,Real Estate,221847.98519264217
2,7,ptf_bop,Precious Metals,55461.99629816054
2,7,ptf_bop,Bonds,332771.97778896324
2,7,ptf_bop,Crypto,55461.99629816054
2,7,ptf_bop,Stocks,443695.97038528434
2,7,ptf_eop,Cash,150000.0
2,7,ptf_eop,Real Estate,225288.2262480852
2,7,ptf_eop,Precious Metals,56322.0565620213
2,7,ptf_eop,Bonds,337932.3393721278
2,7,ptf_eop,Crypto,56322.0565620213
2,7,ptf_eop,Stocks,450576.4524961704
2,7,ptf1,Cash,100000.0
2,7,ptf1,Real Estate,221847.98519264217
2,7,ptf1,Precious Metals,55461.99629816054
2,7,ptf1,Bonds,332771.97778896324
2,7,ptf1,Crypto,55461.99629816054
2,7,ptf1,Stocks,443695.97038528434
2,7,ptf2,Cash,100000.0
2,7,ptf2,Real Estate,221847.98519264214
2,7,ptf2,Precious Metals,55461.996298160535
2,7,ptf2,Bonds,332771.9777889632
2,7,ptf2,Crypto,55461.996298160535
2,7,ptf2,Stocks,443695.9703852843
2,7,ptf3,Cash,100000.0
2,7,ptf3,Real Estate,196605.63553228375
2,7,ptf3,Precious Metals,61939.826173789384
2,7,ptf3,Bonds,358640.01492661727
2,7,ptf3,Crypto,64367.112781849486
2,7,ptf3,Stocks,494888.5418258864
2,7,ptf4,Cash,150000.0
2,7,ptf4,Real Estate,196605.63553228375
2,7,ptf4,Precious Metals,61939.826173789384
2,7,ptf4,Bonds,308640.01492661727
2,7,ptf4,Crypto,64367.112781849486
2,7,ptf4,Stocks,494888.5418258864
2,7,ptf5,Cash,150000.0
2,7,ptf5,Real Estate,225288.2262480852
2,7,ptf5,Precious Metals,56322.0565620213
2,7,ptf5,Bonds,337932.3393721278
2,7,ptf5,Crypto,56322.0565620213
2,7,ptf5,Stocks,450576.4524961704
2,7,returns,Cash,0.0
2,7,returns,Money Market,-0.011132281891308271
2,7,returns,Bonds,0.07773502237036028
2,7,returns,Stocks,0.11537758928968624
2,7,returns,Crypto,0.1605624946461638
2,7,returns,Precious Metals,0.11679763275747236
2,7,returns,Real Estate,-0.11378219026167463
2,7,contributions,,0.0
2,7,withdrawals,,50000.0
2,7,availableCash,,100000.0
2,7,cashBuffer,,150000.0
2,7,cashDepletion,,50000.0
2,7,shortfall,,0.0
2,7,cashReplenishment,,50000.0
2,7,financialGainLoss,,67201.20527721569
2,8,ptf_bop,Cash,150000.0
2,8,ptf_bop,Real Estate,225288.2262480852
2,8,ptf_bop,Precious Metals,56322.0565620213
2,8,ptf_bop,Bonds,337932.3393721278
2,8,ptf_bop,Crypto,56322.0565620213
2,8,ptf_bop,Stocks,450576.4524961704
2,8,ptf_eop,Cash,146409.8054411672
2,8,ptf_eop,Real Estate,225288.22624808512
2,8,ptf_eop,Precious Metals,56322.05656202128
2,8,ptf_eop,Bonds,337932.33937212767
2,8,ptf_eop,Crypto,56322.05656202128
2,8,ptf_eop,Stocks,450576.45249617024
2,8,ptf1,Cash,100000.0
2,8,ptf1,Real Estate,225288.2262480852
2,8,ptf1,Precious Metals,56322.0565620213
2,8,ptf1,Bonds,337932.3393721278
2,8,ptf1,Crypto,56322.0565620213
2,8,ptf1,Stocks,450576.4524961704
2,8,ptf2,Cash,100000.0
2,8,ptf2,Real Estate,225288.22624808515
2,8,ptf2,Precious Metals,56322.05656202129
2,8,ptf2,Bonds,337932.3393721277
2,8,ptf2,Crypto,56322.05656202129
2,8,ptf2,Stocks,450576.4524961703
2,8,ptf3,Cash,100000.0
2,8,ptf3,Real Estate,273699.6862590993
2,8,ptf3,Precious Metals,50731.21288214679
2,8,ptf3,Bonds,308496.2463363991
2,8,ptf3,Crypto,60783.11603896178
2,8,ptf3,Stocks,479140.6751649859
2,8,ptf4,Cash,146409.8054411672
2,8,ptf4,Real Estate,273699.6862590993
2,8,ptf4,Precious Metals,50731.21288214679
2,8,ptf4,Bonds,262086.4408952319
2,8,ptf4,Crypto,60783.11603896178
2,8,ptf4,Stocks,479140.6751649859
2,8,ptf5,Cash,146409.8054411672
2,8,ptf5,Real Estate,225288.22624808512
2,8,ptf5,Precious Metals,56322.05656202128
2,8,ptf5,Bonds,337932.33937212767
2,8,ptf5,Crypto,56322.05656202128
2,8,ptf5,Stocks,450576.45249617024
2,8,returns,Cash,0.0
2,8,returns,Money Market,-0.0940254815583711
2,8,returns,Bonds,-0.08710646956849519
2,8,returns,Stocks,0.06339484123187357
2,8,returns,Crypto,0.07920626037559587
2,8,returns,Precious Metals,-0.09926561672544594
2,8,returns,Real Estate,0.21488677334475473
2,8,contributions,,0.0
2,8,withdrawals,,50000.0
2,8,availableCash,,100000.0
2,8,cashBuffer,,150000.0
2,8,cashDepletion,,50000.0
2,8,shortfall,,0.0
2,8,cashReplenishment,,46409.805441167206
2,8,financialGainLoss,,46409.805441167206
2,9,ptf_bop,Cash,146409.8054411672
2,9,ptf_bop,Real Estate,225288.22624808512
2,9,ptf_bop,Precious Metals,56322.05656202128
2,9,ptf_bop,Bonds,337932.33937212767
2,9,ptf_bop,Crypto,56322.05656202128
2,9,ptf_bop,Stocks,450576.45249617024
2,9,ptf_eop,Cash,150000.0
2,9,ptf_eop,Real Estate,251277.39691711895
2,9,ptf_eop,Precious Metals,62819.34922927974
2,9,ptf_eop,Bonds,376916.09537567844
2,9,ptf_eop,Crypto,62819.34922927974
2,9,ptf_eop,Stocks,502554.7938342379
2,9,ptf1,Cash,96409.8054411672
2,9,ptf1,Real Estate,225288.22624808512
2,9,ptf1,Precious Metals,56322.05656202128
2,9,ptf1,Bonds,337932.33937212767
2,9,ptf1,Crypto,56322.05656202128
2,9,ptf1,Stocks,450576.45249617024
2,9,ptf2,Cash,96409.8054411672
2,9,ptf2,Real Estate,225288.2262480851
2,9,ptf2,Precious Metals,56322.05656202127
2,9,ptf2,Bonds,337932.33937212767
2,9,ptf2,Crypto,56322.05656202127
2,9,ptf2,Stocks,450576.4524961702
2,9,ptf3,Cash,96409.8054411672
2,9,ptf3,Real Estate,260006.37874904097
2,9,ptf3,Precious Metals,53032.82852996327
2,9,ptf3,Bonds,319506.62071948306
2,9,ptf3,Crypto,41686.48365533267
2,9,ptf3,Stocks,635744.8674906075
2,9,ptf4,Cash,150000.0
2,9,ptf4,Real Estate,260006.37874904097
2,9,ptf4,Precious Metals,53032.82852996327
2,9,ptf4,Bonds,265916.42616065027
2,9,ptf4,Crypto,41686.48365533267
2,9,ptf4,Stocks,635744.8674906075
2,9,ptf5,Cash,150000.0
2,9,ptf5,Real Estate,251277.39691711895
2,9,ptf5,Precious Metals,62819.34922927974
2,9,ptf5,Bonds,376916.09537567844
2,9,ptf5,Crypto,62819.34922927974
2,9,ptf5,Stocks,502554.7938342379
2,9,returns,Cash,0.0
2,9,returns,Money Market,-0.054378386840380204
2,9,returns,Bonds,-0.054524875266093946
2,9,returns,Stocks,0.4109589259905039
2,9,returns,Crypto,-0.25985508697772886
2,9,returns,Precious Metals,-0.05840035383714973
2,9,returns,Real Estate,0.15410549001670698
2,9,contributions,,0.0
2,9,withdrawals,,50000.0
2,9,availableCash,,96409.8054411672
2,9,cashBuffer,,150000.0
2,9,cashDepletion,,50000.0
2,9,shortfall,,0.0
2,9,cashReplenishment,,53590.194558832794
2,9,financialGainLoss,,183536.04790400225
2,10,ptf_bop,Cash,150000.0
2,10,ptf_bop,Real Estate,251277.39691711895
2,10,ptf_bop,Precious Metals,62819.34922927974
2,10,ptf_bop,Bonds,376916.09537567844
2,10,ptf_bop,Crypto,62819.34922927974
2,10,ptf_bop,Stocks,502554.7938342379
2,10,ptf_eop,Cash,100000.0
2,10,ptf_eop,Real Estate,292884.0321964997
2,10,ptf_eop,Precious Metals,71281.19706016847
2,10,ptf_eop,Bonds,421851.6256733062
2,10,ptf_eop,Crypto,50263.41100108121
2,10,ptf_eop,Stocks,406607.67948457395
2,10,ptf1,Cash,100000.0
2,10,ptf1,Real Estate,251277.39691711895
2,10,ptf1,Precious Metals,62819.34922927974
2,10,ptf1,Bonds,376916.09537567844
2,10,ptf1,Crypto,62819.34922927974
2,10,ptf1,Stocks,502554.7938342379
2,10,ptf2,Cash,100000.0
2,10,ptf2,Real Estate,251277.39691711895
2,10,ptf2,Precious Metals,62819.34922927974
2,10,ptf2,Bonds,376916.09537567844
2,10,ptf2,Crypto,62819.34922927974
2,10,ptf2,Stocks,502554.7938342379
2,10,ptf3,Cash,100000.0
2,10,ptf3,Real Estate,292884.0321964997
2,10,ptf3,Precious Metals,71281.19706016847
2,10,ptf3,Bonds,421851.6256733062
2,10,ptf3,Crypto,50263.41100108121
2,10,ptf3,Stocks,406607.67948457395
2,10,ptf4,Cash,100000.0
2,10,ptf4,Real Estate,292884.0321964997
2,10,ptf4,Precious Metals,71281.19706016847
2,10,ptf4,Bonds,421851.6256733062
2,10,ptf4,Crypto,50263.41100108121
2,10,ptf4,Stocks,406607.67948457395
2,10,ptf5,Cash,100000.0
2,10,ptf5,Real Estate,292884.0321964997
2,10,ptf5,Precious Metals,71281.19706016847
2,10,ptf5,Bonds,421851.6256733062
2,10,ptf5,Crypto,50263.41100108121
2,10,ptf5,Stocks,406607.67948457395
2,10,returns,Cash,0.0
2,10,returns,Money Market,-0.009130378272548343
2,10,returns,Bonds,0.11921892126373589
2,10,returns,Stocks,-0.19091871279873027
2,10,returns,Crypto,-0.19987373925781257
2,10,returns,Precious Metals,0.1347012972070827
2,10,returns,Real Estate,0.16558049307198225
2,10,contributions,,0.0
2,10,withdrawals,,50000.0
2,10,availableCash,,100000.0
2,10,cashBuffer,,150000.0
2,10,cashDepletion,,50000.0
2,10,shortfall,,0.0
2,10,cashReplenishment,,0
2,10,financialGainLoss,,-13499.039169965312
2,11,ptf_bop,Cash,100000.0
2,11,ptf_bop,Real Estate,292884.0321964997
2,11,ptf_bop,Precious Metals,71281.19706016847
2,11,ptf_bop,Bonds,421851.6256733062
2,11,ptf_bop,Crypto,50263.41100108121
2,11,ptf_bop,Stocks,406607.67948457395
2,11,ptf_eop,Cash,56765.60446776333
2,11,ptf_eop,Real Estate,248577.5890831259
2,11,ptf_eop,Precious Metals,62144.397270781476
2,11,ptf_eop,Bonds,372866.38362468884
2,11,ptf_eop,Crypto,62144.397270781476
2,11,ptf_eop,Stocks,497155.1781662518
2,11,ptf1,Cash,50000.0
2,11,ptf1,Real Estate,292884.0321964997
2,11,ptf1,Precious Metals,71281.19706016847
2,11,ptf1,Bonds,421851.6256733062
2,11,ptf1,Crypto,50263.41100108121
2,11,ptf1,Stocks,406607.67948457395
2,11,ptf2,Cash,50000.0
2,11,ptf2,Real Estate,248577.5890831259
2,11,ptf2,Precious Metals,62144.397270781476
2,11,ptf2,Bonds,372866.38362468884
2,11,ptf2,Crypto,62144.397270781476
2,11,ptf2,Stocks,497155.1781662518
2,11,ptf3,Cash,50000.0
2,11,ptf3,Real Estate,288896.06430856016
2,11,ptf3,Precious Metals,49783.42610592707
2,11,ptf3,Bonds,372219.7540045036
2,11,ptf3,Crypto,83850.04696762007
2,11,ptf3,Stocks,454904.2584967821
2,11,ptf4,Cash,56765.60446776333
2,11,ptf4,Real Estate,288896.06430856016
2,11,ptf4,Precious Metals,49783.42610592707
2,11,ptf4,Bonds,365454.14953674027
2,11,ptf4,Crypto,83850.04696762007
2,11,ptf4,Stocks,454904.2584967821
2,11,ptf5,Cash,56765.60446776333
2,11,ptf5,Real Estate,248577.5890831259
2,11,ptf5,Precious Metals,62144.397270781476
2,11,ptf5,Bonds,372866.38362468884
2,11,ptf5,Crypto,62144.397270781476
2,11,ptf5,Stocks,497155.1781662518
2,11,returns,Cash,0.0
2,11,returns,Money Market,0.027033649913579462
2,11,returns,Bonds,-0.0017342127061690427
2,11,returns,Stocks,-0.08498537584444257
2,11,returns,Crypto,0.34927766057912973
2,11,returns,Precious Metals,-0.19890725001312684
2,11,returns,Real Estate,0.16219674257099478
2,11,contributions,,0.0
2,11,withdrawals,,50000.0
2,11,availableCash,,50000.0
2,11,cashBuffer,,150000.0
2,11,cashDepletion,,50000.0
2,11,shortfall,,0.0
2,11,cashReplenishment,,6765.604467763333
2,11,financialGainLoss,,6765.604467763333
2,12,ptf_bop,Cash,56765.60446776333
2,12,ptf_bop,Real Estate,248577.5890831259
2,12,ptf_bop,Precious Metals,62144.397270781476
2,12,ptf_bop,Bonds,372866.38362468884
2,12,ptf_bop,Crypto,62144.397270781476
2,12,ptf_bop,Stocks,497155.1781662518
2,12,ptf_eop,Cash,6765.604467763333
2,12,ptf_eop,Real Estate,200942.85849549016
2,12,ptf_eop,Precious Metals,71738.33241432626
2,12,ptf_eop,Bonds,383781.6495044067
2,12,ptf_eop,Crypto,45606.80871766464
2,12,ptf_eop,Stocks,511755.81595585664
2,12,ptf1,Cash,6765.604467763333
2,12,ptf1,Real Estate,248577.5890831259
2,12,ptf1,Precious Metals,62144.397270781476
2,12,ptf1,Bonds,372866.38362468884
2,12,ptf1,Crypto,62144.397270781476
2,12,ptf1,Stocks,497155.1781662518
2,12,ptf2,Cash,6765.604467763333
2,12,ptf2,Real Estate,248577.58908312584
2,12,ptf2,Precious Metals,62144.39727078146
2,12,ptf2,Bonds,372866.3836246888
2,12,ptf2,Crypto,62144.39727078146
2,12,ptf2,Stocks,497155.1781662517
2,12,ptf3,Cash,6765.604467763333
2,12,ptf3,Real Estate,200942.85849549016
2,12,ptf3,Precious Metals,71738.33241432626
2,12,ptf3,Bonds,383781.6495044067
2,12,ptf3,Crypto,45606.80871766464
2,12,ptf3,Stocks,511755.81595585664
2,12,ptf4,Cash,6765.604467763333
2,12,ptf4,Real Estate,200942.85849549016
2,12,ptf4,Precious Metals,71738.33241432626
2,12,ptf4,Bonds,383781.6495044067
2,12,ptf4,Crypto,45606.80871766464
2,12,ptf4,Stocks,511755.81595585664
2,12,ptf5,Cash,6765.604467763333
2,12,ptf5,Real Estate,200942.85849549016
2,12,ptf5,Precious Metals,71738.33241432626
2,12,ptf5,Bonds,383781.6495044067
2,12,ptf5,Crypto,45606.80871766464
2,12,ptf5,Stocks,511755.81595585664
2,12,returns,Cash,0.0
2,12,returns,Money Market,-0.01345565495017186
2,12,returns,Bonds,0.02927393393206708
2,12,returns,Stocks,0.0293683711461261
2,12,returns,Crypto,-0.2661155193292434
2,12,returns,Precious Metals,0.15438133709369145
2,12,returns,Real Estate,-0.19162922435339233
2,12,contributions,,0.0
2,12,withdrawals,,50000.0
2,12,availableCash,,6765.604467763333
2,12,cashBuffer,,150000.0
2,12,cashDepletion,,50000.0
2,12,shortfall,,0.0
2,12,cashReplenishment,,0
2,12,financialGainLoss,,-29062.4803278849
2,13,ptf_bop,Cash,6765.604467763333
2,13,ptf_bop,Real Estate,200942.85849549016
2,13,ptf_bop,Precious Metals,71738.33241432626
2,13,ptf_bop,Bonds,383781.6495044067
2,13,ptf_bop,Crypto,45606.80871766464
2,13,ptf_bop,Stocks,511755.81595585664
2,13,ptf_eop,Cash,0.0
2,13,ptf_eop,Real Estate,249234.03538694413
2,13,ptf_eop,Precious Metals,46829.08063977003
2,13,ptf_eop,Bonds,382591.08290654223
2,13,ptf_eop,Crypto,39664.884182546746
2,13,ptf_eop,Stocks,438011.4375933685
2,13,ptf1,Cash,0.0
2,13,ptf1,Real Estate,200942.85849549016
2,13,ptf1,Precious Metals,71738.33241432626
2,13,ptf1,Bonds,340547.25397217006
2,13,ptf1,Crypto,45606.80871766464
2,13,ptf1,Stocks,511755.81595585664
2,13,ptf2,Cash,0.0
2,13,ptf2,Real Estate,234118.2139111016
2,13,ptf2,Precious Metals,58529.5534777754
2,13,ptf2,Bonds,351177.3208666524
2,13,ptf2,Crypto,58529.5534777754
2,13,ptf2,Stocks,468236.4278222032
2,13,ptf3,Cash,0.0
2,13,ptf3,Real Estate,249234.03538694413
2,13,ptf3,Precious Metals,46829.08063977003
2,13,ptf3,Bonds,382591.08290654223
2,13,ptf3,Crypto,39664.884182546746
2,13,ptf3,Stocks,438011.4375933685
2,13,ptf4,Cash,0.0
2,13,ptf4,Real Estate,249234.03538694413
2,13,ptf4,Precious Metals,46829.08063977003
2,13,ptf4,Bonds,382591.08290654223
2,13,ptf4,Crypto,39664.884182546746
2,13,ptf4,Stocks,438011.4375933685
2,13,ptf5,Cash,0.0
2,13,ptf5,Real Estate,249234.03538694413
2,13,ptf5,Precious Metals,46829.08063977003
2,13,ptf5,Bonds,382591.08290654223
2,13,ptf5,Crypto,39664.884182546746
2,13,ptf5,Stocks,438011.4375933685
2,13,returns,Cash,0.0
2,13,returns,Money Market,0.013648668874544221
2,13,returns,Bonds,0.08945270714625131
2,13,returns,Stocks,-0.06455070223692971
2,13,returns,Crypto,-0.32231015229582893
2,13,returns,Precious Metals,-0.19990709210601143
2,13,returns,Real Estate,0.06456491027896809
2,13,contributions,,0.0
2,13,withdrawals,,50000.0
2,13,availableCash,,0.0
2,13,cashBuffer,,150000.0
2,13,cashDepletion,,6765.604467763333
2,13,shortfall,,43234.39553223667
2,13,cashReplenishment,,0
2,13,financialGainLoss,,-14260.548846336314
2,14,ptf_bop,Cash,0.0
2,14,ptf_bop,Real Estate,249234.03538694413
2,14,ptf_bop,Precious Metals,46829.08063977003
2,14,ptf_bop,Bonds,382591.08290654223
2,14,ptf_bop,Crypto,39664.884182546746
2,14,ptf_bop,Stocks,438011.4375933685
2,14,ptf_eop,Cash,73600.58587390953
2,14,ptf_eop,Real Estate,221266.1041418343
2,14,ptf_eop,Precious Metals,55316.52603545858
2,14,ptf_eop,Bonds,331899.1562127514
2,14,ptf_eop,Crypto,55316.52603545858
2,14,ptf_eop,Stocks,442532.2082836686
2,14,ptf1,Cash,0.0
2,14,ptf1,Real Estate,249234.03538694413
2,14,ptf1,Precious Metals,46829.08063977003
2,14,ptf1,Bonds,332591.08290654223
2,14,ptf1,Crypto,39664.884182546746
2,14,ptf1,Stocks,438011.4375933685
2,14,ptf2,Cash,0.0
2,14,ptf2,Real Estate,221266.10414183434
2,14,ptf2,Precious Metals,55316.526035458584
2,14,ptf2,Bonds,331899.1562127515
2,14,ptf2,Crypto,55316.526035458584
2,14,ptf2,Stocks,442532.2082836687
2,14,ptf3,Cash,0.0
2,14,ptf3,Real Estate,207472.04094199822
2,14,ptf3,Precious Metals,48176.05377193082
2,14,ptf3,Bonds,260834.94568644968
2,14,ptf3,Crypto,56768.08766774389
2,14,ptf3,Stocks,606679.9785149584
2,14,ptf4,Cash,73600.58587390953
2,14,ptf4,Real Estate,207472.04094199822
2,14,ptf4,Precious Metals,48176.05377193082
2,14,ptf4,Bonds,187234.35981254015
2,14,ptf4,Crypto,56768.08766774389
2,14,ptf4,Stocks,606679.9785149584
2,14,ptf5,Cash,73600.58587390953
2,14,ptf5,Real Estate,221266.1041418343
2,14,ptf5,Precious Metals,55316.52603545858
2,14,ptf5,Bonds,331899.1562127514
2,14,ptf5,Crypto,55316.52603545858
2,14,ptf5,Stocks,442532.2082836686
2,14,returns,Cash,0.0
2,14,returns,Money Market,-0.06495010192239287
2,14,returns,Bonds,-0.21411386319026618
2,14,returns,Stocks,0.37092841415526756
2,14,returns,Crypto,0.026241012158913214
2,14,returns,Precious Metals,-0.129083888220866
2,14,returns,Real Estate,-0.062341510704205995
2,14,contributions,,0.0
2,14,withdrawals,,50000.0
2,14,availableCash,,0.0
2,14,cashBuffer,,150000.0
2,14,cashDepletion,,0.0
2,14,shortfall,,50000.0
2,14,cashReplenishment,,73600.58587390953
2,14,financialGainLoss,,73600.58587390953
2,15,ptf_bop,Cash,73600.58587390953
2,15,ptf_bop,Real Estate,221266.1041418343
2,15,ptf_bop,Precious Metals,55316.52603545858
2,15,ptf_bop,Bonds,331899.1562127514
2,15,ptf_bop,Crypto,55316.52603545858
2,15,ptf_bop,Stocks,442532.2082836686
2,15,ptf_eop,Cash,92630.78260718612
2,15,ptf_eop,Real Estate,221266.1041418343
2,15,ptf_eop,Precious Metals,55316.52603545858
2,15,ptf_eop,Bonds,331899.1562127514
2,15,ptf_eop,Crypto,55316.52603545858
2,15,ptf_eop,Stocks,442532.2082836686
2,15,ptf1,Cash,23600.585873909527
2,15,ptf1,Real Estate,221266.1041418343
2,15,ptf1,Precious Metals,55316.52603545858
2,15,ptf1,Bonds,331899.1562127514
2,15,ptf1,Crypto,55316.52603545858
2,15,ptf1,Stocks,442532.2082836686
2,15,ptf2,Cash,23600.585873909527
2,15,ptf2,Real Estate,221266.1041418343
2,15,ptf2,Precious Metals,55316.52603545858
2,15,ptf2,Bonds,331899.1562127514
2,15,ptf2,Crypto,55316.52603545858
2,15,ptf2,Stocks,442532.2082836686
2,15,ptf3,Cash,23600.585873909527
2,15,ptf3,Real Estate,261716.6304108905
2,15,ptf3,Precious Metals,53401.33866332581
2,15,ptf3,Bonds,348923.97865475435
2,15,ptf3,Crypto,29456.07411527157
2,15,ptf3,Stocks,481862.6955982059
2,15,ptf4,Cash,92630.78260718612
2,15,ptf4,Real Estate,261716.6304108905
2,15,ptf4,Precious Metals,53401.33866332581
2,15,ptf4,Bonds,279893.78192147776
2,15,ptf4,Crypto,29456.07411527157
2,15,ptf4,Stocks,481862.6955982059
2,15,ptf5,Cash,92630.78260718612
2,15,ptf5,Real Estate,221266.1041418343
2,15,ptf5,Precious Metals,55316.52603545858
2,15,ptf5,Bonds,331899.1562127514
2,15,ptf5,Crypto,55316.52603545858
2,15,ptf5,Stocks,442532.2082836686
2,15,returns,Cash,0.0
2,15,returns,Money Market,0.024295364280977498
2,15,returns,Bonds,0.051295166388099556
2,15,returns,Stocks,0.08887598818417747
2,15,returns,Crypto,-0.46749956610814886
2,15,returns,Precious Metals,-0.03462233638650968
2,15,returns,Real Estate,0.18281393088173567
2,15,contributions,,0.0
2,15,withdrawals,,50000.0
2,15,availableCash,,23600.585873909527
2,15,cashBuffer,,150000.0
2,15,cashDepletion,,50000.0
2,15,shortfall,,0.0
2,15,cashReplenishment,,69030.19673327659
2,15,financialGainLoss,,69030.19673327659
2,16,ptf_bop,Cash,92630.78260718612
2,16,ptf_bop,Real Estate,221266.1041418343
2,16,ptf_bop,Precious Metals,55316.52603545858
2,16,ptf_bop,Bonds,331899.1562127514
2,16,ptf_bop,Crypto,55316.52603545858
2,16,ptf_bop,Stocks,442532.2082836686
2,16,ptf_eop,Cash,150000.0
2,16,ptf_eop,Real Estate,236011.25378496834
2,16,ptf_eop,Precious Metals,59002.813446242086
2,16,ptf_eop,Bonds,354016.88067745254
2,16,ptf_eop,Crypto,59002.813446242086
2,16,ptf_eop,Stocks,472022.5075699367
2,16,ptf1,Cash,42630.78260718612
2,16,ptf1,Real Estate,221266.1041418343
2,16,ptf1,Precious Metals,55316.52603545858
2,16,ptf1,Bonds,331899.1562127514
2,16,ptf1,Crypto,55316.52603545858
2,16,ptf1,Stocks,442532.2082836686
2,16,ptf2,Cash,42630.78260718612
2,16,ptf2,Real Estate,221266.1041418343
2,16,ptf2,Precious Metals,55316.52603545858
2,16,ptf2,Bonds,331899.1562127514
2,16,ptf2,Crypto,55316.52603545858
2,16,ptf2,Stocks,442532.2082836686
2,16,ptf3,Cash,42630.78260718612
2,16,ptf3,Real Estate,303369.4465045659
2,16,ptf3,Precious Metals,50874.7612113949
2,16,ptf3,Bonds,407057.37957145955
2,16,ptf3,Crypto,26237.713688895692
2,16,ptf3,Stocks,499886.1853413395
2,16,ptf4,Cash,150000.0
2,16,ptf4,Real Estate,303369.4465045659
2,16,ptf4,Precious Metals,50874.7612113949
2,16,ptf4,Bonds,299688.16217864567
2,16,ptf4,Crypto,26237.713688895692
2,16,ptf4,Stocks,499886.1853413395
2,16,ptf5,Cash,150000.0
2,16,ptf5,Real Estate,236011.25378496834
2,16,ptf5,Precious Metals,59002.813446242086
2,16,ptf5,Bonds,354016.88067745254
2,16,ptf5,Crypto,59002.813446242086
2,16,ptf5,Stocks,472022.5075699367
2,16,returns,Cash,0.0
2,16,returns,Money Market,0.04145734494662527
2,16,returns,Bonds,0.2264489738881133
2,16,returns,Stocks,0.12960407397263674
2,16,returns,Crypto,-0.525680378553111
2,16,returns,Precious Metals,-0.0802972482620555
2,16,returns,Real Estate,0.3710615445649203
2,16,contributions,,0.0
2,16,withdrawals,,50000.0
2,16,availableCash,,42630.78260718612
2,16,cashBuffer,,150000.0
2,16,cashDepletion,,50000.0
2,16,shortfall,,0.0
2,16,cashReplenishment,,107369.21739281388
2,16,financialGainLoss,,181094.9656084841
2,17,ptf_bop,Cash,150000.0
2,17,ptf_bop,Real Estate,236011.25378496834
2,17,ptf_bop,Precious Metals,59002.813446242086
2,17,ptf_bop,Bonds,354016.88067745254
2,17,ptf_bop,Crypto,59002.813446242086
2,17,ptf_bop,Stocks,472022.5075699367
2,17,ptf_eop,Cash,100000.0
2,17,ptf_eop,Real Estate,256454.35385436798
2,17,ptf_eop,Precious Metals,57159.30667423097
2,17,ptf_eop,Bonds,415241.57450352615
2,17,ptf_eop,Crypto,9897.103431788186
2,17,ptf_eop,Stocks,416348.0499605834
2,17,ptf1,Cash,100000.0
2,17,ptf1,Real Estate,236011.25378496834
2,17,ptf1,Precious Metals,59002.813446242086
2,17,ptf1,Bonds,354016.88067745254
2,17,ptf1,Crypto,59002.813446242086
2,17,ptf1,Stocks,472022.5075699367
2,17,ptf2,Cash,100000.0
2,17,ptf2,Real Estate,236011.25378496837
2,17,ptf2,Precious Metals,59002.81344624209
2,17,ptf2,Bonds,354016.88067745254
2,17,ptf2,Crypto,59002.81344624209
2,17,ptf2,Stocks,472022.50756993674
2,17,ptf3,Cash,100000.0
2,17,ptf3,Real Estate,256454.35385436798
2,17,ptf3,Precious Metals,57159.30667423097
2,17,ptf3,Bonds,415241.57450352615
2,17,ptf3,Crypto,9897.103431788186
2,17,ptf3,Stocks,416348.0499605834
2,17,ptf4,Cash,100000.0
2,17,ptf4,Real Estate,256454.35385436798
2,17,ptf4,Precious Metals,57159.30667423097
2,17,ptf4,Bonds,415241.57450352615
2,17,ptf4,Crypto,9897.103431788186
2,17,ptf4,Stocks,416348.0499605834
2,17,ptf5,Cash,100000.0
2,17,ptf5,Real Estate,256454.35385436798
2,17,ptf5,Precious Metals,57159.30667423097
2,17,ptf5,Bonds,415241.57450352615
2,17,ptf5,Crypto,9897.103431788186
2,17,ptf5,Stocks,416348.0499605834
2,17,returns,Cash,0.0
2,17,returns,Money Market,0.07122887435025935
2,17,returns,Bonds,0.17294286563090733
2,17,returns,Stocks,-0.11794873489396984
2,17,returns,Crypto,-0.8322604829546728
2,17,returns,Precious Metals,-0.03124438758654726
2,17,returns,Real Estate,0.0866191748975897
2,17,contributions,,0.0
2,17,withdrawals,,50000.0
2,17,availableCash,,100000.0
2,17,cashBuffer,,150000.0
2,17,cashDepletion,,50000.0
2,17,shortfall,,0.0
2,17,cashReplenishment,,0
2,17,financialGainLoss,,-24955.880500345258
2,18,ptf_bop,Cash,100000.0
2,18,ptf_bop,Real Estate,256454.35385436798
2,18,ptf_bop,Precious Metals,57159.30667423097
2,18,ptf_bop,Bonds,415241.57450352615
2,18,ptf_bop,Crypto,9897.103431788186
2,18,ptf_bop,Stocks,416348.0499605834
2,18,ptf_eop,Cash,50000.0
2,18,ptf_eop,Real Estate,245865.89255949168
2,18,ptf_eop,Precious Metals,51363.39440018771
2,18,ptf_eop,Bonds,327287.30334895005
2,18,ptf_eop,Crypto,19598.98908208303
2,18,ptf_eop,Stocks,495062.1042044774
2,18,ptf1,Cash,50000.0
2,18,ptf1,Real Estate,256454.35385436798
2,18,ptf1,Precious Metals,57159.30667423097
2,18,ptf1,Bonds,415241.57450352615
2,18,ptf1,Crypto,9897.103431788186
2,18,ptf1,Stocks,416348.0499605834
2,18,ptf2,Cash,50000.0
2,18,ptf2,Real Estate,231020.07768489936
2,18,ptf2,Precious Metals,57755.01942122484
2,18,ptf2,Bonds,346530.116527349
2,18,ptf2,Crypto,57755.01942122484
2,18,ptf2,Stocks,462040.1553697987
2,18,ptf3,Cash,50000.0
2,18,ptf3,Real Estate,245865.89255949168
2,18,ptf3,Precious Metals,51363.39440018771
2,18,ptf3,Bonds,327287.30334895005
2,18,ptf3,Crypto,19598.98908208303
2,18,ptf3,Stocks,495062.1042044774
2,18,ptf4,Cash,50000.0
2,18,ptf4,Real Estate,245865.89255949168
2,18,ptf4,Precious Metals,51363.39440018771
2,18,ptf4,Bonds,327287.30334895005
2,18,ptf4,Crypto,19598.98908208303
2,18,ptf4,Stocks,495062.1042044774
2,18,ptf5,Cash,50000.0
2,18,ptf5,Real Estate,245865.89255949168
2,18,ptf5,Precious Metals,51363.39440018771
2,18,ptf5,Bonds,327287.30334895005
2,18,ptf5,Crypto,19598.98908208303
2,18,ptf5,Stocks,495062.1042044774
2,18,returns,Cash,0.0
2,18,returns,Money Market,-0.08817544047260069
2,18,returns,Bonds,-0.05552998790187479
2,18,returns,Stocks,0.07146986782620496
2,18,returns,Crypto,-0.6606530604874068
2,18,returns,Precious Metals,-0.11066787069052948
2,18,returns,Real Estate,0.06426201143798989
2,18,contributions,,0.0
2,18,withdrawals,,50000.0
2,18,availableCash,,50000.0
2,18,cashBuffer,,150000.0
2,18,cashDepletion,,50000.0
2,18,shortfall,,0.0
2,18,cashReplenishment,,0
2,18,financialGainLoss,,-15922.704829306807
2,19,ptf_bop,Cash,50000.0
2,19,ptf_bop,Real Estate,245865.89255949168
2,19,ptf_bop,Precious Metals,51363.39440018771
2,19,ptf_bop,Bonds,327287.30334895005
2,19,ptf_bop,Crypto,19598.98908208303
2,19,ptf_bop,Stocks,495062.1042044774
2,19,ptf_eop,Cash,105521.01817024918
2,19,ptf_eop,Real Estate,227835.53671903798
2,19,ptf_eop,Precious Metals,56958.884179759494
2,19,ptf_eop,Bonds,341753.305078557
2,19,ptf_eop,Crypto,56958.884179759494
2,19,ptf_eop,Stocks,455671.07343807595
2,19,ptf1,Cash,0.0
2,19,ptf1,Real Estate,245865.89255949168
2,19,ptf1,Precious Metals,51363.39440018771
2,19,ptf1,Bonds,327287.30334895005
2,19,ptf1,Crypto,19598.98908208303
2,19,ptf1,Stocks,495062.1042044774
2,19,ptf2,Cash,0.0
2,19,ptf2,Real Estate,227835.53671903798
2,19,ptf2,Precious Metals,56958.884179759494
2,19,ptf2,Bonds,341753.305078557
2,19,ptf2,Crypto,56958.884179759494
2,19,ptf2,Stocks,455671.07343807595
2,19,ptf3,Cash,0.0
2,19,ptf3,Real Estate,197530.14525009115
2,19,ptf3,Precious Metals,61470.5745777024
2,19,ptf3,Bonds,372760.6633455534
2,19,ptf3,Crypto,82030.91567972602
2,19,ptf3,Stocks,530906.402912366
2,19,ptf4,Cash,105521.01817024918
2,19,ptf4,Real Estate,197530.14525009115
2,19,ptf4,Precious Metals,61470.5745777024
2,19,ptf4,Bonds,267239.6451753042
2,19,ptf4,Crypto,82030.91567972602
2,19,ptf4,Stocks,530906.402912366
2,19,ptf5,Cash,105521.01817024918
2,19,ptf5,Real Estate,227835.53671903798
2,19,ptf5,Precious Metals,56958.884179759494
2,19,ptf5,Bonds,341753.305078557
2,19,ptf5,Crypto,56958.884179759494
2,19,ptf5,Stocks,455671.07343807595
2,19,returns,Cash,0.0
2,19,returns,Money Market,0.02427540382382192
2,19,returns,Bonds,0.09073023671232346
2,19,returns,Stocks,0.16510885561954403
2,19,returns,Crypto,0.4401777152242027
2,19,returns,Precious Metals,0.07920959939636853
2,19,returns,Real Estate,-0.1330143308869274
2,19,contributions,,0.0
2,19,withdrawals,,50000.0
2,19,availableCash,,0.0
2,19,cashBuffer,,150000.0
2,19,cashDepletion,,50000.0
2,19,shortfall,,0.0
2,19,cashReplenishment,,105521.01817024918
2,19,financialGainLoss,,105521.01817024918
2,20,ptf_bop,Cash,105521.01817024918
2,20,ptf_bop,Real Estate,227835.53671903798
2,20,ptf_bop,Precious Metals,56958.884179759494
2,20,ptf_bop,Bonds,341753.305078557
2,20,ptf_bop,Crypto,56958.884179759494
2,20,ptf_bop,Stocks,455671.07343807595
2,20,ptf_eop,Cash,55521.01817024918
2,20,ptf_eop,Real Estate,213897.16939090507
2,20,ptf_eop,Precious Metals,64860.2790328195
2,20,ptf_eop,Bonds,311805.4585101301
2,20,ptf_eop,Crypto,86909.9338407901
2,20,ptf_eop,Stocks,332437.6282382125
2,20,ptf1,Cash,55521.01817024918
2,20,ptf1,Real Estate,227835.53671903798
2,20,ptf1,Precious Metals,56958.884179759494
2,20,ptf1,Bonds,341753.305078557
2,20,ptf1,Crypto,56958.884179759494
2,20,ptf1,Stocks,455671.07343807595
2,20,ptf2,Cash,55521.01817024918
2,20,ptf2,Real Estate,227835.536719038
2,20,ptf2,Precious Metals,56958.8841797595
2,20,ptf2,Bonds,341753.305078557
2,20,ptf2,Crypto,56958.8841797595
2,20,ptf2,Stocks,455671.073438076
2,20,ptf3,Cash,55521.01817024918
2,20,ptf3,Real Estate,213897.16939090507
2,20,ptf3,Precious Metals,64860.2790328195
2,20,ptf3,Bonds,311805.4585101301
2,20,ptf3,Crypto,86909.9338407901
2,20,ptf3,Stocks,332437.6282382125
2,20,ptf4,Cash,55521.01817024918
2,20,ptf4,Real Estate,213897.16939090507
2,20,ptf4,Precious Metals,64860.2790328195
2,20,ptf4,Bonds,311805.4585101301
2,20,ptf4,Crypto,86909.9338407901
2,20,ptf4,Stocks,332437.6282382125
2,20,ptf5,Cash,55521.01817024918
2,20,ptf5,Real Estate,213897.16939090507
2,20,ptf5,Precious Metals,64860.2790328195
2,20,ptf5,Bonds,311805.4585101301
2,20,ptf5,Crypto,86909.9338407901
2,20,ptf5,Stocks,332437.6282382125
2,20,returns,Cash,0.0
2,20,returns,Money Market,-0.027609135263904468
2,20,returns,Bonds,-0.08763001300468161
2,20,returns,Stocks,-0.2704438626530689
2,20,returns,Crypto,0.5258363131992987
2,20,returns,Precious Metals,0.13872102599699057
2,20,returns,Real Estate,-0.061177319082235365
2,20,contributions,,0.0
2,20,withdrawals,,50000.0
2,20,availableCash,,55521.01817024918
2,20,cashBuffer,,150000.0
2,20,cashDepletion,,50000.0
2,20,shortfall,,0.0
2,20,cashReplenishment,,0
2,20,financialGainLoss,,-129267.21458233288
3,1,ptf_bop,Cash,150000.0
3,1,ptf_bop,Real Estate,170000.0
3,1,ptf_bop,Precious Metals,42500.0
3,1,ptf_bop,Bonds,255000.0
3,1,ptf_bop,Crypto,42500.0
3,1,ptf_bop,Stocks,340000.0
3,1,ptf_eop,Cash,136401.84452871466
3,1,ptf_eop,Real Estate,170000.00000000003
3,1,ptf_eop,Precious Metals,42500.00000000001
3,1,ptf_eop,Bonds,255000.00000000003
3,1,ptf_eop,Crypto,42500.00000000001
3,1,ptf_eop,Stocks,340000.00000000006
3,1,ptf1,Cash,100000.0
3,1,ptf1,Real Estate,170000.0
3,1,ptf1,Precious Metals,42500.0
3,1,ptf1,Bonds,255000.0
3,1,ptf1,Crypto,42500.0
3,1,ptf1,Stocks,340000.0
3,1,ptf2,Cash,100000.0
3,1,ptf2,Real Estate,170000.0
3,1,ptf2,Precious Metals,42500.0
3,1,ptf2,Bonds,255000.0
3,1,ptf2,Crypto,42500.0
3,1,ptf2,Stocks,340000.0
3,1,ptf3,Cash,100000.0
3,1,ptf3,Real Estate,148464.44991774744
3,1,ptf3,Precious Metals,47768.30286216607
3,1,ptf3,Bonds,241697.75578574758
3,1,ptf3,Crypto,48810.05726686025
3,1,ptf3,Stocks,399661.2786961934
3,1,ptf4,Cash,136401.84452871466
3,1,ptf4,Real Estate,148464.44991774744
3,1,ptf4,Precious Metals,47768.30286216607
3,1,ptf4,Bonds,205295.91125703292
3,1,ptf4,Crypto,48810.05726686025
3,1,ptf4,Stocks,399661.2786961934
3,1,ptf5,Cash,136401.84452871466
3,1,ptf5,Real Estate,170000.00000000003
3,1,ptf5,Precious Metals,42500.00000000001
3,1,ptf5,Bonds,255000.00000000003
3,1,ptf5,Crypto,42500.00000000001
3,1,ptf5,Stocks,340000.00000000006
3,1,returns,Cash,0.0
3,1,returns,Money Market,0.04522427367491173
3,1,returns,Bonds,-0.05216566358530364
3,1,returns,Stocks,0.1754743491064513
3,1,returns,Crypto,0.14847193569082923
3,1,returns,Precious Metals,0.1239600673450841
3,1,returns,Real Estate,-0.1266797063661916
3,1,contributions,,0.0
3,1,withdrawals,,50000.0
3,1,availableCash,,100000.0
3,1,cashBuffer,,150000.0
3,1,cashDepletion,,50000.0
3,1,shortfall,,0.0
3,1,cashReplenishment,,36401.84452871466
3,1,financialGainLoss,,36401.84452871466
3,2,ptf_bop,Cash,136401.84452871466
3,2,ptf_bop,Real Estate,170000.00000000003
3,2,ptf_bop,Precious Metals,42500.00000000001
3,2,ptf_bop,Bonds,255000.00000000003
3,2,ptf_bop,Crypto,42500.00000000001
3,2,ptf_bop,Stocks,340000.00000000006
3,2,ptf_eop,Cash,86401.84452871466
3,2,ptf_eop,Real Estate,129863.5355785068
3,2,ptf_eop,Precious Metals,46676.51837695606
3,2,ptf_eop,Bonds,221276.26497407706
3,2,ptf_eop,Crypto,69238.07582819456
3,2,ptf_eop,Stocks,330350.5922384458
3,2,ptf1,Cash,86401.84452871466
3,2,ptf1,Real Estate,170000.00000000003
3,2,ptf1,Precious Metals,42500.00000000001
3,2,ptf1,Bonds,255000.00000000003
3,2,ptf1,Crypto,42500.00000000001
3,2,ptf1,Stocks,340000.00000000006
3,2,ptf2,Cash,86401.84452871466
3,2,ptf2,Real Estate,170000.00000000003
3,2,ptf2,Precious Metals,42500.00000000001
3,2,ptf2,Bonds,255000.00000000003
3,2,ptf2,Crypto,42500.00000000001
3,2,ptf2,Stocks,340000.00000000006
3,2,ptf3,Cash,86401.84452871466
3,2,ptf3,Real Estate,129863.5355785068
3,2,ptf3,Precious Metals,46676.51837695606
3,2,ptf3,Bonds,221276.26497407706
3,2,ptf3,Crypto,69238.07582819456
3,2,ptf3,Stocks,330350.5922384458
3,2,ptf4,Cash,86401.84452871466
3,2,ptf4,Real Estate,129863.5355785068
3,2,ptf4,Precious Metals,46676.51837695606
3,2,ptf4,Bonds,221276.26497407706
3,2,ptf4,Crypto,69238.07582819456
3,2,ptf4,Stocks,330350.5922384458
3,2,ptf5,Cash,86401.84452871466
3,2,ptf5,Real Estate,129863.5355785068
3,2,ptf5,Precious Metals,46676.51837695606
3,2,ptf5,Bonds,221276.26497407706
3,2,ptf5,Crypto,69238.07582819456
3,2,ptf5,Stocks,330350.5922384458
3,2,returns,Cash,0.0
3,2,returns,Money Market,-0.017985446251855892
3,2,returns,Bonds,-0.1322499412781293
3,2,returns,Stocks,-0.02838061106339481
3,2,returns,Crypto,0.6291311959575187
3,2,returns,Precious Metals,0.09827102063425996
3,2,returns,Real Estate,-0.23609684953819537
3,2,contributions,,0.0
3,2,withdrawals,,50000.0
3,2,availableCash,,86401.84452871466
3,2,cashBuffer,,150000.0
3,2,cashDepletion,,50000.0
3,2,shortfall,,0.0
3,2,cashReplenishment,,0
3,2,financialGainLoss,,-52595.013003819855
3,3,ptf_bop,Cash,86401.84452871466
3,3,ptf_bop,Real Estate,129863.5355785068
3,3,ptf_bop,Precious Metals,46676.51837695606
3,3,ptf_bop,Bonds,221276.26497407706
3,3,ptf_bop,Crypto,69238.07582819456
3,3,ptf_bop,Stocks,330350.5922384458
3,3,ptf_eop,Cash,36401.84452871466
3,3,ptf_eop,Real Estate,169384.37893870068
3,3,ptf_eop,Precious Metals,37145.68781512497
3,3,ptf_eop,Bonds,213461.25409591215
3,3,ptf_eop,Crypto,31.427364622626907
3,3,ptf_eop,Stocks,356512.00875406194
3,3,ptf1,Cash,36401.84452871466
3,3,ptf1,Real Estate,129863.5355785068
3,3,ptf1,Precious Metals,46676.51837695606
3,3,ptf1,Bonds,221276.26497407706
3,3,ptf1,Crypto,69238.07582819456
3,3,ptf1,Stocks,330350.5922384458
3,3,ptf2,Cash,36401.84452871466
3,3,ptf2,Real Estate,159480.99739923608
3,3,ptf2,Precious Metals,39870.24934980902
3,3,ptf2,Bonds,239221.49609885408
3,3,ptf2,Crypto,39870.24934980902
3,3,ptf2,Stocks,318961.99479847215
3,3,ptf3,Cash,36401.84452871466
3,3,ptf3,Real Estate,169384.37893870068
3,3,ptf3,Precious Metals,37145.68781512497
3,3,ptf3,Bonds,213461.25409591215
3,3,ptf3,Crypto,31.427364622626907
3,3,ptf3,Stocks,356512.00875406194
3,3,ptf4,Cash,36401.84452871466
3,3,ptf4,Real Estate,169384.37893870068
3,3,ptf4,Precious Metals,37145.68781512497
3,3,ptf4,Bonds,213461.25409591215
3,3,ptf4,Crypto,31.427364622626907
3,3,ptf4,Stocks,356512.00875406194
3,3,ptf5,Cash,36401.84452871466
3,3,ptf5,Real Estate,169384.37893870068
3,3,ptf5,Precious Metals,37145.68781512497
3,3,ptf5,Bonds,213461.25409591215
3,3,ptf5,Crypto,31.427364622626907
3,3,ptf5,Stocks,356512.00875406194
3,3,returns,Cash,0.0
3,3,returns,Money Market,-0.05478575690468428
3,3,returns,Bonds,-0.10768364224382643
3,3,returns,Stocks,0.11772566816091937
3,3,returns,Crypto,-0.9992117590149263
3,3,returns,Precious Metals,-0.06833570341583785
3,3,returns,Real Estate,0.06209756460622712
3,3,contributions,,0.0
3,3,withdrawals,,50000.0
3,3,availableCash,,36401.84452871466
3,3,cashBuffer,,150000.0
3,3,cashDepletion,,50000.0
3,3,shortfall,,0.0
3,3,cashReplenishment,,0
3,3,financialGainLoss,,-20870.23002775805
3,4,ptf_bop,Cash,36401.84452871466
3,4,ptf_bop,Real Estate,169384.37893870068
3,4,ptf_bop,Precious Metals,37145.68781512497
3,4,ptf_bop,Bonds,213461.25409591215
3,4,ptf_bop,Crypto,31.427364622626907
3,4,ptf_bop,Stocks,356512.00875406194
3,4,ptf_eop,Cash,0.0
3,4,ptf_eop,Real Estate,165660.87725039208
3,4,ptf_eop,Precious Metals,44188.72140327222
3,4,ptf_eop,Bonds,175743.50840613837
3,4,ptf_eop,Crypto,41291.51607449565
3,4,ptf_eop,Stocks,310584.91323195136
3,4,ptf1,Cash,0.0
3,4,ptf1,Real Estate,169384.37893870068
3,4,ptf1,Precious Metals,37145.68781512497
3,4,ptf1,Bonds,199863.09862462681
3,4,ptf1,Crypto,31.427364622626907
3,4,ptf1,Stocks,356512.00875406194
3,4,ptf2,Cash,0.0
3,4,ptf2,Real Estate,152587.3202994274
3,4,ptf2,Precious Metals,38146.83007485685
3,4,ptf2,Bonds,228880.98044914112
3,4,ptf2,Crypto,38146.83007485685
3,4,ptf2,Stocks,305174.6405988548
3,4,ptf3,Cash,0.0
3,4,ptf3,Real Estate,165660.87725039208
3,4,ptf3,Precious Metals,44188.72140327222
3,4,ptf3,Bonds,175743.50840613837
3,4,ptf3,Crypto,41291.51607449565
3,4,ptf3,Stocks,310584.91323195136
3,4,ptf4,Cash,0.0
3,4,ptf4,Real Estate,165660.87725039208
3,4,ptf4,Precious Metals,44188.72140327222
3,4,ptf4,Bonds,175743.50840613837
3,4,ptf4,Crypto,41291.51607449565
3,4,ptf4,Stocks,310584.91323195136
3,4,ptf5,Cash,0.0
3,4,ptf5,Real Estate,165660.87725039208
3,4,ptf5,Precious Metals,44188.72140327222
3,4,ptf5,Bonds,175743.50840613837
3,4,ptf5,Crypto,41291.51607449565
3,4,ptf5,Stocks,310584.91323195136
3,4,returns,Cash,0.0
3,4,returns,Money Market,-0.0594646817954695
3,4,returns,Bonds,-0.23216202560269203
3,4,returns,Stocks,0.01772844762749555
3,4,returns,Crypto,0.08243636479015101
3,4,returns,Precious Metals,0.15838514803351045
3,4,returns,Real Estate,0.08567918307569705
3,4,contributions,,0.0
3,4,withdrawals,,50000.0
3,4,availableCash,,0.0
3,4,cashBuffer,,150000.0
3,4,cashDepletion,,36401.84452871466
3,4,shortfall,,13598.15547128534
3,4,cashReplenishment,,0
3,4,financialGainLoss,,-25467.06513088732
3,5,ptf_bop,Cash,0.0
3,5,ptf_bop,Real Estate,165660.87725039208
3,5,ptf_bop,Precious Metals,44188.72140327222
3,5,ptf_bop,Bonds,175743.50840613837
3,5,ptf_bop,Crypto,41291.51607449565
3,5,ptf_bop,Stocks,310584.91323195136
3,5,ptf_eop,Cash,0.0
3,5,ptf_eop,Real Estate,144345.5968828134
3,5,ptf_eop,Precious Metals,35354.66291097498
3,5,ptf_eop,Bonds,198873.45552320965
3,5,ptf_eop,Crypto,28405.317054796997
3,5,ptf_eop,Stocks,249400.33322427305
3,5,ptf1,Cash,0.0
3,5,ptf1,Real Estate,165660.87725039208
3,5,ptf1,Precious Metals,44188.72140327222
3,5,ptf1,Bonds,125743.50840613837
3,5,ptf1,Crypto,41291.51607449565
3,5,ptf1,Stocks,310584.91323195136
3,5,ptf2,Cash,0.0
3,5,ptf2,Real Estate,137493.90727324993
3,5,ptf2,Precious Metals,34373.47681831248
3,5,ptf2,Bonds,206240.8609098749
3,5,ptf2,Crypto,34373.47681831248
3,5,ptf2,Stocks,274987.81454649987
3,5,ptf3,Cash,0.0
3,5,ptf3,Real Estate,144345.5968828134
3,5,ptf3,Precious Metals,35354.66291097498
3,5,ptf3,Bonds,198873.45552320965
3,5,ptf3,Crypto,28405.317054796997
3,5,ptf3,Stocks,249400.33322427305
3,5,ptf4,Cash,0.0
3,5,ptf4,Real Estate,144345.5968828134
3,5,ptf4,Precious Metals,35354.66291097498
3,5,ptf4,Bonds,198873.45552320965
3,5,ptf4,Crypto,28405.317054796997
3,5,ptf4,Stocks,249400.33322427305
3,5,ptf5,Cash,0.0
3,5,ptf5,Real Estate,144345.5968828134
3,5,ptf5,Precious Metals,35354.66291097498
3,5,ptf5,Bonds,198873.45552320965
3,5,ptf5,Crypto,28405.317054796997
3,5,ptf5,Stocks,249400.33322427305
3,5,returns,Cash,0.0
3,5,returns,Money Market,0.0044689204527531565
3,5,returns,Bonds,-0.03572233627304693
3,5,returns,Stocks,-0.09304950971891167
3,5,returns,Crypto,-0.1736268866562822
3,5,returns,Precious Metals,0.02854486026679052
3,5,returns,Real Estate,0.049832678010573214
3,5,contributions,,0.0
3,5,withdrawals,,50000.0
3,5,availableCash,,0.0
3,5,cashBuffer,,150000.0
3,5,cashDepletion,,0.0
3,5,shortfall,,50000.0
3,5,cashReplenishment,,0
3,5,financialGainLoss,,-31090.170770181576
3,6,ptf_bop,Cash,0.0
3,6,ptf_bop,Real Estate,144345.5968828134
3,6,ptf_bop,Precious Metals,35354.66291097498
3,6,ptf_bop,Bonds,198873.45552320965
3,6,ptf_bop,Crypto,28405.317054796997
3,6,ptf_bop,Stocks,249400.33322427305
3,6,ptf_eop,Cash,25193.4449620496
3,6,ptf_eop,Real Estate,121275.87311921362
3,6,ptf_eop,Precious Metals,30318.968279803405
3,6,ptf_eop,Bonds,181913.80967882046
3,6,ptf_eop,Crypto,30318.968279803405
3,6,ptf_eop,Stocks,242551.74623842724
3,6,ptf1,Cash,0.0
3,6,ptf1,Real Estate,144345.5968828134
3,6,ptf1,Precious Metals,35354.66291097498
3,6,ptf1,Bonds,148873.45552320965
3,6,ptf1,Crypto,28405.317054796997
3,6,ptf1,Stocks,249400.33322427305
3,6,ptf2,Cash,0.0
3,6,ptf2,Real Estate,121275.87311921362
3,6,ptf2,Precious Metals,30318.968279803405
3,6,ptf2,Bonds,181913.80967882046
3,6,ptf2,Crypto,30318.968279803405
3,6,ptf2,Stocks,242551.74623842724
3,6,ptf3,Cash,0.0
3,6,ptf3,Real Estate,148608.1795291541
3,6,ptf3,Precious Metals,17388.645716161645
3,6,ptf3,Bonds,173950.42232165002
3,6,ptf3,Crypto,40421.19535961543
3,6,ptf3,Stocks,251204.3676315365
3,6,ptf4,Cash,25193.4449620496
3,6,ptf4,Real Estate,148608.1795291541
3,6,ptf4,Precious Metals,17388.645716161645
3,6,ptf4,Bonds,148756.97735960042
3,6,ptf4,Crypto,40421.19535961543
3,6,ptf4,Stocks,251204.3676315365
3,6,ptf5,Cash,25193.4449620496
3,6,ptf5,Real Estate,121275.87311921362
3,6,ptf5,Precious Metals,30318.968279803405
3,6,ptf5,Bonds,181913.80967882046
3,6,ptf5,Crypto,30318.968279803405
3,6,ptf5,Stocks,242551.74623842724
3,6,returns,Cash,0.0
3,6,returns,Money Market,0.022354228510475686
3,6,returns,Bonds,-0.043775606542627285
3,6,returns,Stocks,0.035673300758691635
3,6,returns,Crypto,0.33319824693841893
3,6,returns,Precious Metals,-0.42647633799119505
3,6,returns,Real Estate,0.22537299222800009
3,6,contributions,,0.0
3,6,withdrawals,,50000.0
3,6,availableCash,,0.0
3,6,cashBuffer,,150000.0
3,6,cashDepletion,,0.0
3,6,shortfall,,50000.0
3,6,cashReplenishment,,25193.4449620496
3,6,financialGainLoss,,25193.4449620496
3,7,ptf_bop,Cash,25193.4449620496
3,7,ptf_bop,Real Estate,121275.87311921362
3,7,ptf_bop,Precious Metals,30318.968279803405
3,7,ptf_bop,Bonds,181913.80967882046
3,7,ptf_bop,Crypto,30318.968279803405
3,7,ptf_bop,Stocks,242551.74623842724
3,7,ptf_eop,Cash,14142.255871282076
3,7,ptf_eop,Real Estate,116314.56211162354
3,7,ptf_eop,Precious Metals,29078.640527905885
3,7,ptf_eop,Bonds,174471.8431674353
3,7,ptf_eop,Crypto,29078.640527905885
3,7,ptf_eop,Stocks,232629.12422324708
3,7,ptf1,Cash,0.0
3,7,ptf1,Real Estate,121275.87311921362
3,7,ptf1,Precious Metals,30318.968279803405
3,7,ptf1,Bonds,157107.25464087006
3,7,ptf1,Crypto,30318.968279803405
3,7,ptf1,Stocks,242551.74623842724
3,7,ptf2,Cash,0.0
3,7,ptf2,Real Estate,116314.56211162354
3,7,ptf2,Precious Metals,29078.640527905885
3,7,ptf2,Bonds,174471.8431674353
3,7,ptf2,Crypto,29078.640527905885
3,7,ptf2,Stocks,232629.12422324708
3,7,ptf3,Cash,0.0
3,7,ptf3,Real Estate,108081.6073191457
3,7,ptf3,Precious Metals,36985.190332660575
3,7,ptf3,Bonds,172656.97725817686
3,7,ptf3,Crypto,28620.159416679202
3,7,ptf3,Stocks,249371.13210273747
3,7,ptf4,Cash,14142.255871282076
3,7,ptf4,Real Estate,108081.6073191457
3,7,ptf4,Precious Metals,36985.190332660575
3,7,ptf4,Bonds,158514.7213868948
3,7,ptf4,Crypto,28620.159416679202
3,7,ptf4,Stocks,249371.13210273747
3,7,ptf5,Cash,14142.255871282076
3,7,ptf5,Real Estate,116314.56211162354
3,7,ptf5,Precious Metals,29078.640527905885
3,7,ptf5,Bonds,174471.8431674353
3,7,ptf5,Crypto,29078.640527905885
3,7,ptf5,Stocks,232629.12422324708
3,7,returns,Cash,0.0
3,7,returns,Money Market,0.005085602160785726
3,7,returns,Bonds,-0.010402056150210703
3,7,returns,Stocks,0.07196866658631955
3,7,returns,Crypto,-0.01576693761823887
3,7,returns,Precious Metals,0.2719023194075052
3,7,returns,Real Estate,-0.07078180619015642
3,7,contributions,,0.0
3,7,withdrawals,,50000.0
3,7,availableCash,,0.0
3,7,cashBuffer,,150000.0
3,7,cashDepletion,,25193.4449620496
3,7,shortfall,,24806.5550379504
3,7,cashReplenishment,,14142.255871282076
3,7,financialGainLoss,,14142.255871282076
3,8,ptf_bop,Cash,14142.255871282076
3,8,ptf_bop,Real Estate,116314.56211162354
3,8,ptf_bop,Precious Metals,29078.640527905885
3,8,ptf_bop,Bonds,174471.8431674353
3,8,ptf_bop,Crypto,29078.640527905885
3,8,ptf_bop,Stocks,232629.12422324708
3,8,ptf_eop,Cash,22366.100008126814
3,8,ptf_eop,Real Estate,109143.01328587998
3,8,ptf_eop,Precious Metals,27285.753321469994
3,8,ptf_eop,Bonds,163714.51992881997
3,8,ptf_eop,Crypto,27285.753321469994
3,8,ptf_eop,Stocks,218286.02657175995
3,8,ptf1,Cash,0.0
3,8,ptf1,Real Estate,116314.56211162354
3,8,ptf1,Precious Metals,29078.640527905885
3,8,ptf1,Bonds,138614.09903871737
3,8,ptf1,Crypto,29078.640527905885
3,8,ptf1,Stocks,232629.12422324708
3,8,ptf2,Cash,0.0
3,8,ptf2,Real Estate,109143.01328587996
3,8,ptf2,Precious Metals,27285.75332146999
3,8,ptf2,Bonds,163714.51992881994
3,8,ptf2,Crypto,27285.75332146999
3,8,ptf2,Stocks,218286.02657175992
3,8,ptf3,Cash,0.0
3,8,ptf3,Real Estate,124180.46927071888
3,8,ptf3,Precious Metals,24969.372276764603
3,8,ptf3,Bonds,158011.63521382643
3,8,ptf3,Crypto,26910.85537863155
3,8,ptf3,Stocks,234008.83429758516
3,8,ptf4,Cash,22366.100008126814
3,8,ptf4,Real Estate,124180.46927071888
3,8,ptf4,Precious Metals,24969.372276764603
3,8,ptf4,Bonds,135645.53520569962
3,8,ptf4,Crypto,26910.85537863155
3,8,ptf4,Stocks,234008.83429758516
3,8,ptf5,Cash,22366.100008126814
3,8,ptf5,Real Estate,109143.01328587998
3,8,ptf5,Precious Metals,27285.753321469994
3,8,ptf5,Bonds,163714.51992881997
3,8,ptf5,Crypto,27285.753321469994
3,8,ptf5,Stocks,218286.02657175995
3,8,returns,Cash,0.0
3,8,returns,Money Market,0.044775827195666064
3,8,returns,Bonds,-0.034834324514850676
3,8,returns,Stocks,0.07202846637852231
3,8,returns,Crypto,-0.013739695526142981
3,8,returns,Precious Metals,-0.08489342468997274
3,8,returns,Real Estate,0.13777754097233028
3,8,contributions,,0.0
3,8,withdrawals,,50000.0
3,8,availableCash,,0.0
3,8,cashBuffer,,150000.0
3,8,cashDepletion,,14142.255871282076
3,8,shortfall,,35857.744128717924
3,8,cashReplenishment,,22366.100008126814
3,8,financialGainLoss,,22366.100008126814
3,9,ptf_bop,Cash,22366.100008126814
3,9,ptf_bop,Real Estate,109143.01328587998
3,9,ptf_bop,Precious Metals,27285.753321469994
3,9,ptf_bop,Bonds,163714.51992881997
3,9,ptf_bop,Crypto,27285.753321469994
3,9,ptf_bop,Stocks,218286.02657175995
3,9,ptf_eop,Cash,0.0
3,9,ptf_eop,Real Estate,69288.9193838273
3,9,ptf_eop,Precious Metals,24976.004676769047
3,9,ptf_eop,Bonds,153776.12041763728
3,9,ptf_eop,Crypto,32131.379342864173
3,9,ptf_eop,Stocks,144626.16208068508
3,9,ptf1,Cash,0.0
3,9,ptf1,Real Estate,109143.01328587998
3,9,ptf1,Precious Metals,27285.753321469994
3,9,ptf1,Bonds,136080.61993694678
3,9,ptf1,Crypto,27285.753321469994
3,9,ptf1,Stocks,218286.02657175995
3,9,ptf2,Cash,0.0
3,9,ptf2,Real Estate,103616.23328750534
3,9,ptf2,Precious Metals,25904.058321876335
3,9,ptf2,Bonds,155424.349931258
3,9,ptf2,Crypto,25904.058321876335
3,9,ptf2,Stocks,207232.46657501068
3,9,ptf3,Cash,0.0
3,9,ptf3,Real Estate,69288.9193838273
3,9,ptf3,Precious Metals,24976.004676769047
3,9,ptf3,Bonds,153776.12041763728
3,9,ptf3,Crypto,32131.379342864173
3,9,ptf3,Stocks,144626.16208068508
3,9,ptf4,Cash,0.0
3,9,ptf4,Real Estate,69288.9193838273
3,9,ptf4,Precious Metals,24976.004676769047
3,9,ptf4,Bonds,153776.12041763728
3,9,ptf4,Crypto,32131.379342864173
3,9,ptf4,Stocks,144626.16208068508
3,9,ptf5,Cash,0.0
3,9,ptf5,Real Estate,69288.9193838273
3,9,ptf5,Precious Metals,24976.004676769047
3,9,ptf5,Bonds,153776.12041763728
3,9,ptf5,Crypto,32131.379342864173
3,9,ptf5,Stocks,144626.16208068508
3,9,returns,Cash,0.0
3,9,returns,Money Market,-0.030153119171234314
3,9,returns,Bonds,-0.010604705854325332
3,9,returns,Stocks,-0.30210664153661654
3,9,returns,Crypto,0.24039943639753072
3,9,returns,Precious Metals,-0.03582657333362842
3,9,returns,Real Estate,-0.3312928178775769
3,9,contributions,,0.0
3,9,withdrawals,,50000.0
3,9,availableCash,,0.0
3,9,cashBuffer,,150000.0
3,9,cashDepletion,,22366.100008126814
3,9,shortfall,,27633.899991873186
3,9,cashReplenishment,,0
3,9,financialGainLoss,,-93282.5805357438
3,10,ptf_bop,Cash,0.0
3,10,ptf_bop,Real Estate,69288.9193838273
3,10,ptf_bop,Precious Metals,24976.004676769047
3,10,ptf_bop,Bonds,153776.12041763728
3,10,ptf_bop,Crypto,32131.379342864173
3,10,ptf_bop,Stocks,144626.16208068508
3,10,ptf_eop,Cash,59471.71360954968
3,10,ptf_eop,Real Estate,74959.71718035656
3,10,ptf_eop,Precious Metals,18739.92929508914
3,10,ptf_eop,Bonds,112439.57577053484
3,10,ptf_eop,Crypto,18739.92929508914
3,10,ptf_eop,Stocks,149919.43436071312
3,10,ptf1,Cash,0.0
3,10,ptf1,Real Estate,69288.9193838273
3,10,ptf1,Precious Metals,24976.004676769047
3,10,ptf1,Bonds,103776.12041763728
3,10,ptf1,Crypto,32131.379342864173
3,10,ptf1,Stocks,144626.16208068508
3,10,ptf2,Cash,0.0
3,10,ptf2,Real Estate,74959.71718035657
3,10,ptf2,Precious Metals,18739.929295089143
3,10,ptf2,Bonds,112439.57577053485
3,10,ptf2,Crypto,18739.929295089143
3,10,ptf2,Stocks,149919.43436071314
3,10,ptf3,Cash,0.0
3,10,ptf3,Real Estate,85168.32049090292
3,10,ptf3,Precious Metals,22838.899233775748
3,10,ptf3,Bonds,143061.49344621692
3,10,ptf3,Crypto,33518.74523095918
3,10,ptf3,Stocks,149682.8411094777
3,10,ptf4,Cash,59471.71360954968
3,10,ptf4,Real Estate,85168.32049090292
3,10,ptf4,Precious Metals,22838.899233775748
3,10,ptf4,Bonds,83589.77983666724
3,10,ptf4,Crypto,33518.74523095918
3,10,ptf4,Stocks,149682.8411094777
3,10,ptf5,Cash,59471.71360954968
3,10,ptf5,Real Estate,74959.71718035656
3,10,ptf5,Precious Metals,18739.92929508914
3,10,ptf5,Bonds,112439.57577053484
3,10,ptf5,Crypto,18739.92929508914
3,10,ptf5,Stocks,149919.43436071312
3,10,returns,Cash,0.0
3,10,returns,Money Market,0.08718510279411339
3,10,returns,Bonds,0.2723410993489949
3,10,returns,Stocks,-0.001578135965122236
3,10,returns,Crypto,0.7886270915516674
3,10,returns,Precious Metals,0.21872921045442545
3,10,returns,Real Estate,0.1361878578861759
3,10,contributions,,0.0
3,10,withdrawals,,50000.0
3,10,availableCash,,0.0
3,10,cashBuffer,,150000.0
3,10,cashDepletion,,0.0
3,10,shortfall,,50000.0
3,10,cashReplenishment,,59471.71360954968
3,10,financialGainLoss,,59471.71360954968
3,11,ptf_bop,Cash,59471.71360954968
3,11,ptf_bop,Real Estate,74959.71718035656
3,11,ptf_bop,Precious Metals,18739.92929508914
3,11,ptf_bop,Bonds,112439.57577053484
3,11,ptf_bop,Crypto,18739.92929508914
3,11,ptf_bop,Stocks,149919.43436071312
3,11,ptf_eop,Cash,43368.36256830196
3,11,ptf_eop,Real Estate,74959.71718035656
3,11,ptf_eop,Precious Metals,18739.92929508914
3,11,ptf_eop,Bonds,112439.57577053484
3,11,ptf_eop,Crypto,18739.92929508914
3,11,ptf_eop,Stocks,149919.43436071312
3,11,ptf1,Cash,9471.713609549683
3,11,ptf1,Real Estate,74959.71718035656
3,11,ptf1,Precious Metals,18739.92929508914
3,11,ptf1,Bonds,112439.57577053484
3,11,ptf1,Crypto,18739.92929508914
3,11,ptf1,Stocks,149919.43436071312
3,11,ptf2,Cash,9471.713609549683
3,11,ptf2,Real Estate,74959.71718035656
3,11,ptf2,Precious Metals,18739.92929508914
3,11,ptf2,Bonds,112439.57577053484
3,11,ptf2,Crypto,18739.92929508914
3,11,ptf2,Stocks,149919.43436071312
3,11,ptf3,Cash,9471.713609549683
3,11,ptf3,Real Estate,74545.92081978936
3,11,ptf3,Precious Metals,17955.427786827106
3,11,ptf3,Bonds,114677.1133992769
3,11,ptf3,Crypto,22713.121758594807
3,11,ptf3,Stocks,178803.6510960469
3,11,ptf4,Cash,43368.36256830196
3,11,ptf4,Real Estate,74545.92081978936
3,11,ptf4,Precious Metals,17955.427786827106
3,11,ptf4,Bonds,80780.46444052462
3,11,ptf4,Crypto,22713.121758594807
3,11,ptf4,Stocks,178803.6510960469
3,11,ptf5,Cash,43368.36256830196
3,11,ptf5,Real Estate,74959.71718035656
3,11,ptf5,Precious Metals,18739.92929508914
3,11,ptf5,Bonds,112439.57577053484
3,11,ptf5,Crypto,18739.92929508914
3,11,ptf5,Stocks,149919.43436071312
3,11,returns,Cash,0.0
3,11,returns,Money Market,-0.014667139893640496
3,11,returns,Bonds,0.01989991169397864
3,11,returns,Stocks,0.1926649260551306
3,11,returns,Crypto,0.2120174735422751
3,11,returns,Precious Metals,-0.0418625650027195
3,11,returns,Real Estate,-0.005520249757233944
3,11,contributions,,0.0
3,11,withdrawals,,50000.0
3,11,availableCash,,9471.713609549683
3,11,cashBuffer,,150000.0
3,11,cashDepletion,,50000.0
3,11,shortfall,,0.0
3,11,cashReplenishment,,33896.64895875228
3,11,financialGainLoss,,33896.64895875228
3,12,ptf_bop,Cash,43368.36256830196
3,12,ptf_bop,Real Estate,74959.71718035656
3,12,ptf_bop,Precious Metals,18739.92929508914
3,12,ptf_bop,Bonds,112439.57577053484
3,12,ptf_bop,Crypto,18739.92929508914
3,12,ptf_bop,Stocks,149919.43436071312
3,12,ptf_eop,Cash,40424.669979787956
3,12,ptf_eop,Real Estate,73633.38969401697
3,12,ptf_eop,Precious Metals,18408.34742350424
3,12,ptf_eop,Bonds,110450.08454102544
3,12,ptf_eop,Crypto,18408.34742350424
3,12,ptf_eop,Stocks,147266.77938803393
3,12,ptf1,Cash,0.0
3,12,ptf1,Real Estate,74959.71718035656
3,12,ptf1,Precious Metals,18739.92929508914
3,12,ptf1,Bonds,105807.9383388368
3,12,ptf1,Crypto,18739.92929508914
3,12,ptf1,Stocks,149919.43436071312
3,12,ptf2,Cash,0.0
3,12,ptf2,Real Estate,73633.38969401695
3,12,ptf2,Precious Metals,18408.347423504238
3,12,ptf2,Bonds,110450.08454102543
3,12,ptf2,Crypto,18408.347423504238
3,12,ptf2,Stocks,147266.7793880339
3,12,ptf3,Cash,0.0
3,12,ptf3,Real Estate,81835.87615856322
3,12,ptf3,Precious Metals,8728.781712793732
3,12,ptf3,Bonds,95490.21453214734
3,12,ptf3,Crypto,34263.48915232379
3,12,ptf3,Stocks,188273.25689404467
3,12,ptf4,Cash,40424.669979787956
3,12,ptf4,Real Estate,81835.87615856322
3,12,ptf4,Precious Metals,8728.781712793732
3,12,ptf4,Bonds,55065.54455235938
3,12,ptf4,Crypto,34263.48915232379
3,12,ptf4,Stocks,188273.25689404467
3,12,ptf5,Cash,40424.669979787956
3,12,ptf5,Real Estate,73633.38969401697
3,12,ptf5,Precious Metals,18408.34742350424
3,12,ptf5,Bonds,110450.08454102544
3,12,ptf5,Crypto,18408.34742350424
3,12,ptf5,Stocks,147266.77938803393
3,12,returns,Cash,0.0
3,12,returns,Money Market,-0.036781273388132835
3,12,returns,Bonds,-0.13544462252830067
3,12,returns,Stocks,0.27845029052996817
3,12,returns,Crypto,0.8613017433914416
3,12,returns,Precious Metals,-0.5258248058894952
3,12,returns,Real Estate,0.11139629044149185
3,12,contributions,,0.0
3,12,withdrawals,,50000.0
3,12,availableCash,,0.0
3,12,cashBuffer,,150000.0
3,12,cashDepletion,,43368.36256830196
3,12,shortfall,,6631.637431698036
3,12,cashReplenishment,,40424.669979787956
3,12,financialGainLoss,,40424.669979787956
3,13,ptf_bop,Cash,40424.669979787956
3,13,ptf_bop,Real Estate,73633.38969401697
3,13,ptf_bop,Precious Metals,18408.34742350424
3,13,ptf_bop,Bonds,110450.08454102544
3,13,ptf_bop,Crypto,18408.34742350424
3,13,ptf_bop,Stocks,147266.77938803393
3,13,ptf_eop,Cash,11720.91930667666
3,13,ptf_eop,Real Estate,71718.32368997455
3,13,ptf_eop,Precious Metals,17929.58092249364
3,13,ptf_eop,Bonds,107577.48553496182
3,13,ptf_eop,Crypto,17929.58092249364
3,13,ptf_eop,Stocks,143436.6473799491
3,13,ptf1,Cash,0.0
3,13,ptf1,Real Estate,73633.38969401697
3,13,ptf1,Precious Metals,18408.34742350424
3,13,ptf1,Bonds,100874.7545208134
3,13,ptf1,Crypto,18408.34742350424
3,13,ptf1,Stocks,147266.77938803393
3,13,ptf2,Cash,0.0
3,13,ptf2,Real Estate,71718.32368997455
3,13,ptf2,Precious Metals,17929.58092249364
3,13,ptf2,Bonds,107577.48553496182
3,13,ptf2,Crypto,17929.58092249364
3,13,ptf2,Stocks,143436.6473799491
3,13,ptf3,Cash,0.0
3,13,ptf3,Real Estate,73583.91289957878
3,13,ptf3,Precious Metals,19536.404210096513
3,13,ptf3,Bonds,85913.37314610576
3,13,ptf3,Crypto,25906.868925638813
3,13,ptf3,Stocks,165371.97857512953
3,13,ptf4,Cash,11720.91930667666
3,13,ptf4,Real Estate,73583.91289957878
3,13,ptf4,Precious Metals,19536.404210096513
3,13,ptf4,Bonds,74192.4538394291
3,13,ptf4,Crypto,25906.868925638813
3,13,ptf4,Stocks,165371.97857512953
3,13,ptf5,Cash,11720.91930667666
3,13,ptf5,Real Estate,71718.32368997455
3,13,ptf5,Precious Metals,17929.58092249364
3,13,ptf5,Bonds,107577.48553496182
3,13,ptf5,Crypto,17929.58092249364
3,13,ptf5,Stocks,143436.6473799491
3,13,returns,Cash,0.0
3,13,returns,Money Market,-0.04678909230451918
3,13,returns,Bonds,-0.20138147197924045
3,13,returns,Stocks,0.1529269652899511
3,13,returns,Crypto,0.4449232827933657
3,13,returns,Precious Metals,0.08961856356536632
3,13,returns,Real Estate,0.02601272748187514
3,13,contributions,,0.0
3,13,withdrawals,,50000.0
3,13,availableCash,,0.0
3,13,cashBuffer,,150000.0
3,13,cashDepletion,,40424.669979787956
3,13,shortfall,,9575.330020212044
3,13,cashReplenishment,,11720.91930667666
3,13,financialGainLoss,,11720.91930667666
3,14,ptf_bop,Cash,11720.91930667666
3,14,ptf_bop,Real Estate,71718.32368997455
3,14,ptf_bop,Precious Metals,17929.58092249364
3,14,ptf_bop,Bonds,107577.48553496182
3,14,ptf_bop,Crypto,17929.58092249364
3,14,ptf_bop,Stocks,143436.6473799491
3,14,ptf_eop,Cash,53712.645817216486
3,14,ptf_eop,Real Estate,64062.507551309885
3,14,ptf_eop,Precious Metals,16015.626887827471
3,14,ptf_eop,Bonds,96093.76132696483
3,14,ptf_eop,Crypto,16015.626887827471
3,14,ptf_eop,Stocks,128125.01510261977
3,14,ptf1,Cash,0.0
3,14,ptf1,Real Estate,71718.32368997455
3,14,ptf1,Precious Metals,17929.58092249364
3,14,ptf1,Bonds,69298.40484163848
3,14,ptf1,Crypto,17929.58092249364
3,14,ptf1,Stocks,143436.6473799491
3,14,ptf2,Cash,0.0
3,14,ptf2,Real Estate,64062.507551309885
3,14,ptf2,Precious Metals,16015.626887827471
3,14,ptf2,Bonds,96093.76132696483
3,14,ptf2,Crypto,16015.626887827471
3,14,ptf2,Stocks,128125.01510261977
3,14,ptf3,Cash,0.0
3,14,ptf3,Real Estate,61337.24517275366
3,14,ptf3,Precious Metals,18133.30248450532
3,14,ptf3,Bonds,104367.46771123174
3,14,ptf3,Crypto,12493.407329526663
3,14,ptf3,Stocks,177693.76087574853
3,14,ptf4,Cash,53712.645817216486
3,14,ptf4,Real Estate,61337.24517275366
3,14,ptf4,Precious Metals,18133.30248450532
3,14,ptf4,Bonds,50654.82189401526
3,14,ptf4,Crypto,12493.407329526663
3,14,ptf4,Stocks,177693.76087574853
3,14,ptf5,Cash,53712.645817216486
3,14,ptf5,Real Estate,64062.507551309885
3,14,ptf5,Precious Metals,16015.626887827471
3,14,ptf5,Bonds,96093.76132696483
3,14,ptf5,Crypto,16015.626887827471
3,14,ptf5,Stocks,128125.01510261977
3,14,returns,Cash,0.0
3,14,returns,Money Market,0.04330534601258671
3,14,returns,Bonds,0.08610034897182478
3,14,returns,Stocks,0.3868779701873787
3,14,returns,Crypto,-0.21992392698520213
3,14,returns,Precious Metals,0.13222558264562012
3,14,returns,Real Estate,-0.04254067601667741
3,14,contributions,,0.0
3,14,withdrawals,,50000.0
3,14,availableCash,,0.0
3,14,cashBuffer,,150000.0
3,14,cashDepletion,,11720.91930667666
3,14,shortfall,,38279.08069332334
3,14,cashReplenishment,,53712.645817216486
3,14,financialGainLoss,,53712.645817216486
3,15,ptf_bop,Cash,53712.645817216486
3,15,ptf_bop,Real Estate,64062.507551309885
3,15,ptf_bop,Precious Metals,16015.626887827471
3,15,ptf_bop,Bonds,96093.76132696483
3,15,ptf_bop,Crypto,16015.626887827471
3,15,ptf_bop,Stocks,128125.01510261977
3,15,ptf_eop,Cash,13862.44507628982
3,15,ptf_eop,Real Estate,64062.507551309885
3,15,ptf_eop,Precious Metals,16015.626887827471
3,15,ptf_eop,Bonds,96093.76132696483
3,15,ptf_eop,Crypto,16015.626887827471
3,15,ptf_eop,Stocks,128125.01510261977
3,15,ptf1,Cash,3712.6458172164857
3,15,ptf1,Real Estate,64062.507551309885
3,15,ptf1,Precious Metals,16015.626887827471
3,15,ptf1,Bonds,96093.76132696483
3,15,ptf1,Crypto,16015.626887827471
3,15,ptf1,Stocks,128125.01510261977
3,15,ptf2,Cash,3712.6458172164857
3,15,ptf2,Real Estate,64062.507551309885
3,15,ptf2,Precious Metals,16015.626887827471
3,15,ptf2,Bonds,96093.76132696483
3,15,ptf2,Crypto,16015.626887827471
3,15,ptf2,Stocks,128125.01510261977
3,15,ptf3,Cash,3712.6458172164857
3,15,ptf3,Real Estate,60773.533511280584
3,15,ptf3,Precious Metals,15380.140297515489
3,15,ptf3,Bonds,105446.24942041107
3,15,ptf3,Crypto,26998.92937569002
3,15,ptf3,Stocks,121863.48441072559
3,15,ptf4,Cash,13862.44507628982
3,15,ptf4,Real Estate,60773.533511280584
3,15,ptf4,Precious Metals,15380.140297515489
3,15,ptf4,Bonds,95296.45016133774
3,15,ptf4,Crypto,26998.92937569002
3,15,ptf4,Stocks,121863.48441072559
3,15,ptf5,Cash,13862.44507628982
3,15,ptf5,Real Estate,64062.507551309885
3,15,ptf5,Precious Metals,16015.626887827471
3,15,ptf5,Bonds,96093.76132696483
3,15,ptf5,Crypto,16015.626887827471
3,15,ptf5,Stocks,128125.01510261977
3,15,returns,Cash,0.0
3,15,returns,Money Market,0.006132812190825623
3,15,returns,Bonds,0.09732669389039554
3,15,returns,Stocks,-0.04887047768836627
3,15,returns,Crypto,0.685786611088593
3,15,returns,Precious Metals,-0.03967915803501748
3,15,returns,Real Estate,-0.05134007652440154
3,15,contributions,,0.0
3,15,withdrawals,,50000.0
3,15,availableCash,,3712.6458172164857
3,15,cashBuffer,,150000.0
3,15,cashDepletion,,50000.0
3,15,shortfall,,0.0
3,15,cashReplenishment,,10149.799259073334
3,15,financialGainLoss,,10149.799259073334
3,16,ptf_bop,Cash,13862.44507628982
3,16,ptf_bop,Real Estate,64062.507551309885
3,16,ptf_bop,Precious Metals,16015.626887827471
3,16,ptf_bop,Bonds,96093.76132696483
3,16,ptf_bop,Crypto,16015.626887827471
3,16,ptf_bop,Stocks,128125.01510261977
3,16,ptf_eop,Cash,0.0
3,16,ptf_eop,Real Estate,63008.82094645155
3,16,ptf_eop,Precious Metals,15181.849722618243
3,16,ptf_eop,Bonds,82935.17475072964
3,16,ptf_eop,Crypto,14711.34897013709
3,16,ptf_eop,Stocks,104198.95226146412
3,16,ptf1,Cash,0.0
3,16,ptf1,Real Estate,64062.507551309885
3,16,ptf1,Precious Metals,16015.626887827471
3,16,ptf1,Bonds,59956.20640325465
3,16,ptf1,Crypto,16015.626887827471
3,16,ptf1,Stocks,128125.01510261977
3,16,ptf2,Cash,0.0
3,16,ptf2,Real Estate,56834.99656656785
3,16,ptf2,Precious Metals,14208.749141641962
3,16,ptf2,Bonds,85252.49484985176
3,16,ptf2,Crypto,14208.749141641962
3,16,ptf2,Stocks,113669.9931331357
3,16,ptf3,Cash,0.0
3,16,ptf3,Real Estate,63008.82094645155
3,16,ptf3,Precious Metals,15181.849722618243
3,16,ptf3,Bonds,82935.17475072964
3,16,ptf3,Crypto,14711.34897013709
3,16,ptf3,Stocks,104198.95226146412
3,16,ptf4,Cash,0.0
3,16,ptf4,Real Estate,63008.82094645155
3,16,ptf4,Precious Metals,15181.849722618243
3,16,ptf4,Bonds,82935.17475072964
3,16,ptf4,Crypto,14711.34897013709
3,16,ptf4,Stocks,104198.95226146412
3,16,ptf5,Cash,0.0
3,16,ptf5,Real Estate,63008.82094645155
3,16,ptf5,Precious Metals,15181.849722618243
3,16,ptf5,Bonds,82935.17475072964
3,16,ptf5,Crypto,14711.34897013709
3,16,ptf5,Stocks,104198.95226146412
3,16,returns,Cash,0.0
3,16,returns,Money Market,-0.03409106552490854
3,16,returns,Bonds,-0.02718184497947453
3,16,returns,Stocks,-0.0833205018370912
3,16,returns,Crypto,0.035372559785867744
3,16,returns,Precious Metals,0.06848601317932959
3,16,returns,Real Estate,0.10862716201016447
3,16,contributions,,0.0
3,16,withdrawals,,50000.0
3,16,availableCash,,0.0
3,16,cashBuffer,,150000.0
3,16,cashDepletion,,13862.44507628982
3,16,shortfall,,36137.55492371018
3,16,cashReplenishment,,0
3,16,financialGainLoss,,-4138.836181438586
3,17,ptf_bop,Cash,0.0
3,17,ptf_bop,Real Estate,63008.82094645155
3,17,ptf_bop,Precious Metals,15181.849722618243
3,17,ptf_bop,Bonds,82935.17475072964
3,17,ptf_bop,Crypto,14711.34897013709
3,17,ptf_bop,Stocks,104198.95226146412
3,17,ptf_eop,Cash,13814.985249813035
3,17,ptf_eop,Real Estate,46007.22933028013
3,17,ptf_eop,Precious Metals,11501.807332570033
3,17,ptf_eop,Bonds,69010.8439954202
3,17,ptf_eop,Crypto,11501.807332570033
3,17,ptf_eop,Stocks,92014.45866056027
3,17,ptf1,Cash,0.0
3,17,ptf1,Real Estate,63008.82094645155
3,17,ptf1,Precious Metals,15181.849722618243
3,17,ptf1,Bonds,32935.17475072964
3,17,ptf1,Crypto,14711.34897013709
3,17,ptf1,Stocks,104198.95226146412
3,17,ptf2,Cash,0.0
3,17,ptf2,Real Estate,46007.22933028013
3,17,ptf2,Precious Metals,11501.807332570033
3,17,ptf2,Bonds,69010.8439954202
3,17,ptf2,Crypto,11501.807332570033
3,17,ptf2,Stocks,92014.45866056027
3,17,ptf3,Cash,0.0
3,17,ptf3,Real Estate,44582.25223995822
3,17,ptf3,Precious Metals,10293.738509536402
3,17,ptf3,Bonds,74553.76171992475
3,17,ptf3,Crypto,11728.407955352377
3,17,ptf3,Stocks,102692.97147644195
3,17,ptf4,Cash,13814.985249813035
3,17,ptf4,Real Estate,44582.25223995822
3,17,ptf4,Precious Metals,10293.738509536402
3,17,ptf4,Bonds,60738.77647011171
3,17,ptf4,Crypto,11728.407955352377
3,17,ptf4,Stocks,102692.97147644195
3,17,ptf5,Cash,13814.985249813035
3,17,ptf5,Real Estate,46007.22933028013
3,17,ptf5,Precious Metals,11501.807332570033
3,17,ptf5,Bonds,69010.8439954202
3,17,ptf5,Crypto,11501.807332570033
3,17,ptf5,Stocks,92014.45866056027
3,17,returns,Cash,0.0
3,17,returns,Money Market,0.06797580991290463
3,17,returns,Bonds,0.08031951797129722
3,17,returns,Stocks,0.116052552732767
3,17,returns,Crypto,0.019701305736592553
3,17,returns,Precious Metals,-0.10503295596099096
3,17,returns,Real Estate,-0.03097289515289395
3,17,contributions,,0.0
3,17,withdrawals,,50000.0
3,17,availableCash,,0.0
3,17,cashBuffer,,150000.0
3,17,cashDepletion,,0.0
3,17,shortfall,,50000.0
3,17,cashReplenishment,,13814.985249813035
3,17,financialGainLoss,,13814.985249813035
3,18,ptf_bop,Cash,13814.985249813035
3,18,ptf_bop,Real Estate,46007.22933028013
3,18,ptf_bop,Precious Metals,11501.807332570033
3,18,ptf_bop,Bonds,69010.8439954202
3,18,ptf_bop,Crypto,11501.807332570033
3,18,ptf_bop,Stocks,92014.45866056027
3,18,ptf_eop,Cash,10849.296963776229
3,18,ptf_eop,Real Estate,38770.22638024274
3,18,ptf_eop,Precious Metals,9692.556595060685
3,18,ptf_eop,Bonds,58155.33957036411
3,18,ptf_eop,Crypto,9692.556595060685
3,18,ptf_eop,Stocks,77540.45276048548
3,18,ptf1,Cash,0.0
3,18,ptf1,Real Estate,46007.22933028013
3,18,ptf1,Precious Metals,11501.807332570033
3,18,ptf1,Bonds,32825.82924523324
3,18,ptf1,Crypto,11501.807332570033
3,18,ptf1,Stocks,92014.45866056027
3,18,ptf2,Cash,0.0
3,18,ptf2,Real Estate,38770.22638024274
3,18,ptf2,Precious Metals,9692.556595060685
3,18,ptf2,Bonds,58155.33957036411
3,18,ptf2,Crypto,9692.556595060685
3,18,ptf2,Stocks,77540.45276048548
3,18,ptf3,Cash,0.0
3,18,ptf3,Real Estate,35964.02237477974
3,18,ptf3,Precious Metals,11231.569649369883
3,18,ptf3,Bonds,53487.24302010142
3,18,ptf3,Crypto,10761.834108874811
3,18,ptf3,Stocks,93255.75971186406
3,18,ptf4,Cash,10849.296963776229
3,18,ptf4,Real Estate,35964.02237477974
3,18,ptf4,Precious Metals,11231.569649369883
3,18,ptf4,Bonds,42637.94605632519
3,18,ptf4,Crypto,10761.834108874811
3,18,ptf4,Stocks,93255.75971186406
3,18,ptf5,Cash,10849.296963776229
3,18,ptf5,Real Estate,38770.22638024274
3,18,ptf5,Precious Metals,9692.556595060685
3,18,ptf5,Bonds,58155.33957036411
3,18,ptf5,Crypto,9692.556595060685
3,18,ptf5,Stocks,77540.45276048548
3,18,returns,Cash,0.0
3,18,returns,Money Market,-0.009181041607790874
3,18,returns,Bonds,-0.08026944017091674
3,18,returns,Stocks,0.20267236509337322
3,18,returns,Crypto,0.11031945011897364
3,18,returns,Precious Metals,0.15878298354156403
3,18,returns,Real Estate,-0.07238038741226015
3,18,contributions,,0.0
3,18,withdrawals,,50000.0
3,18,availableCash,,0.0
3,18,cashBuffer,,150000.0
3,18,cashDepletion,,13814.985249813035
3,18,shortfall,,36185.014750186965
3,18,cashReplenishment,,10849.296963776229
3,18,financialGainLoss,,10849.296963776229
3,19,ptf_bop,Cash,10849.296963776229
3,19,ptf_bop,Real Estate,38770.22638024274
3,19,ptf_bop,Precious Metals,9692.556595060685
3,19,ptf_bop,Bonds,58155.33957036411
3,19,ptf_bop,Crypto,9692.556595060685
3,19,ptf_bop,Stocks,77540.45276048548
3,19,ptf_eop,Cash,0.0
3,19,ptf_eop,Real Estate,30996.167561449824
3,19,ptf_eop,Precious Metals,8991.1977809382
3,19,ptf_eop,Bonds,48502.13581227108
3,19,ptf_eop,Crypto,9680.593830594673
3,19,ptf_eop,Stocks,54833.91825024099
3,19,ptf1,Cash,0.0
3,19,ptf1,Real Estate,38770.22638024274
3,19,ptf1,Precious Metals,9692.556595060685
3,19,ptf1,Bonds,19004.636534140336
3,19,ptf1,Crypto,9692.556595060685
3,19,ptf1,Stocks,77540.45276048548
3,19,ptf2,Cash,0.0
3,19,ptf2,Real Estate,30940.085772997983
3,19,ptf2,Precious Metals,7735.021443249496
3,19,ptf2,Bonds,46410.12865949698
3,19,ptf2,Crypto,7735.021443249496
3,19,ptf2,Stocks,61880.17154599597
3,19,ptf3,Cash,0.0
3,19,ptf3,Real Estate,30996.167561449824
3,19,ptf3,Precious Metals,8991.1977809382
3,19,ptf3,Bonds,48502.13581227108
3,19,ptf3,Crypto,9680.593830594673
3,19,ptf3,Stocks,54833.91825024099
3,19,ptf4,Cash,0.0
3,19,ptf4,Real Estate,30996.167561449824
3,19,ptf4,Precious Metals,8991.1977809382
3,19,ptf4,Bonds,48502.13581227108
3,19,ptf4,Crypto,9680.593830594673
3,19,ptf4,Stocks,54833.91825024099
3,19,ptf5,Cash,0.0
3,19,ptf5,Real Estate,30996.167561449824
3,19,ptf5,Precious Metals,8991.1977809382
3,19,ptf5,Bonds,48502.13581227108
3,19,ptf5,Crypto,9680.593830594673
3,19,ptf5,Stocks,54833.91825024099
3,19,returns,Cash,0.0
3,19,returns,Money Market,-0.021196982178026305
3,19,returns,Bonds,0.04507652129393544
3,19,returns,Stocks,-0.11386932388378156
3,19,returns,Crypto,0.251527730287434
3,19,returns,Precious Metals,0.1624011448326356
3,19,returns,Real Estate,0.0018125931797119321
3,19,contributions,,0.0
3,19,withdrawals,,50000.0
3,19,availableCash,,0.0
3,19,cashBuffer,,150000.0
3,19,cashDepletion,,10849.296963776229
3,19,shortfall,,39150.70303622377
3,19,cashReplenishment,,0
3,19,financialGainLoss,,-1696.415629495139
3,20,ptf_bop,Cash,0.0
3,20,ptf_bop,Real Estate,30996.167561449824
3,20,ptf_bop,Precious Metals,8991.1977809382
3,20,ptf_bop,Bonds,48502.13581227108
3,20,ptf_bop,Crypto,9680.593830594673
3,20,ptf_bop,Stocks,54833.91825024099
3,20,ptf_eop,Cash,8227.054528400258
3,20,ptf_eop,Real Estate,20600.802647098953
3,20,ptf_eop,Precious Metals,5150.200661774738
3,20,ptf_eop,Bonds,30901.203970648432
3,20,ptf_eop,Crypto,5150.200661774738
3,20,ptf_eop,Stocks,41201.60529419791
3,20,ptf1,Cash,0.0
3,20,ptf1,Real Estate,30996.167561449824
3,20,ptf1,Precious Metals,8991.1977809382
3,20,ptf1,Bonds,-1497.8641877289192
3,20,ptf1,Crypto,9680.593830594673
3,20,ptf1,Stocks,54833.91825024099
3,20,ptf2,Cash,0.0
3,20,ptf2,Real Estate,20600.802647098953
3,20,ptf2,Precious Metals,5150.200661774738
3,20,ptf2,Bonds,30901.203970648432
3,20,ptf2,Crypto,5150.200661774738
3,20,ptf2,Stocks,41201.60529419791
3,20,ptf3,Cash,0.0
3,20,ptf3,Real Estate,22057.993177501656
3,20,ptf3,Precious Metals,4518.507240206612
3,20,ptf3,Bonds,28786.046823135257
3,20,ptf3,Crypto,7592.431796360048
3,20,ptf3,Stocks,48276.08872669145
3,20,ptf4,Cash,8227.054528400258
3,20,ptf4,Real Estate,22057.993177501656
3,20,ptf4,Precious Metals,4518.507240206612
3,20,ptf4,Bonds,20558.992294735
3,20,ptf4,Crypto,7592.431796360048
3,20,ptf4,Stocks,48276.08872669145
3,20,ptf5,Cash,8227.054528400258
3,20,ptf5,Real Estate,20600.802647098953
3,20,ptf5,Precious Metals,5150.200661774738
3,20,ptf5,Bonds,30901.203970648432
3,20,ptf5,Crypto,5150.200661774738
3,20,ptf5,Stocks,41201.60529419791
3,20,returns,Cash,0.0
3,20,returns,Money Market,-0.014027463017810262
3,20,returns,Bonds,-0.06844902061169723
3,20,returns,Stocks,0.17170407274130625
3,20,returns,Crypto,0.4742011612696516
3,20,returns,Precious Metals,-0.12265413778080787
3,20,returns,Real Estate,0.0707346483224481
3,20,contributions,,0.0
3,20,withdrawals,,50000.0
3,20,availableCash,,0.0
3,20,cashBuffer,,150000.0
3,20,cashDepletion,,0.0
3,20,shortfall,,50000.0
3,20,cashReplenishment,,8227.054528400258
3,20,financialGainLoss,,8227.054528400258
4,1,ptf_bop,Cash,150000.0
4,1,ptf_bop,Real Estate,170000.0
4,1,ptf_bop,Precious Metals,42500.0
4,1,ptf_bop,Bonds,255000.0
4,1,ptf_bop,Crypto,42500.0
4,1,ptf_bop,Stocks,340000.0
4,1,ptf_eop,Cash,150000.0
4,1,ptf_eop,Real Estate,185284.13202122928
4,1,ptf_eop,Precious Metals,46321.03300530732
4,1,ptf_eop,Bonds,277926.1980318439
4,1,ptf_eop,Crypto,46321.03300530732
4,1,ptf_eop,Stocks,370568.26404245856
4,1,ptf1,Cash,100000.0
4,1,ptf1,Real Estate,170000.0
4,1,ptf1,Precious Metals,42500.0
4,1,ptf1,Bonds,255000.0
4,1,ptf1,Crypto,42500.0
4,1,ptf1,Stocks,340000.0
4,1,ptf2,Cash,100000.0
4,1,ptf2,Real Estate,170000.0
4,1,ptf2,Precious Metals,42500.0
4,1,ptf2,Bonds,255000.0
4,1,ptf2,Crypto,42500.0
4,1,ptf2,Stocks,340000.0
4,1,ptf3,Cash,100000.0
4,1,ptf3,Real Estate,144116.56042981346
4,1,ptf3,Precious Metals,45601.16724923713
4,1,ptf3,Bonds,245016.10643662035
4,1,ptf3,Crypto,72734.43041780237
4,1,ptf3,Stocks,468952.3955726729
4,1,ptf4,Cash,150000.0
4,1,ptf4,Real Estate,144116.56042981346
4,1,ptf4,Precious Metals,45601.16724923713
4,1,ptf4,Bonds,195016.10643662035
4,1,ptf4,Crypto,72734.43041780237
4,1,ptf4,Stocks,468952.3955726729
4,1,ptf5,Cash,150000.0
4,1,ptf5,Real Estate,185284.13202122928
4,1,ptf5,Precious Metals,46321.03300530732
4,1,ptf5,Bonds,277926.1980318439
4,1,ptf5,Crypto,46321.03300530732
4,1,ptf5,Stocks,370568.26404245856
4,1,returns,Cash,0.0
4,1,returns,Money Market,-0.018202157297458693
4,1,returns,Bonds,-0.03915252377795939
4,1,returns,Stocks,0.3792717516843321
4,1,returns,Crypto,0.7113983627718207
4,1,returns,Precious Metals,0.0729686411585206
4,1,returns,Real Estate,-0.15225552688345026
4,1,contributions,,0.0
4,1,withdrawals,,50000.0
4,1,availableCash,,100000.0
4,1,cashBuffer,,150000.0
4,1,cashDepletion,,50000.0
4,1,shortfall,,0.0
4,1,cashReplenishment,,50000.0
4,1,financialGainLoss,,126420.66010614624
4,2,ptf_bop,Cash,150000.0
4,2,ptf_bop,Real Estate,185284.13202122928
4,2,ptf_bop,Precious Metals,46321.03300530732
4,2,ptf_bop,Bonds,277926.1980318439
4,2,ptf_bop,Crypto,46321.03300530732
4,2,ptf_bop,Stocks,370568.26404245856
4,2,ptf_eop,Cash,100000.0
4,2,ptf_eop,Real Estate,139397.69296047528
4,2,ptf_eop,Precious Metals,46683.83620209361
4,2,ptf_eop,Bonds,297464.4385364555
4,2,ptf_eop,Crypto,57961.828079862345
4,2,ptf_eop,Stocks,272712.91082652856
4,2,ptf1,Cash,100000.0
4,2,ptf1,Real Estate,185284.13202122928
4,2,ptf1,Precious Metals,46321.03300530732
4,2,ptf1,Bonds,277926.1980318439
4,2,ptf1,Crypto,46321.03300530732
4,2,ptf1,Stocks,370568.26404245856
4,2,ptf2,Cash,100000.0
4,2,ptf2,Real Estate,185284.13202122928
4,2,ptf2,Precious Metals,46321.03300530732
4,2,ptf2,Bonds,277926.1980318439
4,2,ptf2,Crypto,46321.03300530732
4,2,ptf2,Stocks,370568.26404245856
4,2,ptf3,Cash,100000.0
4,2,ptf3,Real Estate,139397.69296047528
4,2,ptf3,Precious Metals,46683.83620209361
4,2,ptf3,Bonds,297464.4385364555
4,2,ptf3,Crypto,57961.828079862345
4,2,ptf3,Stocks,272712.91082652856
4,2,ptf4,Cash,100000.0
4,2,ptf4,Real Estate,139397.69296047528
4,2,ptf4,Precious Metals,46683.83620209361
4,2,ptf4,Bonds,297464.4385364555
4,2,ptf4,Crypto,57961.828079862345
4,2,ptf4,Stocks,272712.91082652856
4,2,ptf5,Cash,100000.0
4,2,ptf5,Real Estate,139397.69296047528
4,2,ptf5,Precious Metals,46683.83620209361
4,2,ptf5,Bonds,297464.4385364555
4,2,ptf5,Crypto,57961.828079862345
4,2,ptf5,Stocks,272712.91082652856
4,2,returns,Cash,0.0
4,2,returns,Money Market,-0.005184397022035465
4,2,returns,Bonds,0.07030010356336772
4,2,returns,Stocks,-0.2640683585486911
4,2,returns,Crypto,0.25130689708973597
4,2,returns,Precious Metals,0.007832364117283911
4,2,returns,Real Estate,-0.24765444595922798
4,2,contributions,,0.0
4,2,withdrawals,,50000.0
4,2,availableCash,,100000.0
4,2,cashBuffer,,150000.0
4,2,cashDepletion,,50000.0
4,2,shortfall,,0.0
4,2,cashReplenishment,,0
4,2,financialGainLoss,,-112199.95350073103
4,3,ptf_bop,Cash,100000.0
4,3,ptf_bop,Real Estate,139397.69296047528
4,3,ptf_bop,Precious Metals,46683.83620209361
4,3,ptf_bop,Bonds,297464.4385364555
4,3,ptf_bop,Crypto,57961.828079862345
4,3,ptf_bop,Stocks,272712.91082652856
4,3,ptf_eop,Cash,106655.38986862451
4,3,ptf_eop,Real Estate,162844.1413210831
4,3,ptf_eop,Precious Metals,40711.03533027077
4,3,ptf_eop,Bonds,244266.21198162463
4,3,ptf_eop,Crypto,40711.03533027077
4,3,ptf_eop,Stocks,325688.2826421662
4,3,ptf1,Cash,50000.0
4,3,ptf1,Real Estate,139397.69296047528
4,3,ptf1,Precious Metals,46683.83620209361
4,3,ptf1,Bonds,297464.4385364555
4,3,ptf1,Crypto,57961.828079862345
4,3,ptf1,Stocks,272712.91082652856
4,3,ptf2,Cash,50000.0
4,3,ptf2,Real Estate,162844.14132108307
4,3,ptf2,Precious Metals,40711.035330270766
4,3,ptf2,Bonds,244266.2119816246
4,3,ptf2,Crypto,40711.035330270766
4,3,ptf2,Stocks,325688.28264216613
4,3,ptf3,Cash,50000.0
4,3,ptf3,Real Estate,166392.47182846387
4,3,ptf3,Precious Metals,46603.53352907218
4,3,ptf3,Bonds,286309.45348613244
4,3,ptf3,Crypto,37263.35427084325
4,3,ptf3,Stocks,334307.2833595282
4,3,ptf4,Cash,106655.38986862451
4,3,ptf4,Real Estate,166392.47182846387
4,3,ptf4,Precious Metals,46603.53352907218
4,3,ptf4,Bonds,229654.06361750793
4,3,ptf4,Crypto,37263.35427084325
4,3,ptf4,Stocks,334307.2833595282
4,3,ptf5,Cash,106655.38986862451
4,3,ptf5,Real Estate,162844.1413210831
4,3,ptf5,Precious Metals,40711.03533027077
4,3,ptf5,Bonds,244266.21198162463
4,3,ptf5,Crypto,40711.03533027077
4,3,ptf5,Stocks,325688.2826421662
4,3,returns,Cash,0.0
4,3,returns,Money Market,0.03373731244946403
4,3,returns,Bonds,0.17212057764121125
4,3,returns,Stocks,0.026463957031060303
4,3,returns,Crypto,-0.0846866465433264
4,3,returns,Precious Metals,0.1447395810742263
4,3,returns,Real Estate,0.021789733905037946
4,3,contributions,,0.0
4,3,withdrawals,,50000.0
4,3,availableCash,,50000.0
4,3,cashBuffer,,150000.0
4,3,cashDepletion,,50000.0
4,3,shortfall,,0.0
4,3,cashReplenishment,,56655.38986862451
4,3,financialGainLoss,,56655.38986862451
4,4,ptf_bop,Cash,106655.38986862451
4,4,ptf_bop,Real Estate,162844.1413210831
4,4,ptf_bop,Precious Metals,40711.03533027077
4,4,ptf_bop,Bonds,244266.21198162463
4,4,ptf_bop,Crypto,40711.03533027077
4,4,ptf_bop,Stocks,325688.2826421662
4,4,ptf_eop,Cash,93003.90130866342
4,4,ptf_eop,Real Estate,162844.14132108312
4,4,ptf_eop,Precious Metals,40711.03533027078
4,4,ptf_eop,Bonds,244266.21198162466
4,4,ptf_eop,Crypto,40711.03533027078
4,4,ptf_eop,Stocks,325688.28264216625
4,4,ptf1,Cash,56655.38986862451
4,4,ptf1,Real Estate,162844.1413210831
4,4,ptf1,Precious Metals,40711.03533027077
4,4,ptf1,Bonds,244266.21198162463
4,4,ptf1,Crypto,40711.03533027077
4,4,ptf1,Stocks,325688.2826421662
4,4,ptf2,Cash,56655.38986862451
4,4,ptf2,Real Estate,162844.1413210831
4,4,ptf2,Precious Metals,40711.03533027077
4,4,ptf2,Bonds,244266.21198162463
4,4,ptf2,Crypto,40711.03533027077
4,4,ptf2,Stocks,325688.2826421662
4,4,ptf3,Cash,56655.38986862451
4,4,ptf3,Real Estate,192392.52898071505
4,4,ptf3,Precious Metals,40347.11078561453
4,4,ptf3,Bonds,309529.9115672182
4,4,ptf3,Crypto,23117.043362424483
4,4,ptf3,Stocks,285182.62334948214
4,4,ptf4,Cash,93003.90130866342
4,4,ptf4,Real Estate,192392.52898071505
4,4,ptf4,Precious Metals,40347.11078561453
4,4,ptf4,Bonds,273181.4001271793
4,4,ptf4,Crypto,23117.043362424483
4,4,ptf4,Stocks,285182.62334948214
4,4,ptf5,Cash,93003.90130866342
4,4,ptf5,Real Estate,162844.14132108312
4,4,ptf5,Precious Metals,40711.03533027078
4,4,ptf5,Bonds,244266.21198162466
4,4,ptf5,Crypto,40711.03533027078
4,4,ptf5,Stocks,325688.28264216625
4,4,returns,Cash,0.0
4,4,returns,Money Market,-0.009531548686867343
4,4,returns,Bonds,0.267182673592626
4,4,returns,Stocks,-0.12436940919114242
4,4,returns,Crypto,-0.4321676377206807
4,4,returns,Precious Metals,-0.008939211240978722
4,4,returns,Real Estate,0.18145195411955775
4,4,contributions,,0.0
4,4,withdrawals,,50000.0
4,4,availableCash,,56655.38986862451
4,4,cashBuffer,,150000.0
4,4,cashDepletion,,50000.0
4,4,shortfall,,0.0
4,4,cashReplenishment,,36348.511440038914
4,4,financialGainLoss,,36348.511440038914
4,5,ptf_bop,Cash,93003.90130866342
4,5,ptf_bop,Real Estate,162844.14132108312
4,5,ptf_bop,Precious Metals,40711.03533027078
4,5,ptf_bop,Bonds,244266.21198162466
4,5,ptf_bop,Crypto,40711.03533027078
4,5,ptf_bop,Stocks,325688.28264216625
4,5,ptf_eop,Cash,127324.45395530271
4,5,ptf_eop,Real Estate,162844.1413210831
4,5,ptf_eop,Precious Metals,40711.03533027077
4,5,ptf_eop,Bonds,244266.21198162463
4,5,ptf_eop,Crypto,40711.03533027077
4,5,ptf_eop,Stocks,325688.2826421662
4,5,ptf1,Cash,43003.90130866342
4,5,ptf1,Real Estate,162844.14132108312
4,5,ptf1,Precious Metals,40711.03533027078
4,5,ptf1,Bonds,244266.21198162466
4,5,ptf1,Crypto,40711.03533027078
4,5,ptf1,Stocks,325688.28264216625
4,5,ptf2,Cash,43003.90130866342
4,5,ptf2,Real Estate,162844.14132108312
4,5,ptf2,Precious Metals,40711.03533027078
4,5,ptf2,Bonds,244266.21198162466
4,5,ptf2,Crypto,40711.03533027078
4,5,ptf2,Stocks,325688.28264216625
4,5,ptf3,Cash,43003.90130866342
4,5,ptf3,Real Estate,204273.69428363422
4,5,ptf3,Precious Metals,48373.76331540881
4,5,ptf3,Bonds,260432.51474300475
4,5,ptf3,Crypto,58435.809483245976
4,5,ptf3,Stocks,327025.477426761
4,5,ptf4,Cash,127324.45395530271
4,5,ptf4,Real Estate,204273.69428363422
4,5,ptf4,Precious Metals,48373.76331540881
4,5,ptf4,Bonds,176111.96209636546
4,5,ptf4,Crypto,58435.809483245976
4,5,ptf4,Stocks,327025.477426761
4,5,ptf5,Cash,127324.45395530271
4,5,ptf5,Real Estate,162844.1413210831
4,5,ptf5,Precious Metals,40711.03533027077
4,5,ptf5,Bonds,244266.21198162463
4,5,ptf5,Crypto,40711.03533027077
4,5,ptf5,Stocks,325688.2826421662
4,5,returns,Cash,0.0
4,5,returns,Money Market,0.023985017369049965
4,5,returns,Bonds,0.06618313122486308
4,5,returns,Stocks,0.004105750362729319
4,5,returns,Crypto,0.43538008820414104
4,5,returns,Precious Metals,0.18822238056521223
4,5,returns,Real Estate,0.2544123026253895
4,5,contributions,,0.0
4,5,withdrawals,,50000.0
4,5,availableCash,,43003.90130866342
4,5,cashBuffer,,150000.0
4,5,cashDepletion,,50000.0
4,5,shortfall,,0.0
4,5,cashReplenishment,,84320.55264663929
4,5,financialGainLoss,,84320.55264663929
4,6,ptf_bop,Cash,127324.45395530271
4,6,ptf_bop,Real Estate,162844.1413210831
4,6,ptf_bop,Precious Metals,40711.03533027077
4,6,ptf_bop,Bonds,244266.21198162463
4,6,ptf_bop,Crypto,40711.03533027077
4,6,ptf_bop,Stocks,325688.2826421662
4,6,ptf_eop,Cash,150000.0
4,6,ptf_eop,Real Estate,176171.2759162406
4,6,ptf_eop,Precious Metals,44042.81897906015
4,6,ptf_eop,Bonds,264256.9138743609
4,6,ptf_eop,Crypto,44042.81897906015
4,6,ptf_eop,Stocks,352342.5518324812
4,6,ptf1,Cash,77324.45395530271
4,6,ptf1,Real Estate,162844.1413210831
4,6,ptf1,Precious Metals,40711.03533027077
4,6,ptf1,Bonds,244266.21198162463
4,6,ptf1,Crypto,40711.03533027077
4,6,ptf1,Stocks,325688.2826421662
4,6,ptf2,Cash,77324.45395530271
4,6,ptf2,Real Estate,162844.1413210831
4,6,ptf2,Precious Metals,40711.03533027077
4,6,ptf2,Bonds,244266.21198162463
4,6,ptf2,Crypto,40711.03533027077
4,6,ptf2,Stocks,325688.2826421662
4,6,ptf3,Cash,77324.45395530271
4,6,ptf3,Real Estate,161869.1118197071
4,6,ptf3,Precious Metals,35186.80002607472
4,6,ptf3,Bonds,258969.87926242346
4,6,ptf3,Crypto,63065.51492429474
4,6,ptf3,Stocks,434440.6195934002
4,6,ptf4,Cash,150000.0
4,6,ptf4,Real Estate,161869.1118197071
4,6,ptf4,Precious Metals,35186.80002607472
4,6,ptf4,Bonds,186294.33321772618
4,6,ptf4,Crypto,63065.51492429474
4,6,ptf4,Stocks,434440.6195934002
4,6,ptf5,Cash,150000.0
4,6,ptf5,Real Estate,176171.2759162406
4,6,ptf5,Precious Metals,44042.81897906015
4,6,ptf5,Bonds,264256.9138743609
4,6,ptf5,Crypto,44042.81897906015
4,6,ptf5,Stocks,352342.5518324812
4,6,returns,Cash,0.0
4,6,returns,Money Market,-0.0027477817911114887
4,6,returns,Bonds,0.0601952564847772
4,6,returns,Stocks,0.33391541159839716
4,6,returns,Crypto,0.5491012304814131
4,6,returns,Precious Metals,-0.1356938053621175
4,6,returns,Real Estate,-0.005987501260198997
4,6,contributions,,0.0
4,6,withdrawals,,50000.0
4,6,availableCash,,77324.45395530271
4,6,cashBuffer,,150000.0
4,6,cashDepletion,,50000.0
4,6,shortfall,,0.0
4,6,cashReplenishment,,72675.54604469729
4,6,financialGainLoss,,139311.2190204847
4,7,ptf_bop,Cash,150000.0
4,7,ptf_bop,Real Estate,176171.2759162406
4,7,ptf_bop,Precious Metals,44042.81897906015
4,7,ptf_bop,Bonds,264256.9138743609
4,7,ptf_bop,Crypto,44042.81897906015
4,7,ptf_bop,Stocks,352342.5518324812
4,7,ptf_eop,Cash,120288.59740726592
4,7,ptf_eop,Real Estate,176171.2759162406
4,7,ptf_eop,Precious Metals,44042.81897906015
4,7,ptf_eop,Bonds,264256.9138743609
4,7,ptf_eop,Crypto,44042.81897906015
4,7,ptf_eop,Stocks,352342.5518324812
4,7,ptf1,Cash,100000.0
4,7,ptf1,Real Estate,176171.2759162406
4,7,ptf1,Precious Metals,44042.81897906015
4,7,ptf1,Bonds,264256.9138743609
4,7,ptf1,Crypto,44042.81897906015
4,7,ptf1,Stocks,352342.5518324812
4,7,ptf2,Cash,100000.0
4,7,ptf2,Real Estate,176171.2759162406
4,7,ptf2,Precious Metals,44042.81897906015
4,7,ptf2,Bonds,264256.9138743609
4,7,ptf2,Crypto,44042.81897906015
4,7,ptf2,Stocks,352342.5518324812
4,7,ptf3,Cash,100000.0
4,7,ptf3,Real Estate,199668.11855460965
4,7,ptf3,Precious Metals,47335.47239345251
4,7,ptf3,Bonds,247365.59788355225
4,7,ptf3,Crypto,38429.99771019568
4,7,ptf3,Stocks,368345.79044665885
4,7,ptf4,Cash,120288.59740726592
4,7,ptf4,Real Estate,199668.11855460965
4,7,ptf4,Precious Metals,47335.47239345251
4,7,ptf4,Bonds,227077.00047628634
4,7,ptf4,Crypto,38429.99771019568
4,7,ptf4,Stocks,368345.79044665885
4,7,ptf5,Cash,120288.59740726592
4,7,ptf5,Real Estate,176171.2759162406
4,7,ptf5,Precious Metals,44042.81897906015
4,7,ptf5,Bonds,264256.9138743609
4,7,ptf5,Crypto,44042.81897906015
4,7,ptf5,Stocks,352342.5518324812
4,7,returns,Cash,0.0
4,7,returns,Money Market,-0.03710224832257383
4,7,returns,Bonds,-0.06392005319050804
4,7,returns,Stocks,0.045419545640874706
4,7,returns,Crypto,-0.12744010031540076
4,7,returns,Precious Metals,0.07476027853616346
4,7,returns,Real Estate,0.133374992694839
4,7,contributions,,0.0
4,7,withdrawals,,50000.0
4,7,availableCash,,100000.0
4,7,cashBuffer,,150000.0
4,7,cashDepletion,,50000.0
4,7,shortfall,,0.0
4,7,cashReplenishment,,20288.597407265916
4,7,financialGainLoss,,20288.597407265916
4,8,ptf_bop,Cash,120288.59740726592
4,8,ptf_bop,Real Estate,176171.2759162406
4,8,ptf_bop,Precious Metals,44042.81897906015
4,8,ptf_bop,Bonds,264256.9138743609
4,8,ptf_bop,Crypto,44042.81897906015
4,8,ptf_bop,Stocks,352342.5518324812
4,8,ptf_eop,Cash,150000.0
4,8,ptf_eop,Real Estate,176902.8982141796
4,8,ptf_eop,Precious Metals,44225.7245535449
4,8,ptf_eop,Bonds,265354.34732126934
4,8,ptf_eop,Crypto,44225.7245535449
4,8,ptf_eop,Stocks,353805.7964283592
4,8,ptf1,Cash,70288.59740726592
4,8,ptf1,Real Estate,176171.2759162406
4,8,ptf1,Precious Metals,44042.81897906015
4,8,ptf1,Bonds,264256.9138743609
4,8,ptf1,Crypto,44042.81897906015
4,8,ptf1,Stocks,352342.5518324812
4,8,ptf2,Cash,70288.59740726592
4,8,ptf2,Real Estate,176171.2759162406
4,8,ptf2,Precious Metals,44042.81897906015
4,8,ptf2,Bonds,264256.9138743609
4,8,ptf2,Crypto,44042.81897906015
4,8,ptf2,Stocks,352342.5518324812
4,8,ptf3,Cash,70288.59740726592
4,8,ptf3,Real Estate,201369.30990607291
4,8,ptf3,Precious Metals,29099.605664877545
4,8,ptf3,Bonds,267788.31824874924
4,8,ptf3,Crypto,36834.74123386504
4,8,ptf3,Stocks,429133.91861006716
4,8,ptf4,Cash,150000.0
4,8,ptf4,Real Estate,201369.30990607291
4,8,ptf4,Precious Metals,29099.605664877545
4,8,ptf4,Bonds,188076.91565601516
4,8,ptf4,Crypto,36834.74123386504
4,8,ptf4,Stocks,429133.91861006716
4,8,ptf5,Cash,150000.0
4,8,ptf5,Real Estate,176902.8982141796
4,8,ptf5,Precious Metals,44225.7245535449
4,8,ptf5,Bonds,265354.34732126934
4,8,ptf5,Crypto,44225.7245535449
4,8,ptf5,Stocks,353805.7964283592
4,8,returns,Cash,0.0
4,8,returns,Money Market,-0.026441932794585933
4,8,returns,Bonds,0.013363526889848114
4,8,returns,Stocks,0.21794519673597634
4,8,returns,Crypto,-0.16366068095282774
4,8,returns,Precious Metals,-0.3392883030781306
4,8,returns,Real Estate,0.1430314553764857
4,8,contributions,,0.0
4,8,withdrawals,,50000.0
4,8,availableCash,,70288.59740726592
4,8,cashBuffer,,150000.0
4,8,cashDepletion,,50000.0
4,8,shortfall,,0.0
4,8,cashReplenishment,,79711.40259273408
4,8,financialGainLoss,,83369.51408242888
4,9,ptf_bop,Cash,150000.0
4,9,ptf_bop,Real Estate,176902.8982141796
4,9,ptf_bop,Precious Metals,44225.7245535449
4,9,ptf_bop,Bonds,265354.34732126934
4,9,ptf_bop,Crypto,44225.7245535449
4,9,ptf_bop,Stocks,353805.7964283592
4,9,ptf_eop,Cash,150000.0
4,9,ptf_eop,Real Estate,191625.00204238054
4,9,ptf_eop,Precious Metals,47906.250510595135
4,9,ptf_eop,Bonds,287437.50306357077
4,9,ptf_eop,Crypto,47906.250510595135
4,9,ptf_eop,Stocks,383250.0040847611
4,9,ptf1,Cash,100000.0
4,9,ptf1,Real Estate,176902.8982141796
4,9,ptf1,Precious Metals,44225.7245535449
4,9,ptf1,Bonds,265354.34732126934
4,9,ptf1,Crypto,44225.7245535449
4,9,ptf1,Stocks,353805.7964283592
4,9,ptf2,Cash,100000.0
4,9,ptf2,Real Estate,176902.8982141796
4,9,ptf2,Precious Metals,44225.7245535449
4,9,ptf2,Bonds,265354.34732126934
4,9,ptf2,Crypto,44225.7245535449
4,9,ptf2,Stocks,353805.7964283592
4,9,ptf3,Cash,100000.0
4,9,ptf3,Real Estate,238636.74674309738
4,9,ptf3,Precious Metals,36087.70040252666
4,9,ptf3,Bonds,255799.40402408413
4,9,ptf3,Crypto,55010.26035925574
4,9,ptf3,Stocks,422590.8986829389
4,9,ptf4,Cash,150000.0
4,9,ptf4,Real Estate,238636.74674309738
4,9,ptf4,Precious Metals,36087.70040252666
4,9,ptf4,Bonds,205799.40402408413
4,9,ptf4,Crypto,55010.26035925574
4,9,ptf4,Stocks,422590.8986829389
4,9,ptf5,Cash,150000.0
4,9,ptf5,Real Estate,191625.00204238054
4,9,ptf5,Precious Metals,47906.250510595135
4,9,ptf5,Bonds,287437.50306357077
4,9,ptf5,Crypto,47906.250510595135
4,9,ptf5,Stocks,383250.0040847611
4,9,returns,Cash,0.0
4,9,returns,Money Market,-0.023577649209150855
4,9,returns,Bonds,-0.03600824103181874
4,9,returns,Stocks,0.1944148539932351
4,9,returns,Crypto,0.24385209998433857
4,9,returns,Precious Metals,-0.1840110983634735
4,9,returns,Real Estate,0.3489702495104151
4,9,contributions,,0.0
4,9,withdrawals,,50000.0
4,9,availableCash,,100000.0
4,9,cashBuffer,,150000.0
4,9,cashDepletion,,50000.0
4,9,shortfall,,0.0
4,9,cashReplenishment,,50000.0
4,9,financialGainLoss,,123610.51914100489
4,10,ptf_bop,Cash,150000.0
4,10,ptf_bop,Real Estate,191625.00204238054
4,10,ptf_bop,Precious Metals,47906.250510595135
4,10,ptf_bop,Bonds,287437.50306357077
4,10,ptf_bop,Crypto,47906.250510595135
4,10,ptf_bop,Stocks,383250.0040847611
4,10,ptf_eop,Cash,150000.0
4,10,ptf_eop,Real Estate,206532.24324683563
4,10,ptf_eop,Precious Metals,51633.06081170891
4,10,ptf_eop,Bonds,309798.3648702534
4,10,ptf_eop,Crypto,51633.06081170891
4,10,ptf_eop,Stocks,413064.48649367125
4,10,ptf1,Cash,100000.0
4,10,ptf1,Real Estate,191625.00204238054
4,10,ptf1,Precious Metals,47906.250510595135
4,10,ptf1,Bonds,287437.50306357077
4,10,ptf1,Crypto,47906.250510595135
4,10,ptf1,Stocks,383250.0040847611
4,10,ptf2,Cash,100000.0
4,10,ptf2,Real Estate,191625.00204238054
4,10,ptf2,Precious Metals,47906.250510595135
4,10,ptf2,Bonds,287437.50306357077
4,10,ptf2,Crypto,47906.250510595135
4,10,ptf2,Stocks,383250.0040847611
4,10,ptf3,Cash,100000.0
4,10,ptf3,Real Estate,264015.15365481033
4,10,ptf3,Precious Metals,54984.68508595514
4,10,ptf3,Bonds,331970.6664125153
4,10,ptf3,Crypto,68161.26793508312
4,10,ptf3,Stocks,363529.4431458141
4,10,ptf4,Cash,150000.0
4,10,ptf4,Real Estate,264015.15365481033
4,10,ptf4,Precious Metals,54984.68508595514
4,10,ptf4,Bonds,281970.6664125153
4,10,ptf4,Crypto,68161.26793508312
4,10,ptf4,Stocks,363529.4431458141
4,10,ptf5,Cash,150000.0
4,10,ptf5,Real Estate,206532.24324683563
4,10,ptf5,Precious Metals,51633.06081170891
4,10,ptf5,Bonds,309798.3648702534
4,10,ptf5,Crypto,51633.06081170891
4,10,ptf5,Stocks,413064.48649367125
4,10,returns,Cash,0.0
4,10,returns,Money Market,0.023650558020295122
4,10,returns,Bonds,0.15493163861465703
4,10,returns,Stocks,-0.05145612714614737
4,10,returns,Crypto,0.422805316813686
4,10,returns,Precious Metals,0.14775597129636592
4,10,returns,Real Estate,0.37776986740185237
4,10,contributions,,0.0
4,10,withdrawals,,50000.0
4,10,availableCash,,100000.0
4,10,cashBuffer,,150000.0
4,10,cashDepletion,,50000.0
4,10,shortfall,,0.0
4,10,cashReplenishment,,50000.0
4,10,financialGainLoss,,124536.20602227515
4,11,ptf_bop,Cash,150000.0
4,11,ptf_bop,Real Estate,206532.24324683563
4,11,ptf_bop,Precious Metals,51633.06081170891
4,11,ptf_bop,Bonds,309798.3648702534
4,11,ptf_bop,Crypto,51633.06081170891
4,11,ptf_bop,Stocks,413064.48649367125
4,11,ptf_eop,Cash,100000.0
4,11,ptf_eop,Real Estate,168637.1285367983
4,11,ptf_eop,Precious Metals,46109.282211253936
4,11,ptf_eop,Bonds,276716.82932830596
4,11,ptf_eop,Crypto,41071.9927041585
4,11,ptf_eop,Stocks,412045.8141734998
4,11,ptf1,Cash,100000.0
4,11,ptf1,Real Estate,206532.24324683563
4,11,ptf1,Precious Metals,51633.06081170891
4,11,ptf1,Bonds,309798.3648702534
4,11,ptf1,Crypto,51633.06081170891
4,11,ptf1,Stocks,413064.48649367125
4,11,ptf2,Cash,100000.0
4,11,ptf2,Real Estate,206532.24324683563
4,11,ptf2,Precious Metals,51633.06081170891
4,11,ptf2,Bonds,309798.3648702535
4,11,ptf2,Crypto,51633.06081170891
4,11,ptf2,Stocks,413064.48649367125
4,11,ptf3,Cash,100000.0
4,11,ptf3,Real Estate,168637.1285367983
4,11,ptf3,Precious Metals,46109.282211253936
4,11,ptf3,Bonds,276716.82932830596
4,11,ptf3,Crypto,41071.9927041585
4,11,ptf3,Stocks,412045.8141734998
4,11,ptf4,Cash,100000.0
4,11,ptf4,Real Estate,168637.1285367983
4,11,ptf4,Precious Metals,46109.282211253936
4,11,ptf4,Bonds,276716.82932830596
4,11,ptf4,Crypto,41071.9927041585
4,11,ptf4,Stocks,412045.8141734998
4,11,ptf5,Cash,100000.0
4,11,ptf5,Real Estate,168637.1285367983
4,11,ptf5,Precious Metals,46109.282211253936
4,11,ptf5,Bonds,276716.82932830596
4,11,ptf5,Crypto,41071.9927041585
4,11,ptf5,Stocks,412045.8141734998
4,11,returns,Cash,0.0
4,11,returns,Money Market,0.057466490104788354
4,11,returns,Bonds,-0.10678408698445656
4,11,returns,Stocks,-0.002466133868874856
4,11,returns,Crypto,-0.2045408105102197
4,11,returns,Precious Metals,-0.10698142844172308
4,11,returns,Real Estate,-0.1834828020763191
4,11,contributions,,0.0
4,11,withdrawals,,50000.0
4,11,availableCash,,100000.0
4,11,cashBuffer,,150000.0
4,11,cashDepletion,,50000.0
4,11,shortfall,,0.0
4,11,cashReplenishment,,0
4,11,financialGainLoss,,-88080.16928016173
4,12,ptf_bop,Cash,100000.0
4,12,ptf_bop,Real Estate,168637.1285367983
4,12,ptf_bop,Precious Metals,46109.282211253936
4,12,ptf_bop,Bonds,276716.82932830596
4,12,ptf_bop,Crypto,41071.9927041585
4,12,ptf_bop,Stocks,412045.8141734998
4,12,ptf_eop,Cash,150000.0
4,12,ptf_eop,Real Estate,199254.71327513532
4,12,ptf_eop,Precious Metals,49813.67831878383
4,12,ptf_eop,Bonds,298882.06991270295
4,12,ptf_eop,Crypto,49813.67831878383
4,12,ptf_eop,Stocks,398509.42655027064
4,12,ptf1,Cash,50000.0
4,12,ptf1,Real Estate,168637.1285367983
4,12,ptf1,Precious Metals,46109.282211253936
4,12,ptf1,Bonds,276716.82932830596
4,12,ptf1,Crypto,41071.9927041585
4,12,ptf1,Stocks,412045.8141734998
4,12,ptf2,Cash,50000.0
4,12,ptf2,Real Estate,188916.20939080333
4,12,ptf2,Precious Metals,47229.05234770083
4,12,ptf2,Bonds,283374.314086205
4,12,ptf2,Crypto,47229.05234770083
4,12,ptf2,Stocks,377832.41878160666
4,12,ptf3,Cash,50000.0
4,12,ptf3,Real Estate,250373.0826545774
4,12,ptf3,Precious Metals,43029.86353897384
4,12,ptf3,Bonds,275970.46574721736
4,12,ptf3,Crypto,58474.02870144346
4,12,ptf3,Stocks,468426.1257334645
4,12,ptf4,Cash,150000.0
4,12,ptf4,Real Estate,250373.0826545774
4,12,ptf4,Precious Metals,43029.86353897384
4,12,ptf4,Bonds,175970.46574721736
4,12,ptf4,Crypto,58474.02870144346
4,12,ptf4,Stocks,468426.1257334645
4,12,ptf5,Cash,150000.0
4,12,ptf5,Real Estate,199254.71327513532
4,12,ptf5,Precious Metals,49813.67831878383
4,12,ptf5,Bonds,298882.06991270295
4,12,ptf5,Crypto,49813.67831878383
4,12,ptf5,Stocks,398509.42655027064
4,12,returns,Cash,0.0
4,12,returns,Money Market,-0.0072453706898721595
4,12,returns,Bonds,-0.026127450410820617
4,12,returns,Stocks,0.23977219118463858
4,12,returns,Crypto,0.2380944735235631
4,12,returns,Precious Metals,-0.08891113837755033
4,12,returns,Real Estate,0.3253128646925194
4,12,contributions,,0.0
4,12,withdrawals,,50000.0
4,12,availableCash,,50000.0
4,12,cashBuffer,,150000.0
4,12,cashDepletion,,50000.0
4,12,shortfall,,0.0
4,12,cashReplenishment,,100000.0
4,12,financialGainLoss,,151692.51942165988
4,13,ptf_bop,Cash,150000.0
4,13,ptf_bop,Real Estate,199254.71327513532
4,13,ptf_bop,Precious Metals,49813.67831878383
4,13,ptf_bop,Bonds,298882.06991270295
4,13,ptf_bop,Crypto,49813.67831878383
4,13,ptf_bop,Stocks,398509.42655027064
4,13,ptf_eop,Cash,150000.0
4,13,ptf_eop,Real Estate,206419.22922949644
4,13,ptf_eop,Precious Metals,51604.80730737411
4,13,ptf_eop,Bonds,309628.84384424466
4,13,ptf_eop,Crypto,51604.80730737411
4,13,ptf_eop,Stocks,412838.4584589929
4,13,ptf1,Cash,100000.0
4,13,ptf1,Real Estate,199254.71327513532
4,13,ptf1,Precious Metals,49813.67831878383
4,13,ptf1,Bonds,298882.06991270295
4,13,ptf1,Crypto,49813.67831878383
4,13,ptf1,Stocks,398509.42655027064
4,13,ptf2,Cash,100000.0
4,13,ptf2,Real Estate,199254.71327513532
4,13,ptf2,Precious Metals,49813.67831878383
4,13,ptf2,Bonds,298882.06991270295
4,13,ptf2,Crypto,49813.67831878383
4,13,ptf2,Stocks,398509.42655027064
4,13,ptf3,Cash,100000.0
4,13,ptf3,Real Estate,245337.9857279881
4,13,ptf3,Precious Metals,51583.13620976444
4,13,ptf3,Bonds,295540.13341599394
4,13,ptf3,Crypto,53053.73119583597
4,13,ptf3,Stocks,436581.1595978998
4,13,ptf4,Cash,150000.0
4,13,ptf4,Real Estate,245337.9857279881
4,13,ptf4,Precious Metals,51583.13620976444
4,13,ptf4,Bonds,245540.13341599394
4,13,ptf4,Crypto,53053.73119583597
4,13,ptf4,Stocks,436581.1595978998
4,13,ptf5,Cash,150000.0
4,13,ptf5,Real Estate,206419.22922949644
4,13,ptf5,Precious Metals,51604.80730737411
4,13,ptf5,Bonds,309628.84384424466
4,13,ptf5,Crypto,51604.80730737411
4,13,ptf5,Stocks,412838.4584589929
4,13,returns,Cash,0.0
4,13,returns,Money Market,-0.013038386968794193
4,13,returns,Bonds,-0.011181455273262406
4,13,returns,Stocks,0.0955353387175813
4,13,returns,Crypto,0.06504343759393444
4,13,returns,Precious Metals,0.03552152643008853
4,13,returns,Real Estate,0.23127820514448755
4,13,contributions,,0.0
4,13,withdrawals,,50000.0
4,13,availableCash,,100000.0
4,13,cashBuffer,,150000.0
4,13,cashDepletion,,50000.0
4,13,shortfall,,0.0
4,13,cashReplenishment,,50000.0
4,13,financialGainLoss,,85822.57977180579
4,14,ptf_bop,Cash,150000.0
4,14,ptf_bop,Real Estate,206419.22922949644
4,14,ptf_bop,Precious Metals,51604.80730737411
4,14,ptf_bop,Bonds,309628.84384424466
4,14,ptf_bop,Crypto,51604.80730737411
4,14,ptf_bop,Stocks,412838.4584589929
4,14,ptf_eop,Cash,110039.22616930865
4,14,ptf_eop,Real Estate,206419.22922949638
4,14,ptf_eop,Precious Metals,51604.807307374096
4,14,ptf_eop,Bonds,309628.84384424455
4,14,ptf_eop,Crypto,51604.807307374096
4,14,ptf_eop,Stocks,412838.45845899277
4,14,ptf1,Cash,100000.0
4,14,ptf1,Real Estate,206419.22922949644
4,14,ptf1,Precious Metals,51604.80730737411
4,14,ptf1,Bonds,309628.84384424466
4,14,ptf1,Crypto,51604.80730737411
4,14,ptf1,Stocks,412838.4584589929
4,14,ptf2,Cash,100000.0
4,14,ptf2,Real Estate,206419.22922949644
4,14,ptf2,Precious Metals,51604.80730737411
4,14,ptf2,Bonds,309628.84384424466
4,14,ptf2,Crypto,51604.80730737411
4,14,ptf2,Stocks,412838.4584589929
4,14,ptf3,Cash,100000.0
4,14,ptf3,Real Estate,216141.61492737965
4,14,ptf3,Precious Metals,51112.402103957706
4,14,ptf3,Bonds,341861.0586767322
4,14,ptf3,Crypto,58650.01654217933
4,14,ptf3,Stocks,374370.28006654175
4,14,ptf4,Cash,110039.22616930865
4,14,ptf4,Real Estate,216141.61492737965
4,14,ptf4,Precious Metals,51112.402103957706
4,14,ptf4,Bonds,331821.83250742353
4,14,ptf4,Crypto,58650.01654217933
4,14,ptf4,Stocks,374370.28006654175
4,14,ptf5,Cash,110039.22616930865
4,14,ptf5,Real Estate,206419.22922949638
4,14,ptf5,Precious Metals,51604.807307374096
4,14,ptf5,Bonds,309628.84384424455
4,14,ptf5,Crypto,51604.807307374096
4,14,ptf5,Stocks,412838.45845899277
4,14,returns,Cash,0.0
4,14,returns,Money Market,0.1045661581933809
4,14,returns,Bonds,0.10409952261650908
4,14,returns,Stocks,-0.09317973557028042
4,14,returns,Crypto,0.13652234360341248
4,14,returns,Precious Metals,-0.00954184753531751
4,14,returns,Real Estate,0.047100193786083
4,14,contributions,,0.0
4,14,withdrawals,,50000.0
4,14,availableCash,,100000.0
4,14,cashBuffer,,150000.0
4,14,cashDepletion,,50000.0
4,14,shortfall,,0.0
4,14,cashReplenishment,,10039.226169308648
4,14,financialGainLoss,,10039.226169308648
4,15,ptf_bop,Cash,110039.22616930865
4,15,ptf_bop,Real Estate,206419.22922949638
4,15,ptf_bop,Precious Metals,51604.807307374096
4,15,ptf_bop,Bonds,309628.84384424455
4,15,ptf_bop,Crypto,51604.807307374096
4,15,ptf_bop,Stocks,412838.45845899277
4,15,ptf_eop,Cash,150000.0
4,15,ptf_eop,Real Estate,214844.2420387441
4,15,ptf_eop,Precious Metals,53711.06050968602
4,15,ptf_eop,Bonds,322266.3630581161
4,15,ptf_eop,Crypto,53711.06050968602
4,15,ptf_eop,Stocks,429688.4840774882
4,15,ptf1,Cash,60039.22616930865
4,15,ptf1,Real Estate,206419.22922949638
4,15,ptf1,Precious Metals,51604.807307374096
4,15,ptf1,Bonds,309628.84384424455
4,15,ptf1,Crypto,51604.807307374096
4,15,ptf1,Stocks,412838.45845899277
4,15,ptf2,Cash,60039.22616930865
4,15,ptf2,Real Estate,206419.22922949638
4,15,ptf2,Precious Metals,51604.807307374096
4,15,ptf2,Bonds,309628.84384424455
4,15,ptf2,Crypto,51604.807307374096
4,15,ptf2,Stocks,412838.45845899277
4,15,ptf3,Cash,60039.22616930865
4,15,ptf3,Real Estate,267624.984436383
4,15,ptf3,Precious Metals,59067.090555576804
4,15,ptf3,Bonds,313174.73843056377
4,15,ptf3,Crypto,30559.09724452948
4,15,ptf3,Stocks,493756.0733573587
4,15,ptf4,Cash,150000.0
4,15,ptf4,Real Estate,267624.984436383
4,15,ptf4,Precious Metals,59067.090555576804
4,15,ptf4,Bonds,223213.96459987242
4,15,ptf4,Crypto,30559.09724452948
4,15,ptf4,Stocks,493756.0733573587
4,15,ptf5,Cash,150000.0
4,15,ptf5,Real Estate,214844.2420387441
4,15,ptf5,Precious Metals,53711.06050968602
4,15,ptf5,Bonds,322266.3630581161
4,15,ptf5,Crypto,53711.06050968602
4,15,ptf5,Stocks,429688.4840774882
4,15,returns,Cash,0.0
4,15,returns,Money Market,-0.0567274202886931
4,15,returns,Bonds,0.011452080956976345
4,15,returns,Stocks,0.1960030933174396
4,15,returns,Crypto,-0.4078246031903559
4,15,returns,Precious Metals,0.14460442035477533
4,15,returns,Real Estate,0.29651188716937915
4,15,contributions,,0.0
4,15,withdrawals,,50000.0
4,15,availableCash,,60039.22616930865
4,15,cashBuffer,,150000.0
4,15,cashDepletion,,50000.0
4,15,shortfall,,0.0
4,15,cashReplenishment,,89960.77383069135
4,15,financialGainLoss,,132085.8378769299
4,16,ptf_bop,Cash,150000.0
4,16,ptf_bop,Real Estate,214844.2420387441
4,16,ptf_bop,Precious Metals,53711.06050968602
4,16,ptf_bop,Bonds,322266.3630581161
4,16,ptf_bop,Crypto,53711.06050968602
4,16,ptf_bop,Stocks,429688.4840774882
4,16,ptf_eop,Cash,100000.0
4,16,ptf_eop,Real Estate,193633.390670019
4,16,ptf_eop,Precious Metals,66367.47358869997
4,16,ptf_eop,Bonds,329308.46020534035
4,16,ptf_eop,Crypto,44046.6425440366
4,16,ptf_eop,Stocks,379116.08536806464
4,16,ptf1,Cash,100000.0
4,16,ptf1,Real Estate,214844.2420387441
4,16,ptf1,Precious Metals,53711.06050968602
4,16,ptf1,Bonds,322266.3630581161
4,16,ptf1,Crypto,53711.06050968602
4,16,ptf1,Stocks,429688.4840774882
4,16,ptf2,Cash,100000.0
4,16,ptf2,Real Estate,214844.2420387441
4,16,ptf2,Precious Metals,53711.06050968602
4,16,ptf2,Bonds,322266.3630581161
4,16,ptf2,Crypto,53711.06050968602
4,16,ptf2,Stocks,429688.4840774882
4,16,ptf3,Cash,100000.0
4,16,ptf3,Real Estate,193633.390670019
4,16,ptf3,Precious Metals,66367.47358869997
4,16,ptf3,Bonds,329308.46020534035
4,16,ptf3,Crypto,44046.6425440366
4,16,ptf3,Stocks,379116.08536806464
4,16,ptf4,Cash,100000.0
4,16,ptf4,Real Estate,193633.390670019
4,16,ptf4,Precious Metals,66367.47358869997
4,16,ptf4,Bonds,329308.46020534035
4,16,ptf4,Crypto,44046.6425440366
4,16,ptf4,Stocks,379116.08536806464
4,16,ptf5,Cash,100000.0
4,16,ptf5,Real Estate,193633.390670019
4,16,ptf5,Precious Metals,66367.47358869997
4,16,ptf5,Bonds,329308.46020534035
4,16,ptf5,Crypto,44046.6425440366
4,16,ptf5,Stocks,379116.08536806464
4,16,returns,Cash,0.0
4,16,returns,Money Market,-0.034714473616210745
4,16,returns,Bonds,0.021851790799383757
4,16,returns,Stocks,-0.11769549472101637
4,16,returns,Crypto,-0.17993347876470586
4,16,returns,Precious Metals,0.23563886020704305
4,16,returns,Real Estate,-0.0987266457199259
4,16,contributions,,0.0
4,16,withdrawals,,50000.0
4,16,availableCash,,100000.0
4,16,cashBuffer,,150000.0
4,16,cashDepletion,,50000.0
4,16,shortfall,,0.0
4,16,cashReplenishment,,0
4,16,financialGainLoss,,-61749.157817560015
4,17,ptf_bop,Cash,100000.0
4,17,ptf_bop,Real Estate,193633.390670019
4,17,ptf_bop,Precious Metals,66367.47358869997
4,17,ptf_bop,Bonds,329308.46020534035
4,17,ptf_bop,Crypto,44046.6425440366
4,17,ptf_bop,Stocks,379116.08536806464
4,17,ptf_eop,Cash,50000.0
4,17,ptf_eop,Real Estate,210706.1160665071
4,17,ptf_eop,Precious Metals,51091.733016786864
4,17,ptf_eop,Bonds,270999.26917955116
4,17,ptf_eop,Crypto,60500.195672061134
4,17,ptf_eop,Stocks,385156.3973977218
4,17,ptf1,Cash,50000.0
4,17,ptf1,Real Estate,193633.390670019
4,17,ptf1,Precious Metals,66367.47358869997
4,17,ptf1,Bonds,329308.46020534035
4,17,ptf1,Crypto,44046.6425440366
4,17,ptf1,Stocks,379116.08536806464
4,17,ptf2,Cash,50000.0
4,17,ptf2,Real Estate,202494.4104752321
4,17,ptf2,Precious Metals,50623.60261880803
4,17,ptf2,Bonds,303741.61571284814
4,17,ptf2,Crypto,50623.60261880803
4,17,ptf2,Stocks,404988.8209504642
4,17,ptf3,Cash,50000.0
4,17,ptf3,Real Estate,210706.1160665071
4,17,ptf3,Precious Metals,51091.733016786864
4,17,ptf3,Bonds,270999.26917955116
4,17,ptf3,Crypto,60500.195672061134
4,17,ptf3,Stocks,385156.3973977218
4,17,ptf4,Cash,50000.0
4,17,ptf4,Real Estate,210706.1160665071
4,17,ptf4,Precious Metals,51091.733016786864
4,17,ptf4,Bonds,270999.26917955116
4,17,ptf4,Crypto,60500.195672061134
4,17,ptf4,Stocks,385156.3973977218
4,17,ptf5,Cash,50000.0
4,17,ptf5,Real Estate,210706.1160665071
4,17,ptf5,Precious Metals,51091.733016786864
4,17,ptf5,Bonds,270999.26917955116
4,17,ptf5,Crypto,60500.195672061134
4,17,ptf5,Stocks,385156.3973977218
4,17,returns,Cash,0.0
4,17,returns,Money Market,-0.05216166103271218
4,17,returns,Bonds,-0.1077967089114684
4,17,returns,Stocks,-0.04897029875095779
4,17,returns,Crypto,0.19509858134007396
4,17,returns,Precious Metals,0.009247275455755745
4,17,returns,Real Estate,0.04055275191054912
4,17,contributions,,0.0
4,17,withdrawals,,50000.0
4,17,availableCash,,50000.0
4,17,cashBuffer,,150000.0
4,17,cashDepletion,,50000.0
4,17,shortfall,,0.0
4,17,cashReplenishment,,0
4,17,financialGainLoss,,-34018.34104353259
4,18,ptf_bop,Cash,50000.0
4,18,ptf_bop,Real Estate,210706.1160665071
4,18,ptf_bop,Precious Metals,51091.733016786864
4,18,ptf_bop,Bonds,270999.26917955116
4,18,ptf_bop,Crypto,60500.195672061134
4,18,ptf_bop,Stocks,385156.3973977218
4,18,ptf_eop,Cash,36144.56677529344
4,18,ptf_eop,Real Estate,195690.74226652563
4,18,ptf_eop,Precious Metals,48922.68556663141
4,18,ptf_eop,Bonds,293536.11339978845
4,18,ptf_eop,Crypto,48922.68556663141
4,18,ptf_eop,Stocks,391381.48453305126
4,18,ptf1,Cash,0.0
4,18,ptf1,Real Estate,210706.1160665071
4,18,ptf1,Precious Metals,51091.733016786864
4,18,ptf1,Bonds,270999.26917955116
4,18,ptf1,Crypto,60500.195672061134
4,18,ptf1,Stocks,385156.3973977218
4,18,ptf2,Cash,0.0
4,18,ptf2,Real Estate,195690.74226652563
4,18,ptf2,Precious Metals,48922.68556663141
4,18,ptf2,Bonds,293536.11339978845
4,18,ptf2,Crypto,48922.68556663141
4,18,ptf2,Stocks,391381.48453305126
4,18,ptf3,Cash,0.0
4,18,ptf3,Real Estate,202407.45226970117
4,18,ptf3,Precious Metals,51162.31643063208
4,18,ptf3,Bonds,293974.7468543977
4,18,ptf3,Crypto,42564.41554518716
4,18,ptf3,Stocks,424489.3470080034
4,18,ptf4,Cash,36144.56677529344
4,18,ptf4,Real Estate,202407.45226970117
4,18,ptf4,Precious Metals,51162.31643063208
4,18,ptf4,Bonds,257830.18007910426
4,18,ptf4,Crypto,42564.41554518716
4,18,ptf4,Stocks,424489.3470080034
4,18,ptf5,Cash,36144.56677529344
4,18,ptf5,Real Estate,195690.74226652563
4,18,ptf5,Precious Metals,48922.68556663141
4,18,ptf5,Bonds,293536.11339978845
4,18,ptf5,Crypto,48922.68556663141
4,18,ptf5,Stocks,391381.48453305126
4,18,returns,Cash,0.0
4,18,returns,Money Market,0.0011627899487290255
4,18,returns,Bonds,0.0014943083136480962
4,18,returns,Stocks,0.08459230644099691
4,18,returns,Crypto,-0.1299656784536991
4,18,returns,Precious Metals,0.04577898449483844
4,18,returns,Real Estate,0.03432308511573614
4,18,contributions,,0.0
4,18,withdrawals,,50000.0
4,18,availableCash,,0.0
4,18,cashBuffer,,150000.0
4,18,cashDepletion,,50000.0
4,18,shortfall,,0.0
4,18,cashReplenishment,,36144.56677529344
4,18,financialGainLoss,,36144.56677529344
4,19,ptf_bop,Cash,36144.56677529344
4,19,ptf_bop,Real Estate,195690.74226652563
4,19,ptf_bop,Precious Metals,48922.68556663141
4,19,ptf_bop,Bonds,293536.11339978845
4,19,ptf_bop,Crypto,48922.68556663141
4,19,ptf_bop,Stocks,391381.48453305126
4,19,ptf_eop,Cash,46382.12777631602
4,19,ptf_eop,Real Estate,192919.65562158427
4,19,ptf_eop,Precious Metals,48229.91390539607
4,19,ptf_eop,Bonds,289379.4834323764
4,19,ptf_eop,Crypto,48229.91390539607
4,19,ptf_eop,Stocks,385839.31124316854
4,19,ptf1,Cash,0.0
4,19,ptf1,Real Estate,195690.74226652563
4,19,ptf1,Precious Metals,48922.68556663141
4,19,ptf1,Bonds,279680.6801750819
4,19,ptf1,Crypto,48922.68556663141
4,19,ptf1,Stocks,391381.48453305126
4,19,ptf2,Cash,0.0
4,19,ptf2,Real Estate,192919.65562158427
4,19,ptf2,Precious Metals,48229.91390539607
4,19,ptf2,Bonds,289379.48343237647
4,19,ptf2,Crypto,48229.91390539607
4,19,ptf2,Stocks,385839.31124316854
4,19,ptf3,Cash,0.0
4,19,ptf3,Real Estate,272254.8711876714
4,19,ptf3,Precious Metals,44223.223108153186
4,19,ptf3,Bonds,314460.83177076705
4,19,ptf3,Crypto,49202.121330572954
4,19,ptf3,Stocks,330839.35848707275
4,19,ptf4,Cash,46382.12777631602
4,19,ptf4,Real Estate,272254.8711876714
4,19,ptf4,Precious Metals,44223.223108153186
4,19,ptf4,Bonds,268078.70399445103
4,19,ptf4,Crypto,49202.121330572954
4,19,ptf4,Stocks,330839.35848707275
4,19,ptf5,Cash,46382.12777631602
4,19,ptf5,Real Estate,192919.65562158427
4,19,ptf5,Precious Metals,48229.91390539607
4,19,ptf5,Bonds,289379.4834323764
4,19,ptf5,Crypto,48229.91390539607
4,19,ptf5,Stocks,385839.31124316854
4,19,returns,Cash,0.0
4,19,returns,Money Market,-0.026642856935066832
4,19,returns,Bonds,0.08667286305475667
4,19,returns,Stocks,-0.14254626512494742
4,19,returns,Crypto,0.020157768207587745
4,19,returns,Precious Metals,-0.08307480716432716
4,19,returns,Real Estate,0.4112344867632602
4,19,contributions,,0.0
4,19,withdrawals,,50000.0
4,19,availableCash,,0.0
4,19,cashBuffer,,150000.0
4,19,cashDepletion,,36144.56677529344
4,19,shortfall,,13855.433224706561
4,19,cashReplenishment,,46382.12777631602
4,19,financialGainLoss,,46382.12777631602
4,20,ptf_bop,Cash,46382.12777631602
4,20,ptf_bop,Real Estate,192919.65562158427
4,20,ptf_bop,Precious Metals,48229.91390539607
4,20,ptf_bop,Bonds,289379.4834323764
4,20,ptf_bop,Crypto,48229.91390539607
4,20,ptf_bop,Stocks,385839.31124316854
4,20,ptf_eop,Cash,52897.538189317565
4,20,ptf_eop,Real Estate,192196.08117684748
4,20,ptf_eop,Precious Metals,48049.02029421187
4,20,ptf_eop,Bonds,288294.1217652712
4,20,ptf_eop,Crypto,48049.02029421187
4,20,ptf_eop,Stocks,384392.16235369496
4,20,ptf1,Cash,0.0
4,20,ptf1,Real Estate,192919.65562158427
4,20,ptf1,Precious Metals,48229.91390539607
4,20,ptf1,Bonds,285761.6112086924
4,20,ptf1,Crypto,48229.91390539607
4,20,ptf1,Stocks,385839.31124316854
4,20,ptf2,Cash,0.0
4,20,ptf2,Real Estate,192196.0811768475
4,20,ptf2,Precious Metals,48049.02029421188
4,20,ptf2,Bonds,288294.12176527124
4,20,ptf2,Crypto,48049.02029421188
4,20,ptf2,Stocks,384392.162353695
4,20,ptf3,Cash,0.0
4,20,ptf3,Real Estate,234134.3348944377
4,20,ptf3,Precious Metals,42366.24758360002
4,20,ptf3,Bonds,316147.9441863431
4,20,ptf3,Crypto,31739.05905812657
4,20,ptf3,Stocks,389490.3583510477
4,20,ptf4,Cash,52897.538189317565
4,20,ptf4,Real Estate,234134.3348944377
4,20,ptf4,Precious Metals,42366.24758360002
4,20,ptf4,Bonds,263250.40599702555
4,20,ptf4,Crypto,31739.05905812657
4,20,ptf4,Stocks,389490.3583510477
4,20,ptf5,Cash,52897.538189317565
4,20,ptf5,Real Estate,192196.08117684748
4,20,ptf5,Precious Metals,48049.02029421187
4,20,ptf5,Bonds,288294.1217652712
4,20,ptf5,Crypto,48049.02029421187
4,20,ptf5,Stocks,384392.16235369496
4,20,returns,Cash,0.0
4,20,returns,Money Market,0.05088498289179096
4,20,returns,Bonds,0.09661599151074762
4,20,returns,Stocks,0.013263007149093724
4,20,returns,Crypto,-0.3394441996156589
4,20,returns,Precious Metals,-0.11827031385479499
4,20,returns,Real Estate,0.2182055610124594
4,20,contributions,,0.0
4,20,withdrawals,,50000.0
4,20,availableCash,,0.0
4,20,cashBuffer,,150000.0
4,20,cashDepletion,,46382.12777631602
4,20,shortfall,,3617.872223683982
4,20,cashReplenishment,,52897.538189317565
4,20,financialGainLoss,,52897.538189317565
5,1,ptf_bop,Cash,150000.0
5,1,ptf_bop,Real Estate,170000.0
5,1,ptf_bop,Precious Metals,42500.0
5,1,ptf_bop,Bonds,255000.0
5,1,ptf_bop,Crypto,42500.0
5,1,ptf_bop,Stocks,340000.0
5,1,ptf_eop,Cash,150000.0
5,1,ptf_eop,Real Estate,187483.55789148528
5,1,ptf_eop,Precious Metals,46870.88947287132
5,1,ptf_eop,Bonds,281225.3368372279
5,1,ptf_eop,Crypto,46870.88947287132
5,1,ptf_eop,Stocks,374967.11578297056
5,1,ptf1,Cash,100000.0
5,1,ptf1,Real Estate,170000.0
5,1,ptf1,Precious Metals,42500.0
5,1,ptf1,Bonds,255000.0
5,1,ptf1,Crypto,42500.0
5,1,ptf1,Stocks,340000.0
5,1,ptf2,Cash,100000.0
5,1,ptf2,Real Estate,170000.0
5,1,ptf2,Precious Metals,42500.0
5,1,ptf2,Bonds,255000.0
5,1,ptf2,Crypto,42500.0
5,1,ptf2,Stocks,340000.0
5,1,ptf3,Cash,100000.0
5,1,ptf3,Real Estate,205719.37539292857
5,1,ptf3,Precious Metals,51215.87334435169
5,1,ptf3,Bonds,240112.42887724584
5,1,ptf3,Crypto,40047.731687341126
5,1,ptf3,Stocks,450322.3801555592
5,1,ptf4,Cash,150000.0
5,1,ptf4,Real Estate,205719.37539292857
5,1,ptf4,Precious Metals,51215.87334435169
5,1,ptf4,Bonds,190112.42887724584
5,1,ptf4,Crypto,40047.731687341126
5,1,ptf4,Stocks,450322.3801555592
5,1,ptf5,Cash,150000.0
5,1,ptf5,Real Estate,187483.55789148528
5,1,ptf5,Precious Metals,46870.88947287132
5,1,ptf5,Bonds,281225.3368372279
5,1,ptf5,Crypto,46870.88947287132
5,1,ptf5,Stocks,374967.11578297056
5,1,returns,Cash,0.0
5,1,returns,Money Market,-0.038937750870844855
5,1,returns,Bonds,-0.05838263185393791
5,1,returns,Stocks,0.3244775886928213
5,1,returns,Crypto,-0.05770043088609111
5,1,returns,Precious Metals,0.2050793728082751
5,1,returns,Real Estate,0.2101139728995797
5,1,contributions,,0.0
5,1,withdrawals,,50000.0
5,1,availableCash,,100000.0
5,1,cashBuffer,,150000.0
5,1,cashDepletion,,50000.0
5,1,shortfall,,0.0
5,1,cashReplenishment,,50000.0
5,1,financialGainLoss,,137417.7894574264
5,2,ptf_bop,Cash,150000.0
5,2,ptf_bop,Real Estate,187483.55789148528
5,2,ptf_bop,Precious Metals,46870.88947287132
5,2,ptf_bop,Bonds,281225.3368372279
5,2,ptf_bop,Crypto,46870.88947287132
5,2,ptf_bop,Stocks,374967.11578297056
5,2,ptf_eop,Cash,143244.50855155196
5,2,ptf_eop,Real Estate,187483.55789148528
5,2,ptf_eop,Precious Metals,46870.88947287132
5,2,ptf_eop,Bonds,281225.3368372279
5,2,ptf_eop,Crypto,46870.88947287132
5,2,ptf_eop,Stocks,374967.11578297056
5,2,ptf1,Cash,100000.0
5,2,ptf1,Real Estate,187483.55789148528
5,2,ptf1,Precious Metals,46870.88947287132
5,2,ptf1,Bonds,281225.3368372279
5,2,ptf1,Crypto,46870.88947287132
5,2,ptf1,Stocks,374967.11578297056
5,2,ptf2,Cash,100000.0
5,2,ptf2,Real Estate,187483.55789148528
5,2,ptf2,Precious Metals,46870.88947287132
5,2,ptf2,Bonds,281225.3368372279
5,2,ptf2,Crypto,46870.88947287132
5,2,ptf2,Stocks,374967.11578297056
5,2,ptf3,Cash,100000.0
5,2,ptf3,Real Estate,191530.7326335031
5,2,ptf3,Precious Metals,26645.737279512865
5,2,ptf3,Bonds,290067.4844837481
5,2,ptf3,Crypto,12204.262355886467
5,2,ptf3,Stocks,460214.08125632774
5,2,ptf4,Cash,143244.50855155196
5,2,ptf4,Real Estate,191530.7326335031
5,2,ptf4,Precious Metals,26645.737279512865
5,2,ptf4,Bonds,246822.97593219613
5,2,ptf4,Crypto,12204.262355886467
5,2,ptf4,Stocks,460214.08125632774
5,2,ptf5,Cash,143244.50855155196
5,2,ptf5,Real Estate,187483.55789148528
5,2,ptf5,Precious Metals,46870.88947287132
5,2,ptf5,Bonds,281225.3368372279
5,2,ptf5,Crypto,46870.88947287132
5,2,ptf5,Stocks,374967.11578297056
5,2,returns,Cash,0.0
5,2,returns,Money Market,0.05694816977895292
5,2,returns,Bonds,0.0314415043322998
5,2,returns,Stocks,0.22734517744403426
5,2,returns,Crypto,-0.7396195699902336
5,2,returns,Precious Metals,-0.4315077529105713
5,2,returns,Real Estate,0.02158682493299118
5,2,contributions,,0.0
5,2,withdrawals,,50000.0
5,2,availableCash,,100000.0
5,2,cashBuffer,,150000.0
5,2,cashDepletion,,50000.0
5,2,shortfall,,0.0
5,2,cashReplenishment,,43244.50855155196
5,2,financialGainLoss,,43244.50855155196
5,3,ptf_bop,Cash,143244.50855155196
5,3,ptf_bop,Real Estate,187483.55789148528
5,3,ptf_bop,Precious Metals,46870.88947287132
5,3,ptf_bop,Bonds,281225.3368372279
5,3,ptf_bop,Crypto,46870.88947287132
5,3,ptf_bop,Stocks,374967.11578297056
5,3,ptf_eop,Cash,150000.0
5,3,ptf_eop,Real Estate,199227.7856733755
5,3,ptf_eop,Precious Metals,49806.946418343876
5,3,ptf_eop,Bonds,298841.67851006327
5,3,ptf_eop,Crypto,49806.946418343876
5,3,ptf_eop,Stocks,398455.571346751
5,3,ptf1,Cash,93244.50855155196
5,3,ptf1,Real Estate,187483.55789148528
5,3,ptf1,Precious Metals,46870.88947287132
5,3,ptf1,Bonds,281225.3368372279
5,3,ptf1,Crypto,46870.88947287132
5,3,ptf1,Stocks,374967.11578297056
5,3,ptf2,Cash,93244.50855155196
5,3,ptf2,Real Estate,187483.55789148528
5,3,ptf2,Precious Metals,46870.88947287132
5,3,ptf2,Bonds,281225.3368372279
5,3,ptf2,Crypto,46870.88947287132
5,3,ptf2,Stocks,374967.11578297056
5,3,ptf3,Cash,93244.50855155196
5,3,ptf3,Real Estate,183042.4386741841
5,3,ptf3,Precious Metals,51115.233935532495
5,3,ptf3,Bonds,278026.10710460966
5,3,ptf3,Crypto,42337.25166858753
5,3,ptf3,Stocks,498373.3884324118
5,3,ptf4,Cash,150000.0
5,3,ptf4,Real Estate,183042.4386741841
5,3,ptf4,Precious Metals,51115.233935532495
5,3,ptf4,Bonds,221270.61565616162
5,3,ptf4,Crypto,42337.25166858753
5,3,ptf4,Stocks,498373.3884324118
5,3,ptf5,Cash,150000.0
5,3,ptf5,Real Estate,199227.7856733755
5,3,ptf5,Precious Metals,49806.946418343876
5,3,ptf5,Bonds,298841.67851006327
5,3,ptf5,Crypto,49806.946418343876
5,3,ptf5,Stocks,398455.571346751
5,3,returns,Cash,0.0
5,3,returns,Money Market,0.01884872491031967
5,3,returns,Bonds,-0.011376036628129178
5,3,returns,Stocks,0.3291122539952764
5,3,returns,Crypto,-0.09672608852255378
5,3,returns,Precious Metals,0.09055395599261634
5,3,returns,Real Estate,-0.023688046393229304
5,3,contributions,,0.0
5,3,withdrawals,,50000.0
5,3,availableCash,,93244.50855155196
5,3,cashBuffer,,150000.0
5,3,cashDepletion,,50000.0
5,3,shortfall,,0.0
5,3,cashReplenishment,,56755.49144844804
5,3,financialGainLoss,,115476.63035789924
5,4,ptf_bop,Cash,150000.0
5,4,ptf_bop,Real Estate,199227.7856733755
5,4,ptf_bop,Precious Metals,49806.946418343876
5,4,ptf_bop,Bonds,298841.67851006327
5,4,ptf_bop,Crypto,49806.946418343876
5,4,ptf_bop,Stocks,398455.571346751
5,4,ptf_eop,Cash,150000.0
5,4,ptf_eop,Real Estate,201789.1222056921
5,4,ptf_eop,Precious Metals,50447.28055142303
5,4,ptf_eop,Bonds,302683.6833085382
5,4,ptf_eop,Crypto,50447.28055142303
5,4,ptf_eop,Stocks,403578.2444113842
5,4,ptf1,Cash,100000.0
5,4,ptf1,Real Estate,199227.7856733755
5,4,ptf1,Precious Metals,49806.946418343876
5,4,ptf1,Bonds,298841.67851006327
5,4,ptf1,Crypto,49806.946418343876
5,4,ptf1,Stocks,398455.571346751
5,4,ptf2,Cash,100000.0
5,4,ptf2,Real Estate,199227.7856733755
5,4,ptf2,Precious Metals,49806.946418343876
5,4,ptf2,Bonds,298841.67851006327
5,4,ptf2,Crypto,49806.946418343876
5,4,ptf2,Stocks,398455.571346751
5,4,ptf3,Cash,100000.0
5,4,ptf3,Real Estate,179378.91426803826
5,4,ptf3,Precious Metals,45122.077308599815
5,4,ptf3,Bonds,321487.29985122447
5,4,ptf3,Crypto,26356.18430798137
5,4,ptf3,Stocks,486601.13529261673
5,4,ptf4,Cash,150000.0
5,4,ptf4,Real Estate,179378.91426803826
5,4,ptf4,Precious Metals,45122.077308599815
5,4,ptf4,Bonds,271487.29985122447
5,4,ptf4,Crypto,26356.18430798137
5,4,ptf4,Stocks,486601.13529261673
5,4,ptf5,Cash,150000.0
5,4,ptf5,Real Estate,201789.1222056921
5,4,ptf5,Precious Metals,50447.28055142303
5,4,ptf5,Bonds,302683.6833085382
5,4,ptf5,Crypto,50447.28055142303
5,4,ptf5,Stocks,403578.2444113842
5,4,returns,Cash,0.0
5,4,returns,Money Market,0.09617384166170638
5,4,returns,Bonds,0.07577798871317286
5,4,returns,Stocks,0.22121804859683633
5,4,returns,Crypto,-0.47083316277597775
5,4,returns,Precious Metals,-0.09406055674231473
5,4,returns,Real Estate,-0.0996290318554186
5,4,contributions,,0.0
5,4,withdrawals,,50000.0
5,4,availableCash,,100000.0
5,4,cashBuffer,,150000.0
5,4,cashDepletion,,50000.0
5,4,shortfall,,0.0
5,4,cashReplenishment,,50000.0
5,4,financialGainLoss,,62806.68266158318
5,5,ptf_bop,Cash,150000.0
5,5,ptf_bop,Real Estate,201789.1222056921
5,5,ptf_bop,Precious Metals,50447.28055142303
5,5,ptf_bop,Bonds,302683.6833085382
5,5,ptf_bop,Crypto,50447.28055142303
5,5,ptf_bop,Stocks,403578.2444113842
5,5,ptf_eop,Cash,100000.0
5,5,ptf_eop,Real Estate,181848.82793561893
5,5,ptf_eop,Precious Metals,51952.81446654013
5,5,ptf_eop,Bonds,269897.5681990108
5,5,ptf_eop,Crypto,22838.166048271472
5,5,ptf_eop,Stocks,459444.8806003623
5,5,ptf1,Cash,100000.0
5,5,ptf1,Real Estate,201789.1222056921
5,5,ptf1,Precious Metals,50447.28055142303
5,5,ptf1,Bonds,302683.6833085382
5,5,ptf1,Crypto,50447.28055142303
5,5,ptf1,Stocks,403578.2444113842
5,5,ptf2,Cash,100000.0
5,5,ptf2,Real Estate,201789.12220569217
5,5,ptf2,Precious Metals,50447.28055142304
5,5,ptf2,Bonds,302683.6833085382
5,5,ptf2,Crypto,50447.28055142304
5,5,ptf2,Stocks,403578.24441138434
5,5,ptf3,Cash,100000.0
5,5,ptf3,Real Estate,181848.82793561893
5,5,ptf3,Precious Metals,51952.81446654013
5,5,ptf3,Bonds,269897.5681990108
5,5,ptf3,Crypto,22838.166048271472
5,5,ptf3,Stocks,459444.8806003623
5,5,ptf4,Cash,100000.0
5,5,ptf4,Real Estate,181848.82793561893
5,5,ptf4,Precious Metals,51952.81446654013
5,5,ptf4,Bonds,269897.5681990108
5,5,ptf4,Crypto,22838.166048271472
5,5,ptf4,Stocks,459444.8806003623
5,5,ptf5,Cash,100000.0
5,5,ptf5,Real Estate,181848.82793561893
5,5,ptf5,Precious Metals,51952.81446654013
5,5,ptf5,Bonds,269897.5681990108
5,5,ptf5,Crypto,22838.166048271472
5,5,ptf5,Stocks,459444.8806003623
5,5,returns,Cash,0.0
5,5,returns,Money Market,-0.0351704367086386
5,5,returns,Bonds,-0.1083180789633352
5,5,returns,Stocks,0.13842826505789227
5,5,returns,Crypto,-0.5472864781087344
5,5,returns,Precious Metals,0.02984370809804969
5,5,returns,Real Estate,-0.09881748853512157
5,5,contributions,,0.0
5,5,withdrawals,,50000.0
5,5,availableCash,,100000.0
5,5,cashBuffer,,150000.0
5,5,cashDepletion,,50000.0
5,5,shortfall,,0.0
5,5,cashReplenishment,,0
5,5,financialGainLoss,,-22963.353778657038
5,6,ptf_bop,Cash,100000.0
5,6,ptf_bop,Real Estate,181848.82793561893
5,6,ptf_bop,Precious Metals,51952.81446654013
5,6,ptf_bop,Bonds,269897.5681990108
5,6,ptf_bop,Crypto,22838.166048271472
5,6,ptf_bop,Stocks,459444.8806003623
5,6,ptf_eop,Cash,50000.0
5,6,ptf_eop,Real Estate,201689.37092182043
5,6,ptf_eop,Precious Metals,50957.34022287957
5,6,ptf_eop,Bonds,320412.59020090423
5,6,ptf_eop,Crypto,-8548.310767585279
5,6,ptf_eop,Stocks,283032.5406500763
5,6,ptf1,Cash,50000.0
5,6,ptf1,Real Estate,181848.82793561893
5,6,ptf1,Precious Metals,51952.81446654013
5,6,ptf1,Bonds,269897.5681990108
5,6,ptf1,Crypto,22838.166048271472
5,6,ptf1,Stocks,459444.8806003623
5,6,ptf2,Cash,50000.0
5,6,ptf2,Real Estate,197196.45144996073
5,6,ptf2,Precious Metals,49299.11286249018
5,6,ptf2,Bonds,295794.67717494105
5,6,ptf2,Crypto,49299.11286249018
5,6,ptf2,Stocks,394392.90289992146
5,6,ptf3,Cash,50000.0
5,6,ptf3,Real Estate,201689.37092182043
5,6,ptf3,Precious Metals,50957.34022287957
5,6,ptf3,Bonds,320412.59020090423
5,6,ptf3,Crypto,-8548.310767585279
5,6,ptf3,Stocks,283032.5406500763
5,6,ptf4,Cash,50000.0
5,6,ptf4,Real Estate,201689.37092182043
5,6,ptf4,Precious Metals,50957.34022287957
5,6,ptf4,Bonds,320412.59020090423
5,6,ptf4,Crypto,-8548.310767585279
5,6,ptf4,Stocks,283032.5406500763
5,6,ptf5,Cash,50000.0
5,6,ptf5,Real Estate,201689.37092182043
5,6,ptf5,Precious Metals,50957.34022287957
5,6,ptf5,Bonds,320412.59020090423
5,6,ptf5,Crypto,-8548.310767585279
5,6,ptf5,Stocks,283032.5406500763
5,6,returns,Cash,0.0
5,6,returns,Money Market,0.014690051926978314
5,6,returns,Bonds,0.08322635573122053
5,6,returns,Stocks,-0.28235894061740574
5,6,returns,Crypto,-1.1733968477572618
5,6,returns,Precious Metals,0.033636048685392494
5,6,returns,Real Estate,0.022783977291801195
5,6,contributions,,0.0
5,6,withdrawals,,50000.0
5,6,availableCash,,50000.0
5,6,cashBuffer,,150000.0
5,6,cashDepletion,,50000.0
5,6,shortfall,,0.0
5,6,cashReplenishment,,0
5,6,financialGainLoss,,-138438.72602170845
5,7,ptf_bop,Cash,50000.0
5,7,ptf_bop,Real Estate,201689.37092182043
5,7,ptf_bop,Precious Metals,50957.34022287957
5,7,ptf_bop,Bonds,320412.59020090423
5,7,ptf_bop,Crypto,-8548.310767585279
5,7,ptf_bop,Stocks,283032.5406500763
5,7,ptf_eop,Cash,0.0
5,7,ptf_eop,Real Estate,166885.07867885998
5,7,ptf_eop,Precious Metals,54293.85401244695
5,7,ptf_eop,Bonds,209877.39890559885
5,7,ptf_eop,Crypto,42976.789300886645
5,7,ptf_eop,Stocks,353289.45397137856
5,7,ptf1,Cash,0.0
5,7,ptf1,Real Estate,201689.37092182043
5,7,ptf1,Precious Metals,50957.34022287957
5,7,ptf1,Bonds,320412.59020090423
5,7,ptf1,Crypto,-8548.310767585279
5,7,ptf1,Stocks,283032.5406500763
5,7,ptf2,Cash,0.0
5,7,ptf2,Real Estate,169508.70624561902
5,7,ptf2,Precious Metals,42377.176561404754
5,7,ptf2,Bonds,254263.05936842854
5,7,ptf2,Crypto,42377.176561404754
5,7,ptf2,Stocks,339017.41249123804
5,7,ptf3,Cash,0.0
5,7,ptf3,Real Estate,166885.07867885998
5,7,ptf3,Precious Metals,54293.85401244695
5,7,ptf3,Bonds,209877.39890559885
5,7,ptf3,Crypto,42976.789300886645
5,7,ptf3,Stocks,353289.45397137856
5,7,ptf4,Cash,0.0
5,7,ptf4,Real Estate,166885.07867885998
5,7,ptf4,Precious Metals,54293.85401244695
5,7,ptf4,Bonds,209877.39890559885
5,7,ptf4,Crypto,42976.789300886645
5,7,ptf4,Stocks,353289.45397137856
5,7,ptf5,Cash,0.0
5,7,ptf5,Real Estate,166885.07867885998
5,7,ptf5,Precious Metals,54293.85401244695
5,7,ptf5,Bonds,209877.39890559885
5,7,ptf5,Crypto,42976.789300886645
5,7,ptf5,Stocks,353289.45397137856
5,7,returns,Cash,0.0
5,7,returns,Money Market,-0.026914487681883374
5,7,returns,Bonds,-0.174565902624945
5,7,returns,Stocks,0.04209825499895052
5,7,returns,Crypto,0.014149426369004195
5,7,returns,Precious Metals,0.2812050829713694
5,7,returns,Real Estate,-0.01547783370464411
5,7,contributions,,0.0
5,7,withdrawals,,50000.0
5,7,availableCash,,0.0
5,7,cashBuffer,,150000.0
5,7,cashDepletion,,50000.0
5,7,shortfall,,0.0
5,7,cashReplenishment,,0
5,7,financialGainLoss,,-20220.956358924042
5,8,ptf_bop,Cash,0.0
5,8,ptf_bop,Real Estate,166885.07867885998
5,8,ptf_bop,Precious Metals,54293.85401244695
5,8,ptf_bop,Bonds,209877.39890559885
5,8,ptf_bop,Crypto,42976.789300886645
5,8,ptf_bop,Stocks,353289.45397137856
5,8,ptf_eop,Cash,38215.00377319765
5,8,ptf_eop,Real Estate,155464.5149738342
5,8,ptf_eop,Precious Metals,38866.12874345855
5,8,ptf_eop,Bonds,233196.77246075132
5,8,ptf_eop,Crypto,38866.12874345855
5,8,ptf_eop,Stocks,310929.0299476684
5,8,ptf1,Cash,0.0
5,8,ptf1,Real Estate,166885.07867885998
5,8,ptf1,Precious Metals,54293.85401244695
5,8,ptf1,Bonds,159877.39890559885
5,8,ptf1,Crypto,42976.789300886645
5,8,ptf1,Stocks,353289.45397137856
5,8,ptf2,Cash,0.0
5,8,ptf2,Real Estate,155464.5149738342
5,8,ptf2,Precious Metals,38866.12874345855
5,8,ptf2,Bonds,233196.77246075132
5,8,ptf2,Crypto,38866.12874345855
5,8,ptf2,Stocks,310929.0299476684
5,8,ptf3,Cash,0.0
5,8,ptf3,Real Estate,203418.96627350364
5,8,ptf3,Precious Metals,34719.274542484476
5,8,ptf3,Bonds,276839.50112461735
5,8,ptf3,Crypto,49083.041490667856
5,8,ptf3,Stocks,251476.7952110954
5,8,ptf4,Cash,38215.00377319765
5,8,ptf4,Real Estate,203418.96627350364
5,8,ptf4,Precious Metals,34719.274542484476
5,8,ptf4,Bonds,238624.4973514197
5,8,ptf4,Crypto,49083.041490667856
5,8,ptf4,Stocks,251476.7952110954
5,8,ptf5,Cash,38215.00377319765
5,8,ptf5,Real Estate,155464.5149738342
5,8,ptf5,Precious Metals,38866.12874345855
5,8,ptf5,Bonds,233196.77246075132
5,8,ptf5,Crypto,38866.12874345855
5,8,ptf5,Stocks,310929.0299476684
5,8,returns,Cash,0.0
5,8,returns,Money Market,0.027556824092548723
5,8,returns,Bonds,0.187149797157726
5,8,returns,Stocks,-0.19120837557875897
5,8,returns,Crypto,0.2628744636402434
5,8,returns,Precious Metals,-0.1066958386400142
5,8,returns,Real Estate,0.308459144569039
5,8,contributions,,0.0
5,8,withdrawals,,50000.0
5,8,availableCash,,0.0
5,8,cashBuffer,,150000.0
5,8,cashDepletion,,0.0
5,8,shortfall,,50000.0
5,8,cashReplenishment,,38215.00377319765
5,8,financialGainLoss,,38215.00377319765
5,9,ptf_bop,Cash,38215.00377319765
5,9,ptf_bop,Real Estate,155464.5149738342
5,9,ptf_bop,Precious Metals,38866.12874345855
5,9,ptf_bop,Bonds,233196.77246075132
5,9,ptf_bop,Crypto,38866.12874345855
5,9,ptf_bop,Stocks,310929.0299476684
5,9,ptf_eop,Cash,131293.91921969817
5,9,ptf_eop,Real Estate,153107.5157284737
5,9,ptf_eop,Precious Metals,38276.87893211842
5,9,ptf_eop,Bonds,229661.27359271058
5,9,ptf_eop,Crypto,38276.87893211842
5,9,ptf_eop,Stocks,306215.0314569474
5,9,ptf1,Cash,0.0
5,9,ptf1,Real Estate,155464.5149738342
5,9,ptf1,Precious Metals,38866.12874345855
5,9,ptf1,Bonds,221411.77623394897
5,9,ptf1,Crypto,38866.12874345855
5,9,ptf1,Stocks,310929.0299476684
5,9,ptf2,Cash,0.0
5,9,ptf2,Real Estate,153107.5157284737
5,9,ptf2,Precious Metals,38276.87893211842
5,9,ptf2,Bonds,229661.27359271058
5,9,ptf2,Crypto,38276.87893211842
5,9,ptf2,Stocks,306215.0314569474
5,9,ptf3,Cash,0.0
5,9,ptf3,Real Estate,149678.5385937859
5,9,ptf3,Precious Metals,52029.31415097202
5,9,ptf3,Bonds,246457.65768070982
5,9,ptf3,Crypto,27208.72961556977
5,9,ptf3,Stocks,421457.2578210292
5,9,ptf4,Cash,131293.91921969817
5,9,ptf4,Real Estate,149678.5385937859
5,9,ptf4,Precious Metals,52029.31415097202
5,9,ptf4,Bonds,115163.73846101164
5,9,ptf4,Crypto,27208.72961556977
5,9,ptf4,Stocks,421457.2578210292
5,9,ptf5,Cash,131293.91921969817
5,9,ptf5,Real Estate,153107.5157284737
5,9,ptf5,Precious Metals,38276.87893211842
5,9,ptf5,Bonds,229661.27359271058
5,9,ptf5,Crypto,38276.87893211842
5,9,ptf5,Stocks,306215.0314569474
5,9,returns,Cash,0.0
5,9,returns,Money Market,0.023124078479341934
5,9,returns,Bonds,0.07313546522339037
5,9,returns,Stocks,0.3763441194110173
5,9,returns,Crypto,-0.28916018299656315
5,9,returns,Precious Metals,0.35928831196615213
5,9,returns,Real Estate,-0.022395877291673062
5,9,contributions,,0.0
5,9,withdrawals,,50000.0
5,9,availableCash,,0.0
5,9,cashBuffer,,150000.0
5,9,cashDepletion,,38215.00377319765
5,9,shortfall,,11784.996226802352
5,9,cashReplenishment,,131293.91921969817
5,9,financialGainLoss,,131293.91921969817
5,10,ptf_bop,Cash,131293.91921969817
5,10,ptf_bop,Real Estate,153107.5157284737
5,10,ptf_bop,Precious Metals,38276.87893211842
5,10,ptf_bop,Bonds,229661.27359271058
5,10,ptf_bop,Crypto,38276.87893211842
5,10,ptf_bop,Stocks,306215.0314569474
5,10,ptf_eop,Cash,81293.91921969817
5,10,ptf_eop,Real Estate,155101.31403290783
5,10,ptf_eop,Precious Metals,36928.56877769711
5,10,ptf_eop,Bonds,234358.60554692114
5,10,ptf_eop,Crypto,54113.30051785169
5,10,ptf_eop,Stocks,263097.60492060496
5,10,ptf1,Cash,81293.91921969817
5,10,ptf1,Real Estate,153107.5157284737
5,10,ptf1,Precious Metals,38276.87893211842
5,10,ptf1,Bonds,229661.27359271058
5,10,ptf1,Crypto,38276.87893211842
5,10,ptf1,Stocks,306215.0314569474
5,10,ptf2,Cash,81293.91921969817
5,10,ptf2,Real Estate,153107.5157284737
5,10,ptf2,Precious Metals,38276.87893211842
5,10,ptf2,Bonds,229661.27359271052
5,10,ptf2,Crypto,38276.87893211842
5,10,ptf2,Stocks,306215.0314569474
5,10,ptf3,Cash,81293.91921969817
5,10,ptf3,Real Estate,155101.31403290783
5,10,ptf3,Precious Metals,36928.56877769711
5,10,ptf3,Bonds,234358.60554692114
5,10,ptf3,Crypto,54113.30051785169
5,10,ptf3,Stocks,263097.60492060496
5,10,ptf4,Cash,81293.91921969817
5,10,ptf4,Real Estate,155101.31403290783
5,10,ptf4,Precious Metals,36928.56877769711
5,10,ptf4,Bonds,234358.60554692114
5,10,ptf4,Crypto,54113.30051785169
5,10,ptf4,Stocks,263097.60492060496
5,10,ptf5,Cash,81293.91921969817
5,10,ptf5,Real Estate,155101.31403290783
5,10,ptf5,Precious Metals,36928.56877769711
5,10,ptf5,Bonds,234358.60554692114
5,10,ptf5,Crypto,54113.30051785169
5,10,ptf5,Stocks,263097.60492060496
5,10,returns,Cash,0.0
5,10,returns,Money Market,0.013433683812666408
5,10,returns,Bonds,0.020453304471963373
5,10,returns,Stocks,-0.14080767469576203
5,10,returns,Crypto,0.4137333562074938
5,10,returns,Precious Metals,-0.03522518533479321
5,10,returns,Real Estate,0.013022210535830385
5,10,contributions,,0.0
5,10,withdrawals,,50000.0
5,10,availableCash,,81293.91921969817
5,10,cashBuffer,,150000.0
5,10,cashDepletion,,50000.0
5,10,shortfall,,0.0
5,10,cashReplenishment,,0
5,10,financialGainLoss,,-21938.18484638573
5,11,ptf_bop,Cash,81293.91921969817
5,11,ptf_bop,Real Estate,155101.31403290783
5,11,ptf_bop,Precious Metals,36928.56877769711
5,11,ptf_bop,Bonds,234358.60554692114
5,11,ptf_bop,Crypto,54113.30051785169
5,11,ptf_bop,Stocks,263097.60492060496
5,11,ptf_eop,Cash,104307.6560708516
5,11,ptf_eop,Real Estate,148719.87875919655
5,11,ptf_eop,Precious Metals,37179.96968979914
5,11,ptf_eop,Bonds,223079.81813879483
5,11,ptf_eop,Crypto,37179.96968979914
5,11,ptf_eop,Stocks,297439.7575183931
5,11,ptf1,Cash,31293.919219698175
5,11,ptf1,Real Estate,155101.31403290783
5,11,ptf1,Precious Metals,36928.56877769711
5,11,ptf1,Bonds,234358.60554692114
5,11,ptf1,Crypto,54113.30051785169
5,11,ptf1,Stocks,263097.60492060496
5,11,ptf2,Cash,31293.919219698175
5,11,ptf2,Real Estate,148719.87875919658
5,11,ptf2,Precious Metals,37179.969689799145
5,11,ptf2,Bonds,223079.81813879486
5,11,ptf2,Crypto,37179.969689799145
5,11,ptf2,Stocks,297439.75751839316
5,11,ptf3,Cash,31293.919219698175
5,11,ptf3,Real Estate,157917.88829729092
5,11,ptf3,Precious Metals,43196.75856307023
5,11,ptf3,Bonds,263052.1793337357
5,11,ptf3,Crypto,47300.94461270402
5,11,ptf3,Stocks,305145.35984033527
5,11,ptf4,Cash,104307.6560708516
5,11,ptf4,Real Estate,157917.88829729092
5,11,ptf4,Precious Metals,43196.75856307023
5,11,ptf4,Bonds,190038.4424825823
5,11,ptf4,Crypto,47300.94461270402
5,11,ptf4,Stocks,305145.35984033527
5,11,ptf5,Cash,104307.6560708516
5,11,ptf5,Real Estate,148719.87875919655
5,11,ptf5,Precious Metals,37179.96968979914
5,11,ptf5,Bonds,223079.81813879483
5,11,ptf5,Crypto,37179.96968979914
5,11,ptf5,Stocks,297439.7575183931
5,11,returns,Cash,0.0
5,11,returns,Money Market,0.05621329575029426
5,11,returns,Bonds,0.17918412130886271
5,11,returns,Stocks,0.02590643021710229
5,11,returns,Crypto,0.272215792733196
5,11,returns,Precious Metals,0.1618287729514173
5,11,returns,Real Estate,0.06184788217174056
5,11,contributions,,0.0
5,11,withdrawals,,50000.0
5,11,availableCash,,31293.919219698175
5,11,cashBuffer,,150000.0
5,11,cashDepletion,,50000.0
5,11,shortfall,,0.0
5,11,cashReplenishment,,73013.73685115343
5,11,financialGainLoss,,73013.73685115343
5,12,ptf_bop,Cash,104307.6560708516
5,12,ptf_bop,Real Estate,148719.87875919655
5,12,ptf_bop,Precious Metals,37179.96968979914
5,12,ptf_bop,Bonds,223079.81813879483
5,12,ptf_bop,Crypto,37179.96968979914
5,12,ptf_bop,Stocks,297439.7575183931
5,12,ptf_eop,Cash,54307.656070851604
5,12,ptf_eop,Real Estate,139725.82788631154
5,12,ptf_eop,Precious Metals,32066.97355514017
5,12,ptf_eop,Bonds,206067.76625196703
5,12,ptf_eop,Crypto,37691.04939600052
5,12,ptf_eop,Stocks,192911.68767184296
5,12,ptf1,Cash,54307.656070851604
5,12,ptf1,Real Estate,148719.87875919655
5,12,ptf1,Precious Metals,37179.96968979914
5,12,ptf1,Bonds,223079.81813879483
5,12,ptf1,Crypto,37179.96968979914
5,12,ptf1,Stocks,297439.7575183931
5,12,ptf2,Cash,54307.656070851604
5,12,ptf2,Real Estate,148719.87875919655
5,12,ptf2,Precious Metals,37179.96968979914
5,12,ptf2,Bonds,223079.81813879483
5,12,ptf2,Crypto,37179.96968979914
5,12,ptf2,Stocks,297439.7575183931
5,12,ptf3,Cash,54307.656070851604
5,12,ptf3,Real Estate,139725.82788631154
5,12,ptf3,Precious Metals,32066.97355514017
5,12,ptf3,Bonds,206067.76625196703
5,12,ptf3,Crypto,37691.04939600052
5,12,ptf3,Stocks,192911.68767184296
5,12,ptf4,Cash,54307.656070851604
5,12,ptf4,Real Estate,139725.82788631154
5,12,ptf4,Precious Metals,32066.97355514017
5,12,ptf4,Bonds,206067.76625196703
5,12,ptf4,Crypto,37691.04939600052
5,12,ptf4,Stocks,192911.68767184296
5,12,ptf5,Cash,54307.656070851604
5,12,ptf5,Real Estate,139725.82788631154
5,12,ptf5,Precious Metals,32066.97355514017
5,12,ptf5,Bonds,206067.76625196703
5,12,ptf5,Crypto,37691.04939600052
5,12,ptf5,Stocks,192911.68767184296
5,12,returns,Cash,0.0
5,12,returns,Money Market,-0.024746553733712758
5,12,returns,Bonds,-0.07625993256029698
5,12,returns,Stocks,-0.35142601889757913
5,12,returns,Crypto,0.013746103357948635
5,12,returns,Precious Metals,-0.1375201802830354
5,12,returns,Real Estate,-0.06047645377285409
5,12,contributions,,0.0
5,12,withdrawals,,50000.0
5,12,availableCash,,54307.656070851604
5,12,cashBuffer,,150000.0
5,12,cashDepletion,,50000.0
5,12,shortfall,,0.0
5,12,cashReplenishment,,0
5,12,financialGainLoss,,-135136.08903472056
5,13,ptf_bop,Cash,54307.656070851604
5,13,ptf_bop,Real Estate,139725.82788631154
5,13,ptf_bop,Precious Metals,32066.97355514017
5,13,ptf_bop,Bonds,206067.76625196703
5,13,ptf_bop,Crypto,37691.04939600052
5,13,ptf_bop,Stocks,192911.68767184296
5,13,ptf_eop,Cash,56435.98655675154
5,13,ptf_eop,Real Estate,121692.66095225245
5,13,ptf_eop,Precious Metals,30423.165238063113
5,13,ptf_eop,Bonds,182538.99142837868
5,13,ptf_eop,Crypto,30423.165238063113
5,13,ptf_eop,Stocks,243385.3219045049
5,13,ptf1,Cash,4307.656070851604
5,13,ptf1,Real Estate,139725.82788631154
5,13,ptf1,Precious Metals,32066.97355514017
5,13,ptf1,Bonds,206067.76625196703
5,13,ptf1,Crypto,37691.04939600052
5,13,ptf1,Stocks,192911.68767184296
5,13,ptf2,Cash,4307.656070851604
5,13,ptf2,Real Estate,121692.66095225245
5,13,ptf2,Precious Metals,30423.165238063113
5,13,ptf2,Bonds,182538.99142837868
5,13,ptf2,Crypto,30423.165238063113
5,13,ptf2,Stocks,243385.3219045049
5,13,ptf3,Cash,4307.656070851604
5,13,ptf3,Real Estate,126212.72501016149
5,13,ptf3,Precious Metals,32977.62582192162
5,13,ptf3,Bonds,207090.84916297346
5,13,ptf3,Crypto,28563.540294148013
5,13,ptf3,Stocks,265746.89495795756
5,13,ptf4,Cash,56435.98655675154
5,13,ptf4,Real Estate,126212.72501016149
5,13,ptf4,Precious Metals,32977.62582192162
5,13,ptf4,Bonds,154962.51867707353
5,13,ptf4,Crypto,28563.540294148013
5,13,ptf4,Stocks,265746.89495795756
5,13,ptf5,Cash,56435.98655675154
5,13,ptf5,Real Estate,121692.66095225245
5,13,ptf5,Precious Metals,30423.165238063113
5,13,ptf5,Bonds,182538.99142837868
5,13,ptf5,Crypto,30423.165238063113
5,13,ptf5,Stocks,243385.3219045049
5,13,returns,Cash,0.0
5,13,returns,Money Market,-0.03393477516571212
5,13,returns,Bonds,0.1345019907389376
5,13,returns,Stocks,0.09187724583582924
5,13,returns,Crypto,-0.06112529479965087
5,13,returns,Precious Metals,0.08396432665272321
5,13,returns,Real Estate,0.03714327571226775
5,13,contributions,,0.0
5,13,withdrawals,,50000.0
5,13,availableCash,,4307.656070851604
5,13,cashBuffer,,150000.0
5,13,cashDepletion,,50000.0
5,13,shortfall,,0.0
5,13,cashReplenishment,,52128.33048589993
5,13,financialGainLoss,,52128.33048589993
5,14,ptf_bop,Cash,56435.98655675154
5,14,ptf_bop,Real Estate,121692.66095225245
5,14,ptf_bop,Precious Metals,30423.165238063113
5,14,ptf_bop,Bonds,182538.99142837868
5,14,ptf_bop,Crypto,30423.165238063113
5,14,ptf_bop,Stocks,243385.3219045049
5,14,ptf_eop,Cash,141335.59221674653
5,14,ptf_eop,Real Estate,121692.66095225245
5,14,ptf_eop,Precious Metals,30423.165238063113
5,14,ptf_eop,Bonds,182538.99142837868
5,14,ptf_eop,Crypto,30423.165238063113
5,14,ptf_eop,Stocks,243385.3219045049
5,14,ptf1,Cash,6435.986556751537
5,14,ptf1,Real Estate,121692.66095225245
5,14,ptf1,Precious Metals,30423.165238063113
5,14,ptf1,Bonds,182538.99142837868
5,14,ptf1,Crypto,30423.165238063113
5,14,ptf1,Stocks,243385.3219045049
5,14,ptf2,Cash,6435.986556751537
5,14,ptf2,Real Estate,121692.66095225245
5,14,ptf2,Precious Metals,30423.165238063113
5,14,ptf2,Bonds,182538.99142837868
5,14,ptf2,Crypto,30423.165238063113
5,14,ptf2,Stocks,243385.3219045049
5,14,ptf3,Cash,6435.986556751537
5,14,ptf3,Real Estate,155069.9107514417
5,14,ptf3,Precious Metals,25255.732080122867
5,14,ptf3,Bonds,172435.03908766416
5,14,ptf3,Crypto,44632.28421103675
5,14,ptf3,Stocks,345969.94429099176
5,14,ptf4,Cash,141335.59221674653
5,14,ptf4,Real Estate,155069.9107514417
5,14,ptf4,Precious Metals,25255.732080122867
5,14,ptf4,Bonds,37535.433427669166
5,14,ptf4,Crypto,44632.28421103675
5,14,ptf4,Stocks,345969.94429099176
5,14,ptf5,Cash,141335.59221674653
5,14,ptf5,Real Estate,121692.66095225245
5,14,ptf5,Precious Metals,30423.165238063113
5,14,ptf5,Bonds,182538.99142837868
5,14,ptf5,Crypto,30423.165238063113
5,14,ptf5,Stocks,243385.3219045049
5,14,returns,Cash,0.0
5,14,returns,Money Market,0.05431296241280803
5,14,returns,Bonds,-0.05535229630475371
5,14,returns,Stocks,0.421490587779723
5,14,returns,Crypto,0.4670493310537026
5,14,returns,Precious Metals,-0.16985192426576157
5,14,returns,Real Estate,0.27427496069204355
5,14,contributions,,0.0
5,14,withdrawals,,50000.0
5,14,availableCash,,6435.986556751537
5,14,cashBuffer,,150000.0
5,14,cashDepletion,,50000.0
5,14,shortfall,,0.0
5,14,cashReplenishment,,134899.605659995
5,14,financialGainLoss,,134899.605659995
5,15,ptf_bop,Cash,141335.59221674653
5,15,ptf_bop,Real Estate,121692.66095225245
5,15,ptf_bop,Precious Metals,30423.165238063113
5,15,ptf_bop,Bonds,182538.99142837868
5,15,ptf_bop,Crypto,30423.165238063113
5,15,ptf_bop,Stocks,243385.3219045049
5,15,ptf_eop,Cash,91805.31351076101
5,15,ptf_eop,Real Estate,121692.66095225242
5,15,ptf_eop,Precious Metals,30423.165238063106
5,15,ptf_eop,Bonds,182538.99142837862
5,15,ptf_eop,Crypto,30423.165238063106
5,15,ptf_eop,Stocks,243385.32190450485
5,15,ptf1,Cash,91335.59221674653
5,15,ptf1,Real Estate,121692.66095225245
5,15,ptf1,Precious Metals,30423.165238063113
5,15,ptf1,Bonds,182538.99142837868
5,15,ptf1,Crypto,30423.165238063113
5,15,ptf1,Stocks,243385.3219045049
5,15,ptf2,Cash,91335.59221674653
5,15,ptf2,Real Estate,121692.66095225245
5,15,ptf2,Precious Metals,30423.165238063113
5,15,ptf2,Bonds,182538.99142837868
5,15,ptf2,Crypto,30423.165238063113
5,15,ptf2,Stocks,243385.3219045049
5,15,ptf3,Cash,91335.59221674653
5,15,ptf3,Real Estate,112755.34247504154
5,15,ptf3,Precious Metals,25172.805446937793
5,15,ptf3,Bonds,171196.17423991775
5,15,ptf3,Crypto,29289.253262247803
5,15,ptf3,Stocks,270519.4506311318
5,15,ptf4,Cash,91805.31351076101
5,15,ptf4,Real Estate,112755.34247504154
5,15,ptf4,Precious Metals,25172.805446937793
5,15,ptf4,Bonds,170726.45294590326
5,15,ptf4,Crypto,29289.253262247803
5,15,ptf4,Stocks,270519.4506311318
5,15,ptf5,Cash,91805.31351076101
5,15,ptf5,Real Estate,121692.66095225242
5,15,ptf5,Precious Metals,30423.165238063106
5,15,ptf5,Bonds,182538.99142837862
5,15,ptf5,Crypto,30423.165238063106
5,15,ptf5,Stocks,243385.32190450485
5,15,returns,Cash,0.0
5,15,returns,Money Market,0.056100292061801144
5,15,returns,Bonds,-0.062139146818456135
5,15,returns,Stocks,0.11148629882155875
5,15,returns,Crypto,-0.037271334752396114
5,15,returns,Precious Metals,-0.1725776969635123
5,15,returns,Real Estate,-0.07344172119564032
5,15,contributions,,0.0
5,15,withdrawals,,50000.0
5,15,availableCash,,91335.59221674653
5,15,cashBuffer,,150000.0
5,15,cashDepletion,,50000.0
5,15,shortfall,,0.0
5,15,cashReplenishment,,469.7212940144818
5,15,financialGainLoss,,469.7212940144818
5,16,ptf_bop,Cash,91805.31351076101
5,16,ptf_bop,Real Estate,121692.66095225242
5,16,ptf_bop,Precious Metals,30423.165238063106
5,16,ptf_bop,Bonds,182538.99142837862
5,16,ptf_bop,Crypto,30423.165238063106
5,16,ptf_bop,Stocks,243385.32190450485
5,16,ptf_eop,Cash,59906.37027163559
5,16,ptf_eop,Real Estate,121692.66095225241
5,16,ptf_eop,Precious Metals,30423.165238063102
5,16,ptf_eop,Bonds,182538.9914283786
5,16,ptf_eop,Crypto,30423.165238063102
5,16,ptf_eop,Stocks,243385.32190450482
5,16,ptf1,Cash,41805.313510761014
5,16,ptf1,Real Estate,121692.66095225242
5,16,ptf1,Precious Metals,30423.165238063106
5,16,ptf1,Bonds,182538.99142837862
5,16,ptf1,Crypto,30423.165238063106
5,16,ptf1,Stocks,243385.32190450485
5,16,ptf2,Cash,41805.313510761014
5,16,ptf2,Real Estate,121692.66095225241
5,16,ptf2,Precious Metals,30423.165238063102
5,16,ptf2,Bonds,182538.9914283786
5,16,ptf2,Crypto,30423.165238063102
5,16,ptf2,Stocks,243385.32190450482
5,16,ptf3,Cash,41805.313510761014
5,16,ptf3,Real Estate,144261.978022124
5,16,ptf3,Precious Metals,34679.633097316146
5,16,ptf3,Bonds,152933.18424934373
5,16,ptf3,Crypto,12185.111032756266
5,16,ptf3,Stocks,282504.4551205964
5,16,ptf4,Cash,59906.37027163559
5,16,ptf4,Real Estate,144261.978022124
5,16,ptf4,Precious Metals,34679.633097316146
5,16,ptf4,Bonds,134832.12748846915
5,16,ptf4,Crypto,12185.111032756266
5,16,ptf4,Stocks,282504.4551205964
5,16,ptf5,Cash,59906.37027163559
5,16,ptf5,Real Estate,121692.66095225241
5,16,ptf5,Precious Metals,30423.165238063102
5,16,ptf5,Bonds,182538.9914283786
5,16,ptf5,Crypto,30423.165238063102
5,16,ptf5,Stocks,243385.32190450482
5,16,returns,Cash,0.0
5,16,returns,Money Market,-0.049823386975235806
5,16,returns,Bonds,-0.16218894904243553
5,16,returns,Stocks,0.16072922109674478
5,16,returns,Crypto,-0.599479181820595
5,16,returns,Precious Metals,0.13990877760239373
5,16,returns,Real Estate,0.18546161200901787
5,16,contributions,,0.0
5,16,withdrawals,,50000.0
5,16,availableCash,,41805.313510761014
5,16,cashBuffer,,150000.0
5,16,cashDepletion,,50000.0
5,16,shortfall,,0.0
5,16,cashReplenishment,,18101.056760874577
5,16,financialGainLoss,,18101.056760874577
5,17,ptf_bop,Cash,59906.37027163559
5,17,ptf_bop,Real Estate,121692.66095225241
5,17,ptf_bop,Precious Metals,30423.165238063102
5,17,ptf_bop,Bonds,182538.9914283786
5,17,ptf_bop,Crypto,30423.165238063102
5,17,ptf_bop,Stocks,243385.32190450482
5,17,ptf_eop,Cash,79169.49141618318
5,17,ptf_eop,Real Estate,121692.66095225238
5,17,ptf_eop,Precious Metals,30423.165238063095
5,17,ptf_eop,Bonds,182538.99142837856
5,17,ptf_eop,Crypto,30423.165238063095
5,17,ptf_eop,Stocks,243385.32190450476
5,17,ptf1,Cash,9906.370271635591
5,17,ptf1,Real Estate,121692.66095225241
5,17,ptf1,Precious Metals,30423.165238063102
5,17,ptf1,Bonds,182538.9914283786
5,17,ptf1,Crypto,30423.165238063102
5,17,ptf1,Stocks,243385.32190450482
5,17,ptf2,Cash,9906.370271635591
5,17,ptf2,Real Estate,121692.66095225241
5,17,ptf2,Precious Metals,30423.165238063102
5,17,ptf2,Bonds,182538.9914283786
5,17,ptf2,Crypto,30423.165238063102
5,17,ptf2,Stocks,243385.32190450482
5,17,ptf3,Cash,9906.370271635591
5,17,ptf3,Real Estate,122032.12875991955
5,17,ptf3,Precious Metals,38919.83984938319
5,17,ptf3,Bonds,224404.99160820217
5,17,ptf3,Crypto,44045.48617216359
5,17,ptf3,Stocks,248323.97951614112
5,17,ptf4,Cash,79169.49141618318
5,17,ptf4,Real Estate,122032.12875991955
5,17,ptf4,Precious Metals,38919.83984938319
5,17,ptf4,Bonds,155141.87046365457
5,17,ptf4,Crypto,44045.48617216359
5,17,ptf4,Stocks,248323.97951614112
5,17,ptf5,Cash,79169.49141618318
5,17,ptf5,Real Estate,121692.66095225238
5,17,ptf5,Precious Metals,30423.165238063095
5,17,ptf5,Bonds,182538.99142837856
5,17,ptf5,Crypto,30423.165238063095
5,17,ptf5,Stocks,243385.32190450476
5,17,returns,Cash,0.0
5,17,returns,Money Market,0.06373929724095317
5,17,returns,Bonds,0.22935373890377947
5,17,returns,Stocks,0.020291517881978294
5,17,returns,Crypto,0.4477614616199532
5,17,returns,Precious Metals,0.2792830576579754
5,17,returns,Real Estate,0.002789550372313259
5,17,contributions,,0.0
5,17,withdrawals,,50000.0
5,17,availableCash,,9906.370271635591
5,17,cashBuffer,,150000.0
5,17,cashDepletion,,50000.0
5,17,shortfall,,0.0
5,17,cashReplenishment,,69263.1211445476
5,17,financialGainLoss,,69263.1211445476
5,18,ptf_bop,Cash,79169.49141618318
5,18,ptf_bop,Real Estate,121692.66095225238
5,18,ptf_bop,Precious Metals,30423.165238063095
5,18,ptf_bop,Bonds,182538.99142837856
5,18,ptf_bop,Crypto,30423.165238063095
5,18,ptf_bop,Stocks,243385.32190450476
5,18,ptf_eop,Cash,29169.491416183184
5,18,ptf_eop,Real Estate,70727.60260813359
5,18,ptf_eop,Precious Metals,31599.957755125382
5,18,ptf_eop,Bonds,195307.13376055605
5,18,ptf_eop,Crypto,49463.76206108205
5,18,ptf_eop,Stocks,160391.73665959903
5,18,ptf1,Cash,29169.491416183184
5,18,ptf1,Real Estate,121692.66095225238
5,18,ptf1,Precious Metals,30423.165238063095
5,18,ptf1,Bonds,182538.99142837856
5,18,ptf1,Crypto,30423.165238063095
5,18,ptf1,Stocks,243385.32190450476
5,18,ptf2,Cash,29169.491416183184
5,18,ptf2,Real Estate,121692.66095225235
5,18,ptf2,Precious Metals,30423.165238063088
5,18,ptf2,Bonds,182538.99142837853
5,18,ptf2,Crypto,30423.165238063088
5,18,ptf2,Stocks,243385.3219045047
5,18,ptf3,Cash,29169.491416183184
5,18,ptf3,Real Estate,70727.60260813359
5,18,ptf3,Precious Metals,31599.957755125382
5,18,ptf3,Bonds,195307.13376055605
5,18,ptf3,Crypto,49463.76206108205
5,18,ptf3,Stocks,160391.73665959903
5,18,ptf4,Cash,29169.491416183184
5,18,ptf4,Real Estate,70727.60260813359
5,18,ptf4,Precious Metals,31599.957755125382
5,18,ptf4,Bonds,195307.13376055605
5,18,ptf4,Crypto,49463.76206108205
5,18,ptf4,Stocks,160391.73665959903
5,18,ptf5,Cash,29169.491416183184
5,18,ptf5,Real Estate,70727.60260813359
5,18,ptf5,Precious Metals,31599.957755125382
5,18,ptf5,Bonds,195307.13376055605
5,18,ptf5,Crypto,49463.76206108205
5,18,ptf5,Stocks,160391.73665959903
5,18,returns,Cash,0.0
5,18,returns,Money Market,0.04415317682973709
5,18,returns,Bonds,0.06994747934272043
5,18,returns,Stocks,-0.3409966738974886
5,18,returns,Crypto,0.6258585086076729
5,18,returns,Precious Metals,0.03868080483584861
5,18,returns,Real Estate,-0.4188014128815504
5,18,contributions,,0.0
5,18,withdrawals,,50000.0
5,18,availableCash,,29169.491416183184
5,18,cashBuffer,,150000.0
5,18,cashDepletion,,50000.0
5,18,shortfall,,0.0
5,18,cashReplenishment,,0
5,18,financialGainLoss,,-100973.11191676557
5,19,ptf_bop,Cash,29169.491416183184
5,19,ptf_bop,Real Estate,70727.60260813359
5,19,ptf_bop,Precious Metals,31599.957755125382
5,19,ptf_bop,Bonds,195307.13376055605
5,19,ptf_bop,Crypto,49463.76206108205
5,19,ptf_bop,Stocks,160391.73665959903
5,19,ptf_eop,Cash,0.0
5,19,ptf_eop,Real Estate,87776.480282146
5,19,ptf_eop,Precious Metals,24792.104351026595
5,19,ptf_eop,Bonds,126671.78310032154
5,19,ptf_eop,Crypto,25144.409748115337
5,19,ptf_eop,Stocks,215878.82944006877
5,19,ptf1,Cash,0.0
5,19,ptf1,Real Estate,70727.60260813359
5,19,ptf1,Precious Metals,31599.957755125382
5,19,ptf1,Bonds,174476.62517673924
5,19,ptf1,Crypto,49463.76206108205
5,19,ptf1,Stocks,160391.73665959903
5,19,ptf2,Cash,0.0
5,19,ptf2,Real Estate,97331.93685213587
5,19,ptf2,Precious Metals,24332.984213033968
5,19,ptf2,Bonds,145997.90527820378
5,19,ptf2,Crypto,24332.984213033968
5,19,ptf2,Stocks,194663.87370427174
5,19,ptf3,Cash,0.0
5,19,ptf3,Real Estate,87776.480282146
5,19,ptf3,Precious Metals,24792.104351026595
5,19,ptf3,Bonds,126671.78310032154
5,19,ptf3,Crypto,25144.409748115337
5,19,ptf3,Stocks,215878.82944006877
5,19,ptf4,Cash,0.0
5,19,ptf4,Real Estate,87776.480282146
5,19,ptf4,Precious Metals,24792.104351026595
5,19,ptf4,Bonds,126671.78310032154
5,19,ptf4,Crypto,25144.409748115337
5,19,ptf4,Stocks,215878.82944006877
5,19,ptf5,Cash,0.0
5,19,ptf5,Real Estate,87776.480282146
5,19,ptf5,Precious Metals,24792.104351026595
5,19,ptf5,Bonds,126671.78310032154
5,19,ptf5,Crypto,25144.409748115337
5,19,ptf5,Stocks,215878.82944006877
5,19,returns,Cash,0.0
5,19,returns,Money Market,0.033765578667093836
5,19,returns,Bonds,-0.1323725990524021
5,19,returns,Stocks,0.10898250061552886
5,19,returns,Crypto,0.03334673330559792
5,19,returns,Precious Metals,0.01886822158651223
5,19,returns,Real Estate,-0.09817390754800513
5,19,contributions,,0.0
5,19,withdrawals,,50000.0
5,19,availableCash,,0.0
5,19,cashBuffer,,150000.0
5,19,cashDepletion,,29169.491416183184
5,19,shortfall,,20830.508583816816
5,19,cashReplenishment,,0
5,19,financialGainLoss,,-6396.077339001058
5,20,ptf_bop,Cash,0.0
5,20,ptf_bop,Real Estate,87776.480282146
5,20,ptf_bop,Precious Metals,24792.104351026595
5,20,ptf_bop,Bonds,126671.78310032154
5,20,ptf_bop,Crypto,25144.409748115337
5,20,ptf_bop,Stocks,215878.82944006877
5,20,ptf_eop,Cash,0.0
5,20,ptf_eop,Real Estate,78693.74249288294
5,20,ptf_eop,Precious Metals,13689.739428917774
5,20,ptf_eop,Bonds,123051.8180137254
5,20,ptf_eop,Crypto,11512.201135696985
5,20,ptf_eop,Stocks,144406.75607579615
5,20,ptf1,Cash,0.0
5,20,ptf1,Real Estate,87776.480282146
5,20,ptf1,Precious Metals,24792.104351026595
5,20,ptf1,Bonds,76671.78310032154
5,20,ptf1,Crypto,25144.409748115337
5,20,ptf1,Stocks,215878.82944006877
5,20,ptf2,Cash,0.0
5,20,ptf2,Real Estate,86052.72138433566
5,20,ptf2,Precious Metals,21513.180346083915
5,20,ptf2,Bonds,129079.08207650349
5,20,ptf2,Crypto,21513.180346083915
5,20,ptf2,Stocks,172105.44276867132
5,20,ptf3,Cash,0.0
5,20,ptf3,Real Estate,78693.74249288294
5,20,ptf3,Precious Metals,13689.739428917774
5,20,ptf3,Bonds,123051.8180137254
5,20,ptf3,Crypto,11512.201135696985
5,20,ptf3,Stocks,144406.75607579615
5,20,ptf4,Cash,0.0
5,20,ptf4,Real Estate,78693.74249288294
5,20,ptf4,Precious Metals,13689.739428917774
5,20,ptf4,Bonds,123051.8180137254
5,20,ptf4,Crypto,11512.201135696985
5,20,ptf4,Stocks,144406.75607579615
5,20,ptf5,Cash,0.0
5,20,ptf5,Real Estate,78693.74249288294
5,20,ptf5,Precious Metals,13689.739428917774
5,20,ptf5,Bonds,123051.8180137254
5,20,ptf5,Crypto,11512.201135696985
5,20,ptf5,Stocks,144406.75607579615
5,20,returns,Cash,0.0
5,20,returns,Money Market,-0.0758870571892059
5,20,returns,Bonds,-0.04669435175566111
5,20,returns,Stocks,-0.1609402134370918
5,20,returns,Crypto,-0.4648768359443157
5,20,returns,Precious Metals,-0.3636580362043149
5,20,returns,Real Estate,-0.08551709664805884
5,20,contributions,,0.0
5,20,withdrawals,,50000.0
5,20,availableCash,,0.0
5,20,cashBuffer,,150000.0
5,20,cashDepletion,,0.0
5,20,shortfall,,50000.0
5,20,cashReplenishment,,0
5,20,financialGainLoss,,-58909.34977465903
6,1,ptf_bop,Cash,150000.0
6,1,ptf_bop,Real Estate,170000.0
6,1,ptf_bop,Precious Metals,42500.0
6,1,ptf_bop,Bonds,255000.0
6,1,ptf_bop,Crypto,42500.0
6,1,ptf_bop,Stocks,340000.0
6,1,ptf_eop,Cash,100000.0
6,1,ptf_eop,Real Estate,133067.72675480173
6,1,ptf_eop,Precious Metals,44584.43801146893
6,1,ptf_eop,Bonds,260506.03050859598
6,1,ptf_eop,Crypto,28942.688554880435
6,1,ptf_eop,Stocks,328754.71125042695
6,1,ptf1,Cash,100000.0
6,1,ptf1,Real Estate,170000.0
6,1,ptf1,Precious Metals,42500.0
6,1,ptf1,Bonds,255000.0
6,1,ptf1,Crypto,42500.0
6,1,ptf1,Stocks,340000.0
6,1,ptf2,Cash,100000.0
6,1,ptf2,Real Estate,170000.0
6,1,ptf2,Precious Metals,42500.0
6,1,ptf2,Bonds,255000.0
6,1,ptf2,Crypto,42500.0
6,1,ptf2,Stocks,340000.0
6,1,ptf3,Cash,100000.0
6,1,ptf3,Real Estate,133067.72675480173
6,1,ptf3,Precious Metals,44584.43801146893
6,1,ptf3,Bonds,260506.03050859598
6,1,ptf3,Crypto,28942.688554880435
6,1,ptf3,Stocks,328754.71125042695
6,1,ptf4,Cash,100000.0
6,1,ptf4,Real Estate,133067.72675480173
6,1,ptf4,Precious Metals,44584.43801146893
6,1,ptf4,Bonds,260506.03050859598
6,1,ptf4,Crypto,28942.688554880435
6,1,ptf4,Stocks,328754.71125042695
6,1,ptf5,Cash,100000.0
6,1,ptf5,Real Estate,133067.72675480173
6,1,ptf5,Precious Metals,44584.43801146893
6,1,ptf5,Bonds,260506.03050859598
6,1,ptf5,Crypto,28942.688554880435
6,1,ptf5,Stocks,328754.71125042695
6,1,returns,Cash,0.0
6,1,returns,Money Market,0.01897219419889967
6,1,returns,Bonds,0.02159227650429799
6,1,returns,Stocks,-0.033074378675214754
6,1,returns,Crypto,-0.318995563414578
6,1,returns,Precious Metals,0.04904560026985723
6,1,returns,Real Estate,-0.2172486661482251
6,1,contributions,,0.0
6,1,withdrawals,,50000.0
6,1,availableCash,,100000.0
6,1,cashBuffer,,150000.0
6,1,cashDepletion,,50000.0
6,1,shortfall,,0.0
6,1,cashReplenishment,,0
6,1,financialGainLoss,,-54144.40491982596
6,2,ptf_bop,Cash,100000.0
6,2,ptf_bop,Real Estate,133067.72675480173
6,2,ptf_bop,Precious Metals,44584.43801146893
6,2,ptf_bop,Bonds,260506.03050859598
6,2,ptf_bop,Crypto,28942.688554880435
6,2,ptf_bop,Stocks,328754.71125042695
6,2,ptf_eop,Cash,50000.0
6,2,ptf_eop,Real Estate,162810.73126404965
6,2,ptf_eop,Precious Metals,37657.839407581516
6,2,ptf_eop,Bonds,272351.3346274682
6,2,ptf_eop,Crypto,37052.83312150811
6,2,ptf_eop,Stocks,277002.5402994414
6,2,ptf1,Cash,50000.0
6,2,ptf1,Real Estate,133067.72675480173
6,2,ptf1,Precious Metals,44584.43801146893
6,2,ptf1,Bonds,260506.03050859598
6,2,ptf1,Crypto,28942.688554880435
6,2,ptf1,Stocks,328754.71125042695
6,2,ptf2,Cash,50000.0
6,2,ptf2,Real Estate,159171.11901603482
6,2,ptf2,Precious Metals,39792.779754008705
6,2,ptf2,Bonds,238756.6785240522
6,2,ptf2,Crypto,39792.779754008705
6,2,ptf2,Stocks,318342.23803206964
6,2,ptf3,Cash,50000.0
6,2,ptf3,Real Estate,162810.73126404965
6,2,ptf3,Precious Metals,37657.839407581516
6,2,ptf3,Bonds,272351.3346274682
6,2,ptf3,Crypto,37052.83312150811
6,2,ptf3,Stocks,277002.5402994414
6,2,ptf4,Cash,50000.0
6,2,ptf4,Real Estate,162810.73126404965
6,2,ptf4,Precious Metals,37657.839407581516
6,2,ptf4,Bonds,272351.3346274682
6,2,ptf4,Crypto,37052.83312150811
6,2,ptf4,Stocks,277002.5402994414
6,2,ptf5,Cash,50000.0
6,2,ptf5,Real Estate,162810.73126404965
6,2,ptf5,Precious Metals,37657.839407581516
6,2,ptf5,Bonds,272351.3346274682
6,2,ptf5,Crypto,37052.83312150811
6,2,ptf5,Stocks,277002.5402994414
6,2,returns,Cash,0.0
6,2,returns,Money Market,-0.035246583538778874
6,2,returns,Bonds,0.14070666551022437
6,2,returns,Stocks,-0.12985929227670923
6,2,returns,Crypto,-0.06885537148795372
6,2,returns,Precious Metals,-0.05365145032905414
6,2,returns,Real Estate,0.022866034180787267
6,2,contributions,,0.0
6,2,withdrawals,,50000.0
6,2,availableCash,,50000.0
6,2,cashBuffer,,150000.0
6,2,cashDepletion,,50000.0
6,2,shortfall,,0.0
6,2,cashReplenishment,,0
6,2,financialGainLoss,,-8980.316360125085
6,3,ptf_bop,Cash,50000.0
6,3,ptf_bop,Real Estate,162810.73126404965
6,3,ptf_bop,Precious Metals,37657.839407581516
6,3,ptf_bop,Bonds,272351.3346274682
6,3,ptf_bop,Crypto,37052.83312150811
6,3,ptf_bop,Stocks,277002.5402994414
6,3,ptf_eop,Cash,73866.04887856427
6,3,ptf_eop,Real Estate,157375.0557440098
6,3,ptf_eop,Precious Metals,39343.76393600245
6,3,ptf_eop,Bonds,236062.5836160147
6,3,ptf_eop,Crypto,39343.76393600245
6,3,ptf_eop,Stocks,314750.1114880196
6,3,ptf1,Cash,0.0
6,3,ptf1,Real Estate,162810.73126404965
6,3,ptf1,Precious Metals,37657.839407581516
6,3,ptf1,Bonds,272351.3346274682
6,3,ptf1,Crypto,37052.83312150811
6,3,ptf1,Stocks,277002.5402994414
6,3,ptf2,Cash,0.0
6,3,ptf2,Real Estate,157375.05574400976
6,3,ptf2,Precious Metals,39343.76393600244
6,3,ptf2,Bonds,236062.58361601466
6,3,ptf2,Crypto,39343.76393600244
6,3,ptf2,Stocks,314750.1114880195
6,3,ptf3,Cash,0.0
6,3,ptf3,Real Estate,199237.73845885412
6,3,ptf3,Precious Metals,45137.16052105571
6,3,ptf3,Bonds,222286.36679018885
6,3,ptf3,Crypto,21716.1161949491
6,3,ptf3,Stocks,372363.94563356537
6,3,ptf4,Cash,73866.04887856427
6,3,ptf4,Real Estate,199237.73845885412
6,3,ptf4,Precious Metals,45137.16052105571
6,3,ptf4,Bonds,148420.3179116246
6,3,ptf4,Crypto,21716.1161949491
6,3,ptf4,Stocks,372363.94563356537
6,3,ptf5,Cash,73866.04887856427
6,3,ptf5,Real Estate,157375.0557440098
6,3,ptf5,Precious Metals,39343.76393600245
6,3,ptf5,Bonds,236062.5836160147
6,3,ptf5,Crypto,39343.76393600245
6,3,ptf5,Stocks,314750.1114880196
6,3,returns,Cash,0.0
6,3,returns,Money Market,0.011893097115602486
6,3,returns,Bonds,-0.058358324368060564
6,3,returns,Stocks,0.1830462708120085
6,3,returns,Crypto,-0.44804172192896735
6,3,returns,Precious Metals,0.14725069503967517
6,3,returns,Real Estate,0.26600583248046145
6,3,contributions,,0.0
6,3,withdrawals,,50000.0
6,3,availableCash,,0.0
6,3,cashBuffer,,150000.0
6,3,cashDepletion,,50000.0
6,3,shortfall,,0.0
6,3,cashReplenishment,,73866.04887856427
6,3,financialGainLoss,,73866.04887856427
6,4,ptf_bop,Cash,73866.04887856427
6,4,ptf_bop,Real Estate,157375.0557440098
6,4,ptf_bop,Precious Metals,39343.76393600245
6,4,ptf_bop,Bonds,236062.5836160147
6,4,ptf_bop,Crypto,39343.76393600245
6,4,ptf_bop,Stocks,314750.1114880196
6,4,ptf_eop,Cash,23866.048878564266
6,4,ptf_eop,Real Estate,144255.60127787865
6,4,ptf_eop,Precious Metals,31260.071243127375
6,4,ptf_eop,Bonds,208271.5250528313
6,4,ptf_eop,Crypto,6679.229392835136
6,4,ptf_eop,Stocks,339553.8373342128
6,4,ptf1,Cash,23866.048878564266
6,4,ptf1,Real Estate,157375.0557440098
6,4,ptf1,Precious Metals,39343.76393600245
6,4,ptf1,Bonds,236062.5836160147
6,4,ptf1,Crypto,39343.76393600245
6,4,ptf1,Stocks,314750.1114880196
6,4,ptf2,Cash,23866.048878564266
6,4,ptf2,Real Estate,157375.0557440098
6,4,ptf2,Precious Metals,39343.76393600245
6,4,ptf2,Bonds,236062.5836160147
6,4,ptf2,Crypto,39343.76393600245
6,4,ptf2,Stocks,314750.1114880196
6,4,ptf3,Cash,23866.048878564266
6,4,ptf3,Real Estate,144255.60127787865
6,4,ptf3,Precious Metals,31260.071243127375
6,4,ptf3,Bonds,208271.5250528313
6,4,ptf3,Crypto,6679.229392835136
6,4,ptf3,Stocks,339553.8373342128
6,4,ptf4,Cash,23866.048878564266
6,4,ptf4,Real Estate,144255.60127787865
6,4,ptf4,Precious Metals,31260.071243127375
6,4,ptf4,Bonds,208271.5250528313
6,4,ptf4,Crypto,6679.229392835136
6,4,ptf4,Stocks,339553.8373342128
6,4,ptf5,Cash,23866.048878564266
6,4,ptf5,Real Estate,144255.60127787865
6,4,ptf5,Precious Metals,31260.071243127375
6,4,ptf5,Bonds,208271.5250528313
6,4,ptf5,Crypto,6679.229392835136
6,4,ptf5,Stocks,339553.8373342128
6,4,returns,Cash,0.0
6,4,returns,Money Market,0.01177764746744019
6,4,returns,Bonds,-0.1177275031793645
6,4,returns,Stocks,0.0788045021777135
6,4,returns,Crypto,-0.830234102570874
6,4,returns,Precious Metals,-0.20546312513526188
6,4,returns,Real Estate,-0.08336425619744697
6,4,contributions,,0.0
6,4,withdrawals,,50000.0
6,4,availableCash,,23866.048878564266
6,4,cashBuffer,,150000.0
6,4,cashDepletion,,50000.0
6,4,shortfall,,0.0
6,4,cashReplenishment,,0
6,4,financialGainLoss,,-56855.014419163694
6,5,ptf_bop,Cash,23866.048878564266
6,5,ptf_bop,Real Estate,144255.60127787865
6,5,ptf_bop,Precious Metals,31260.071243127375
6,5,ptf_bop,Bonds,208271.5250528313
6,5,ptf_bop,Crypto,6679.229392835136
6,5,ptf_bop,Stocks,339553.8373342128
6,5,ptf_eop,Cash,82536.27216212684
6,5,ptf_eop,Real Estate,140777.26263588987
6,5,ptf_eop,Precious Metals,35194.31565897247
6,5,ptf_eop,Bonds,211165.8939538348
6,5,ptf_eop,Crypto,35194.31565897247
6,5,ptf_eop,Stocks,281554.52527177974
6,5,ptf1,Cash,0.0
6,5,ptf1,Real Estate,144255.60127787865
6,5,ptf1,Precious Metals,31260.071243127375
6,5,ptf1,Bonds,182137.57393139557
6,5,ptf1,Crypto,6679.229392835136
6,5,ptf1,Stocks,339553.8373342128
6,5,ptf2,Cash,0.0
6,5,ptf2,Real Estate,140777.2626358899
6,5,ptf2,Precious Metals,35194.315658972475
6,5,ptf2,Bonds,211165.89395383483
6,5,ptf2,Crypto,35194.315658972475
6,5,ptf2,Stocks,281554.5252717798
6,5,ptf3,Cash,0.0
6,5,ptf3,Real Estate,170142.15279105952
6,5,ptf3,Precious Metals,34120.79331861545
6,5,ptf3,Bonds,244928.26294962372
6,5,ptf3,Crypto,63252.85472065217
6,5,ptf3,Stocks,273978.5215616254
6,5,ptf4,Cash,82536.27216212684
6,5,ptf4,Real Estate,170142.15279105952
6,5,ptf4,Precious Metals,34120.79331861545
6,5,ptf4,Bonds,162391.99078749688
6,5,ptf4,Crypto,63252.85472065217
6,5,ptf4,Stocks,273978.5215616254
6,5,ptf5,Cash,82536.27216212684
6,5,ptf5,Real Estate,140777.26263588987
6,5,ptf5,Precious Metals,35194.31565897247
6,5,ptf5,Bonds,211165.8939538348
6,5,ptf5,Crypto,35194.31565897247
6,5,ptf5,Stocks,281554.52527177974
6,5,returns,Cash,0.0
6,5,returns,Money Market,0.09576385117727458
6,5,returns,Bonds,0.1598855211115201
6,5,returns,Stocks,-0.02690776751977751
6,5,returns,Crypto,0.7972463318668457
6,5,returns,Precious Metals,-0.0305027195516256
6,5,returns,Real Estate,0.20859114323823547
6,5,contributions,,0.0
6,5,withdrawals,,50000.0
6,5,availableCash,,0.0
6,5,cashBuffer,,150000.0
6,5,cashDepletion,,23866.048878564266
6,5,shortfall,,26133.951121435734
6,5,cashReplenishment,,82536.27216212684
6,5,financialGainLoss,,82536.27216212684
6,6,ptf_bop,Cash,82536.27216212684
6,6,ptf_bop,Real Estate,140777.26263588987
6,6,ptf_bop,Precious Metals,35194.31565897247
6,6,ptf_bop,Bonds,211165.8939538348
6,6,ptf_bop,Crypto,35194.31565897247
6,6,ptf_bop,Stocks,281554.52527177974
6,6,ptf_eop,Cash,32536.272162126843
6,6,ptf_eop,Real Estate,143344.9995094197
6,6,ptf_eop,Precious Metals,30246.661757972623
6,6,ptf_eop,Bonds,236512.42461798387
6,6,ptf_eop,Crypto,32214.233539068307
6,6,ptf_eop,Stocks,222130.95556735888
6,6,ptf1,Cash,32536.272162126843
6,6,ptf1,Real Estate,140777.26263588987
6,6,ptf1,Precious Metals,35194.31565897247
6,6,ptf1,Bonds,211165.8939538348
6,6,ptf1,Crypto,35194.31565897247
6,6,ptf1,Stocks,281554.52527177974
6,6,ptf2,Cash,32536.272162126843
6,6,ptf2,Real Estate,140777.26263588987
6,6,ptf2,Precious Metals,35194.31565897247
6,6,ptf2,Bonds,211165.8939538348
6,6,ptf2,Crypto,35194.31565897247
6,6,ptf2,Stocks,281554.52527177974
6,6,ptf3,Cash,32536.272162126843
6,6,ptf3,Real Estate,143344.9995094197
6,6,ptf3,Precious Metals,30246.661757972623
6,6,ptf3,Bonds,236512.42461798387
6,6,ptf3,Crypto,32214.233539068307
6,6,ptf3,Stocks,222130.95556735888
6,6,ptf4,Cash,32536.272162126843
6,6,ptf4,Real Estate,143344.9995094197
6,6,ptf4,Precious Metals,30246.661757972623
6,6,ptf4,Bonds,236512.42461798387
6,6,ptf4,Crypto,32214.233539068307
6,6,ptf4,Stocks,222130.95556735888
6,6,ptf5,Cash,32536.272162126843
6,6,ptf5,Real Estate,143344.9995094197
6,6,ptf5,Precious Metals,30246.661757972623
6,6,ptf5,Bonds,236512.42461798387
6,6,ptf5,Crypto,32214.233539068307
6,6,ptf5,Stocks,222130.95556735888
6,6,returns,Cash,0.0
6,6,returns,Money Market,0.027711371355213933
6,6,returns,Bonds,0.12003136581180252
6,6,returns,Stocks,-0.21105528191052983
6,6,returns,Crypto,-0.08467509778512813
6,6,returns,Precious Metals,-0.14058105146699987
6,6,returns,Real Estate,0.018239713043512625
6,6,contributions,,0.0
6,6,withdrawals,,50000.0
6,6,availableCash,,32536.272162126843
6,6,cashBuffer,,150000.0
6,6,cashDepletion,,50000.0
6,6,shortfall,,0.0
6,6,cashReplenishment,,0
6,6,financialGainLoss,,-39437.038187646074
6,7,ptf_bop,Cash,32536.272162126843
6,7,ptf_bop,Real Estate,143344.9995094197
6,7,ptf_bop,Precious Metals,30246.661757972623
6,7,ptf_bop,Bonds,236512.42461798387
6,7,ptf_bop,Crypto,32214.233539068307
6,7,ptf_bop,Stocks,222130.95556735888
6,7,ptf_eop,Cash,0.0
6,7,ptf_eop,Real Estate,127238.16621154861
6,7,ptf_eop,Precious Metals,30265.857233429448
6,7,ptf_eop,Bonds,176594.44234535412
6,7,ptf_eop,Crypto,33215.14962046597
6,7,ptf_eop,Stocks,257375.78145416715
6,7,ptf1,Cash,0.0
6,7,ptf1,Real Estate,143344.9995094197
6,7,ptf1,Precious Metals,30246.661757972623
6,7,ptf1,Bonds,219048.6967801107
6,7,ptf1,Crypto,32214.233539068307
6,7,ptf1,Stocks,222130.95556735888
6,7,ptf2,Cash,0.0
6,7,ptf2,Real Estate,129397.10943078603
6,7,ptf2,Precious Metals,32349.27735769651
6,7,ptf2,Bonds,194095.66414617904
6,7,ptf2,Crypto,32349.27735769651
6,7,ptf2,Stocks,258794.21886157207
6,7,ptf3,Cash,0.0
6,7,ptf3,Real Estate,127238.16621154861
6,7,ptf3,Precious Metals,30265.857233429448
6,7,ptf3,Bonds,176594.44234535412
6,7,ptf3,Crypto,33215.14962046597
6,7,ptf3,Stocks,257375.78145416715
6,7,ptf4,Cash,0.0
6,7,ptf4,Real Estate,127238.16621154861
6,7,ptf4,Precious Metals,30265.857233429448
6,7,ptf4,Bonds,176594.44234535412
6,7,ptf4,Crypto,33215.14962046597
6,7,ptf4,Stocks,257375.78145416715
6,7,ptf5,Cash,0.0
6,7,ptf5,Real Estate,127238.16621154861
6,7,ptf5,Precious Metals,30265.857233429448
6,7,ptf5,Bonds,176594.44234535412
6,7,ptf5,Crypto,33215.14962046597
6,7,ptf5,Stocks,257375.78145416715
6,7,returns,Cash,0.0
6,7,returns,Money Market,-0.06609345933540119
6,7,returns,Bonds,-0.09016802038217733
6,7,returns,Stocks,-0.005480947038324793
6,7,returns,Crypto,0.026766355649779534
6,7,returns,Precious Metals,-0.06440391546401503
6,7,returns,Real Estate,-0.016684632514084346
6,7,contributions,,0.0
6,7,withdrawals,,50000.0
6,7,availableCash,,0.0
6,7,cashBuffer,,150000.0
6,7,cashDepletion,,32536.272162126843
6,7,shortfall,,17463.727837873157
6,7,cashReplenishment,,0
6,7,financialGainLoss,,-22296.150288964855
6,8,ptf_bop,Cash,0.0
6,8,ptf_bop,Real Estate,127238.16621154861
6,8,ptf_bop,Precious Metals,30265.857233429448
6,8,ptf_bop,Bonds,176594.44234535412
6,8,ptf_bop,Crypto,33215.14962046597
6,8,ptf_bop,Stocks,257375.78145416715
6,8,ptf_eop,Cash,128078.629390646
6,8,ptf_eop,Real Estate,114937.87937299309
6,8,ptf_eop,Precious Metals,28734.469843248273
6,8,ptf_eop,Bonds,172406.81905948964
6,8,ptf_eop,Crypto,28734.469843248273
6,8,ptf_eop,Stocks,229875.75874598618
6,8,ptf1,Cash,0.0
6,8,ptf1,Real Estate,127238.16621154861
6,8,ptf1,Precious Metals,30265.857233429448
6,8,ptf1,Bonds,126594.44234535412
6,8,ptf1,Crypto,33215.14962046597
6,8,ptf1,Stocks,257375.78145416715
6,8,ptf2,Cash,0.0
6,8,ptf2,Real Estate,114937.87937299308
6,8,ptf2,Precious Metals,28734.46984324827
6,8,ptf2,Bonds,172406.8190594896
6,8,ptf2,Crypto,28734.46984324827
6,8,ptf2,Stocks,229875.75874598615
6,8,ptf3,Cash,0.0
6,8,ptf3,Real Estate,134887.43419849014
6,8,ptf3,Precious Metals,27623.219710155485
6,8,ptf3,Bonds,175272.2695832668
6,8,ptf3,Crypto,32315.270797890676
6,8,ptf3,Stocks,332669.8319658083
6,8,ptf4,Cash,128078.629390646
6,8,ptf4,Real Estate,134887.43419849014
6,8,ptf4,Precious Metals,27623.219710155485
6,8,ptf4,Bonds,47193.640192620805
6,8,ptf4,Crypto,32315.270797890676
6,8,ptf4,Stocks,332669.8319658083
6,8,ptf5,Cash,128078.629390646
6,8,ptf5,Real Estate,114937.87937299309
6,8,ptf5,Precious Metals,28734.469843248273
6,8,ptf5,Bonds,172406.81905948964
6,8,ptf5,Crypto,28734.469843248273
6,8,ptf5,Stocks,229875.75874598618
6,8,returns,Cash,0.0
6,8,returns,Money Market,0.032198401368937805
6,8,returns,Bonds,0.016620285319390485
6,8,returns,Stocks,0.44717230638229283
6,8,returns,Crypto,0.12461691390780213
6,8,returns,Precious Metals,-0.03867306893618906
6,8,returns,Real Estate,0.17356814771879794
6,8,contributions,,0.0
6,8,withdrawals,,50000.0
6,8,availableCash,,0.0
6,8,cashBuffer,,150000.0
6,8,cashDepletion,,0.0
6,8,shortfall,,50000.0
6,8,cashReplenishment,,128078.629390646
6,8,financialGainLoss,,128078.629390646
6,9,ptf_bop,Cash,128078.629390646
6,9,ptf_bop,Real Estate,114937.87937299309
6,9,ptf_bop,Precious Metals,28734.469843248273
6,9,ptf_bop,Bonds,172406.81905948964
6,9,ptf_bop,Crypto,28734.469843248273
6,9,ptf_bop,Stocks,229875.75874598618
6,9,ptf_eop,Cash,78078.629390646
6,9,ptf_eop,Real Estate,126455.46031987948
6,9,ptf_eop,Precious Metals,23658.486280695193
6,9,ptf_eop,Bonds,180916.2997506286
6,9,ptf_eop,Crypto,18708.38864026997
6,9,ptf_eop,Stocks,156682.57011299982
6,9,ptf1,Cash,78078.629390646
6,9,ptf1,Real Estate,114937.87937299309
6,9,ptf1,Precious Metals,28734.469843248273
6,9,ptf1,Bonds,172406.81905948964
6,9,ptf1,Crypto,28734.469843248273
6,9,ptf1,Stocks,229875.75874598618
6,9,ptf2,Cash,78078.629390646
6,9,ptf2,Real Estate,114937.87937299309
6,9,ptf2,Precious Metals,28734.469843248273
6,9,ptf2,Bonds,172406.81905948964
6,9,ptf2,Crypto,28734.469843248273
6,9,ptf2,Stocks,229875.75874598618
6,9,ptf3,Cash,78078.629390646
6,9,ptf3,Real Estate,126455.46031987948
6,9,ptf3,Precious Metals,23658.486280695193
6,9,ptf3,Bonds,180916.2997506286
6,9,ptf3,Crypto,18708.38864026997
6,9,ptf3,Stocks,156682.57011299982
6,9,ptf4,Cash,78078.629390646
6,9,ptf4,Real Estate,126455.46031987948
6,9,ptf4,Precious Metals,23658.486280695193
6,9,ptf4,Bonds,180916.2997506286
6,9,ptf4,Crypto,18708.38864026997
6,9,ptf4,Stocks,156682.57011299982
6,9,ptf5,Cash,78078.629390646
6,9,ptf5,Real Estate,126455.46031987948
6,9,ptf5,Precious Metals,23658.486280695193
6,9,ptf5,Bonds,180916.2997506286
6,9,ptf5,Crypto,18708.38864026997
6,9,ptf5,Stocks,156682.57011299982
6,9,returns,Cash,0.0
6,9,returns,Money Market,-0.06969819354607638
6,9,returns,Bonds,0.049356984471726255
6,9,returns,Stocks,-0.3184032497914023
6,9,returns,Crypto,-0.3489217395578336
6,9,returns,Precious Metals,-0.17665137342862028
6,9,returns,Real Estate,0.10020700755675041
6,9,contributions,,0.0
6,9,withdrawals,,50000.0
6,9,availableCash,,78078.629390646
6,9,cashBuffer,,150000.0
6,9,cashDepletion,,50000.0
6,9,shortfall,,0.0
6,9,cashReplenishment,,0
6,9,financialGainLoss,,-68268.1917604924
6,10,ptf_bop,Cash,78078.629390646
6,10,ptf_bop,Real Estate,126455.46031987948
6,10,ptf_bop,Precious Metals,23658.486280695193
6,10,ptf_bop,Bonds,180916.2997506286
6,10,ptf_bop,Crypto,18708.38864026997
6,10,ptf_bop,Stocks,156682.57011299982
6,10,ptf_eop,Cash,50437.82979401213
6,10,ptf_eop,Real Estate,101284.24102089461
6,10,ptf_eop,Precious Metals,25321.060255223652
6,10,ptf_eop,Bonds,151926.3615313419
6,10,ptf_eop,Crypto,25321.060255223652
6,10,ptf_eop,Stocks,202568.48204178922
6,10,ptf1,Cash,28078.629390646005
6,10,ptf1,Real Estate,126455.46031987948
6,10,ptf1,Precious Metals,23658.486280695193
6,10,ptf1,Bonds,180916.2997506286
6,10,ptf1,Crypto,18708.38864026997
6,10,ptf1,Stocks,156682.57011299982
6,10,ptf2,Cash,28078.629390646005
6,10,ptf2,Real Estate,101284.24102089461
6,10,ptf2,Precious Metals,25321.060255223652
6,10,ptf2,Bonds,151926.3615313419
6,10,ptf2,Crypto,25321.060255223652
6,10,ptf2,Stocks,202568.48204178922
6,10,ptf3,Cash,28078.629390646005
6,10,ptf3,Real Estate,114120.47796005031
6,10,ptf3,Precious Metals,28051.103642500693
6,10,ptf3,Bonds,147143.3222793024
6,10,ptf3,Crypto,33281.05768089816
6,10,ptf3,Stocks,206184.44394508755
6,10,ptf4,Cash,50437.82979401213
6,10,ptf4,Real Estate,114120.47796005031
6,10,ptf4,Precious Metals,28051.103642500693
6,10,ptf4,Bonds,124784.12187593628
6,10,ptf4,Crypto,33281.05768089816
6,10,ptf4,Stocks,206184.44394508755
6,10,ptf5,Cash,50437.82979401213
6,10,ptf5,Real Estate,101284.24102089461
6,10,ptf5,Precious Metals,25321.060255223652
6,10,ptf5,Bonds,151926.3615313419
6,10,ptf5,Crypto,25321.060255223652
6,10,ptf5,Stocks,202568.48204178922
6,10,returns,Cash,0.0
6,10,returns,Money Market,-0.011587350587897935
6,10,returns,Bonds,-0.03148261568189268
6,10,returns,Stocks,0.017850565235278636
6,10,returns,Crypto,0.3143627219966975
6,10,returns,Precious Metals,0.10781710401379595
6,10,returns,Real Estate,0.1267347892403875
6,10,contributions,,0.0
6,10,withdrawals,,50000.0
6,10,availableCash,,28078.629390646005
6,10,cashBuffer,,150000.0
6,10,cashDepletion,,50000.0
6,10,shortfall,,0.0
6,10,cashReplenishment,,22359.20040336612
6,10,financialGainLoss,,22359.20040336612
6,11,ptf_bop,Cash,50437.82979401213
6,11,ptf_bop,Real Estate,101284.24102089461
6,11,ptf_bop,Precious Metals,25321.060255223652
6,11,ptf_bop,Bonds,151926.3615313419
6,11,ptf_bop,Crypto,25321.060255223652
6,11,ptf_bop,Stocks,202568.48204178922
6,11,ptf_eop,Cash,51776.320656220545
6,11,ptf_eop,Real Estate,101284.24102089461
6,11,ptf_eop,Precious Metals,25321.060255223652
6,11,ptf_eop,Bonds,151926.3615313419
6,11,ptf_eop,Crypto,25321.060255223652
6,11,ptf_eop,Stocks,202568.48204178922
6,11,ptf1,Cash,437.8297940121265
6,11,ptf1,Real Estate,101284.24102089461
6,11,ptf1,Precious Metals,25321.060255223652
6,11,ptf1,Bonds,151926.3615313419
6,11,ptf1,Crypto,25321.060255223652
6,11,ptf1,Stocks,202568.48204178922
6,11,ptf2,Cash,437.8297940121265
6,11,ptf2,Real Estate,101284.24102089461
6,11,ptf2,Precious Metals,25321.060255223652
6,11,ptf2,Bonds,151926.3615313419
6,11,ptf2,Crypto,25321.060255223652
6,11,ptf2,Stocks,202568.48204178922
6,11,ptf3,Cash,437.8297940121265
6,11,ptf3,Real Estate,96951.47836829886
6,11,ptf3,Precious Metals,28711.948947129993
6,11,ptf3,Bonds,177486.7975008799
6,11,ptf3,Crypto,26991.039210071925
6,11,ptf3,Stocks,227618.43194030077
6,11,ptf4,Cash,51776.320656220545
6,11,ptf4,Real Estate,96951.47836829886
6,11,ptf4,Precious Metals,28711.948947129993
6,11,ptf4,Bonds,126148.30663867149
6,11,ptf4,Crypto,26991.039210071925
6,11,ptf4,Stocks,227618.43194030077
6,11,ptf5,Cash,51776.320656220545
6,11,ptf5,Real Estate,101284.24102089461
6,11,ptf5,Precious Metals,25321.060255223652
6,11,ptf5,Bonds,151926.3615313419
6,11,ptf5,Crypto,25321.060255223652
6,11,ptf5,Stocks,202568.48204178922
6,11,returns,Cash,0.0
6,11,returns,Money Market,0.05105127534425585
6,11,returns,Bonds,0.1682422702150013
6,11,returns,Stocks,0.12366163603548083
6,11,returns,Crypto,0.06595217332985732
6,11,returns,Precious Metals,0.13391574672339437
6,11,returns,Real Estate,-0.04277825068266952
6,11,contributions,,0.0
6,11,withdrawals,,50000.0
6,11,availableCash,,437.8297940121265
6,11,cashBuffer,,150000.0
6,11,cashDepletion,,50000.0
6,11,shortfall,,0.0
6,11,cashReplenishment,,51338.49086220842
6,11,financialGainLoss,,51338.49086220842
6,12,ptf_bop,Cash,51776.320656220545
6,12,ptf_bop,Real Estate,101284.24102089461
6,12,ptf_bop,Precious Metals,25321.060255223652
6,12,ptf_bop,Bonds,151926.3615313419
6,12,ptf_bop,Crypto,25321.060255223652
6,12,ptf_bop,Stocks,202568.48204178922
6,12,ptf_eop,Cash,1776.320656220545
6,12,ptf_eop,Real Estate,118874.64825053421
6,12,ptf_eop,Precious Metals,23358.05364702593
6,12,ptf_eop,Bonds,159409.88875339963
6,12,ptf_eop,Crypto,9663.386499719096
6,12,ptf_eop,Stocks,157695.70991927307
6,12,ptf1,Cash,1776.320656220545
6,12,ptf1,Real Estate,101284.24102089461
6,12,ptf1,Precious Metals,25321.060255223652
6,12,ptf1,Bonds,151926.3615313419
6,12,ptf1,Crypto,25321.060255223652
6,12,ptf1,Stocks,202568.48204178922
6,12,ptf2,Cash,1776.320656220545
6,12,ptf2,Real Estate,101284.24102089461
6,12,ptf2,Precious Metals,25321.060255223652
6,12,ptf2,Bonds,151926.3615313419
6,12,ptf2,Crypto,25321.060255223652
6,12,ptf2,Stocks,202568.48204178922
6,12,ptf3,Cash,1776.320656220545
6,12,ptf3,Real Estate,118874.64825053421
6,12,ptf3,Precious Metals,23358.05364702593
6,12,ptf3,Bonds,159409.88875339963
6,12,ptf3,Crypto,9663.386499719096
6,12,ptf3,Stocks,157695.70991927307
6,12,ptf4,Cash,1776.320656220545
6,12,ptf4,Real Estate,118874.64825053421
6,12,ptf4,Precious Metals,23358.05364702593
6,12,ptf4,Bonds,159409.88875339963
6,12,ptf4,Crypto,9663.386499719096
6,12,ptf4,Stocks,157695.70991927307
6,12,ptf5,Cash,1776.320656220545
6,12,ptf5,Real Estate,118874.64825053421
6,12,ptf5,Precious Metals,23358.05364702593
6,12,ptf5,Bonds,159409.88875339963
6,12,ptf5,Crypto,9663.386499719096
6,12,ptf5,Stocks,157695.70991927307
6,12,returns,Cash,0.0
6,12,returns,Money Market,0.004533653651934458
6,12,returns,Bonds,0.04925759523645208
6,12,returns,Stocks,-0.221519022457102
6,12,returns,Crypto,-0.6183656449486324
6,12,returns,Precious Metals,-0.07752466083219244
6,12,returns,Real Estate,0.17367368360899063
6,12,contributions,,0.0
6,12,withdrawals,,50000.0
6,12,availableCash,,1776.320656220545
6,12,cashBuffer,,150000.0
6,12,cashDepletion,,50000.0
6,12,shortfall,,0.0
6,12,cashReplenishment,,0
6,12,financialGainLoss,,-37419.51803452114
6,13,ptf_bop,Cash,1776.320656220545
6,13,ptf_bop,Real Estate,118874.64825053421
6,13,ptf_bop,Precious Metals,23358.05364702593
6,13,ptf_bop,Bonds,159409.88875339963
6,13,ptf_bop,Crypto,9663.386499719096
6,13,ptf_bop,Stocks,157695.70991927307
6,13,ptf_eop,Cash,63153.746653941984
6,13,ptf_eop,Real Estate,84155.6015452345
6,13,ptf_eop,Precious Metals,21038.900386308625
6,13,ptf_eop,Bonds,126233.40231785174
6,13,ptf_eop,Crypto,21038.900386308625
6,13,ptf_eop,Stocks,168311.203090469
6,13,ptf1,Cash,0.0
6,13,ptf1,Real Estate,118874.64825053421
6,13,ptf1,Precious Metals,23358.05364702593
6,13,ptf1,Bonds,111186.20940962018
6,13,ptf1,Crypto,9663.386499719096
6,13,ptf1,Stocks,157695.70991927307
6,13,ptf2,Cash,0.0
6,13,ptf2,Real Estate,84155.6015452345
6,13,ptf2,Precious Metals,21038.900386308625
6,13,ptf2,Bonds,126233.40231785174
6,13,ptf2,Crypto,21038.900386308625
6,13,ptf2,Stocks,168311.203090469
6,13,ptf3,Cash,0.0
6,13,ptf3,Real Estate,79118.25967602781
6,13,ptf3,Precious Metals,20003.30368291791
6,13,ptf3,Bonds,148169.60644049
6,13,ptf3,Crypto,32127.715362517887
6,13,ptf3,Stocks,204512.86921816092
6,13,ptf4,Cash,63153.746653941984
6,13,ptf4,Real Estate,79118.25967602781
6,13,ptf4,Precious Metals,20003.30368291791
6,13,ptf4,Bonds,85015.85978654801
6,13,ptf4,Crypto,32127.715362517887
6,13,ptf4,Stocks,204512.86921816092
6,13,ptf5,Cash,63153.746653941984
6,13,ptf5,Real Estate,84155.6015452345
6,13,ptf5,Precious Metals,21038.900386308625
6,13,ptf5,Bonds,126233.40231785174
6,13,ptf5,Crypto,21038.900386308625
6,13,ptf5,Stocks,168311.203090469
6,13,returns,Cash,0.0
6,13,returns,Money Market,0.04881043945868038
6,13,returns,Bonds,0.17377495749820304
6,13,returns,Stocks,0.21508767962542066
6,13,returns,Crypto,0.5270624781999287
6,13,returns,Precious Metals,-0.04922294817578233
6,13,returns,Real Estate,-0.05985747563694927
6,13,contributions,,0.0
6,13,withdrawals,,50000.0
6,13,availableCash,,0.0
6,13,cashBuffer,,150000.0
6,13,cashDepletion,,1776.320656220545
6,13,shortfall,,48223.679343779455
6,13,cashReplenishment,,63153.746653941984
6,13,financialGainLoss,,63153.746653941984
6,14,ptf_bop,Cash,63153.746653941984
6,14,ptf_bop,Real Estate,84155.6015452345
6,14,ptf_bop,Precious Metals,21038.900386308625
6,14,ptf_bop,Bonds,126233.40231785174
6,14,ptf_bop,Crypto,21038.900386308625
6,14,ptf_bop,Stocks,168311.203090469
6,14,ptf_eop,Cash,56601.65895193833
6,14,ptf_eop,Real Estate,84155.60154523447
6,14,ptf_eop,Precious Metals,21038.900386308618
6,14,ptf_eop,Bonds,126233.40231785171
6,14,ptf_eop,Crypto,21038.900386308618
6,14,ptf_eop,Stocks,168311.20309046895
6,14,ptf1,Cash,13153.746653941984
6,14,ptf1,Real Estate,84155.6015452345
6,14,ptf1,Precious Metals,21038.900386308625
6,14,ptf1,Bonds,126233.40231785174
6,14,ptf1,Crypto,21038.900386308625
6,14,ptf1,Stocks,168311.203090469
6,14,ptf2,Cash,13153.746653941984
6,14,ptf2,Real Estate,84155.60154523449
6,14,ptf2,Precious Metals,21038.90038630862
6,14,ptf2,Bonds,126233.40231785174
6,14,ptf2,Crypto,21038.90038630862
6,14,ptf2,Stocks,168311.20309046897
6,14,ptf3,Cash,13153.746653941984
6,14,ptf3,Real Estate,90888.0735497162
6,14,ptf3,Precious Metals,21409.61387630211
6,14,ptf3,Bonds,118291.55711867312
6,14,ptf3,Crypto,32409.70330043126
6,14,ptf3,Stocks,201226.97217904602
6,14,ptf4,Cash,56601.65895193833
6,14,ptf4,Real Estate,90888.0735497162
6,14,ptf4,Precious Metals,21409.61387630211
6,14,ptf4,Bonds,74843.64482067678
6,14,ptf4,Crypto,32409.70330043126
6,14,ptf4,Stocks,201226.97217904602
6,14,ptf5,Cash,56601.65895193833
6,14,ptf5,Real Estate,84155.60154523447
6,14,ptf5,Precious Metals,21038.900386308618
6,14,ptf5,Bonds,126233.40231785171
6,14,ptf5,Crypto,21038.900386308618
6,14,ptf5,Stocks,168311.20309046895
6,14,returns,Cash,0.0
6,14,returns,Money Market,-0.01443914285368088
6,14,returns,Bonds,-0.06291397564632924
6,14,returns,Stocks,0.19556493260216598
6,14,returns,Crypto,0.5404656472218651
6,14,returns,Precious Metals,0.017620383346400287
6,14,returns,Real Estate,0.08000028377033161
6,14,contributions,,0.0
6,14,withdrawals,,50000.0
6,14,availableCash,,13153.746653941984
6,14,cashBuffer,,150000.0
6,14,cashDepletion,,50000.0
6,14,shortfall,,0.0
6,14,cashReplenishment,,43447.91229799634
6,14,financialGainLoss,,43447.91229799634
6,15,ptf_bop,Cash,56601.65895193833
6,15,ptf_bop,Real Estate,84155.60154523447
6,15,ptf_bop,Precious Metals,21038.900386308618
6,15,ptf_bop,Bonds,126233.40231785171
6,15,ptf_bop,Crypto,21038.900386308618
6,15,ptf_bop,Stocks,168311.20309046895
6,15,ptf_eop,Cash,6601.658951938327
6,15,ptf_eop,Real Estate,95193.40847402092
6,15,ptf_eop,Precious Metals,19358.49458910159
6,15,ptf_eop,Bonds,110817.74422843155
6,15,ptf_eop,Crypto,9334.922224291555
6,15,ptf_eop,Stocks,124187.31247541496
6,15,ptf1,Cash,6601.658951938327
6,15,ptf1,Real Estate,84155.60154523447
6,15,ptf1,Precious Metals,21038.900386308618
6,15,ptf1,Bonds,126233.40231785171
6,15,ptf1,Crypto,21038.900386308618
6,15,ptf1,Stocks,168311.20309046895
6,15,ptf2,Cash,6601.658951938327
6,15,ptf2,Real Estate,84155.60154523447
6,15,ptf2,Precious Metals,21038.900386308618
6,15,ptf2,Bonds,126233.40231785171
6,15,ptf2,Crypto,21038.900386308618
6,15,ptf2,Stocks,168311.20309046895
6,15,ptf3,Cash,6601.658951938327
6,15,ptf3,Real Estate,95193.40847402092
6,15,ptf3,Precious Metals,19358.49458910159
6,15,ptf3,Bonds,110817.74422843155
6,15,ptf3,Crypto,9334.922224291555
6,15,ptf3,Stocks,124187.31247541496
6,15,ptf4,Cash,6601.658951938327
6,15,ptf4,Real Estate,95193.40847402092
6,15,ptf4,Precious Metals,19358.49458910159
6,15,ptf4,Bonds,110817.74422843155
6,15,ptf4,Crypto,9334.922224291555
6,15,ptf4,Stocks,124187.31247541496
6,15,ptf5,Cash,6601.658951938327
6,15,ptf5,Real Estate,95193.40847402092
6,15,ptf5,Precious Metals,19358.49458910159
6,15,ptf5,Bonds,110817.74422843155
6,15,ptf5,Crypto,9334.922224291555
6,15,ptf5,Stocks,124187.31247541496
6,15,returns,Cash,0.0
6,15,returns,Money Market,-0.04598338851303239
6,15,returns,Bonds,-0.12212027725121455
6,15,returns,Stocks,-0.26215658735049824
6,15,returns,Crypto,-0.5563018003371318
6,15,returns,Precious Metals,-0.07987137000280589
6,15,returns,Real Estate,0.13115950365886841
6,15,contributions,,0.0
6,15,withdrawals,,50000.0
6,15,availableCash,,6601.658951938327
6,15,cashBuffer,,150000.0
6,15,cashDepletion,,50000.0
6,15,shortfall,,0.0
6,15,cashReplenishment,,0
6,15,financialGainLoss,,-61886.125734911766
6,16,ptf_bop,Cash,6601.658951938327
6,16,ptf_bop,Real Estate,95193.40847402092
6,16,ptf_bop,Precious Metals,19358.49458910159
6,16,ptf_bop,Bonds,110817.74422843155
6,16,ptf_bop,Crypto,9334.922224291555
6,16,ptf_bop,Stocks,124187.31247541496
6,16,ptf_eop,Cash,88949.78160065808
6,16,ptf_eop,Real Estate,63098.708188639765
6,16,ptf_eop,Precious Metals,15774.677047159941
6,16,ptf_eop,Bonds,94648.06228295965
6,16,ptf_eop,Crypto,15774.677047159941
6,16,ptf_eop,Stocks,126197.41637727953
6,16,ptf1,Cash,0.0
6,16,ptf1,Real Estate,95193.40847402092
6,16,ptf1,Precious Metals,19358.49458910159
6,16,ptf1,Bonds,67419.40318036987
6,16,ptf1,Crypto,9334.922224291555
6,16,ptf1,Stocks,124187.31247541496
6,16,ptf2,Cash,0.0
6,16,ptf2,Real Estate,63098.708188639765
6,16,ptf2,Precious Metals,15774.677047159941
6,16,ptf2,Bonds,94648.06228295965
6,16,ptf2,Crypto,15774.677047159941
6,16,ptf2,Stocks,126197.41637727953
6,16,ptf3,Cash,0.0
6,16,ptf3,Real Estate,80302.22999141675
6,16,ptf3,Precious Metals,17375.20498562737
6,16,ptf3,Bonds,86322.05266250281
6,16,ptf3,Crypto,27387.069789579953
6,16,ptf3,Stocks,193056.76511473005
6,16,ptf4,Cash,88949.78160065808
6,16,ptf4,Real Estate,80302.22999141675
6,16,ptf4,Precious Metals,17375.20498562737
6,16,ptf4,Bonds,-2627.728938155269
6,16,ptf4,Crypto,27387.069789579953
6,16,ptf4,Stocks,193056.76511473005
6,16,ptf5,Cash,88949.78160065808
6,16,ptf5,Real Estate,63098.708188639765
6,16,ptf5,Precious Metals,15774.677047159941
6,16,ptf5,Bonds,94648.06228295965
6,16,ptf5,Crypto,15774.677047159941
6,16,ptf5,Stocks,126197.41637727953
6,16,returns,Cash,0.0
6,16,returns,Money Market,-0.006144295219032809
6,16,returns,Bonds,-0.08796809379536402
6,16,returns,Stocks,0.5297996635491169
6,16,returns,Crypto,0.7361413934309796
6,16,returns,Precious Metals,0.10146185140161626
6,16,returns,Real Estate,0.27264459600892904
6,16,contributions,,0.0
6,16,withdrawals,,50000.0
6,16,availableCash,,0.0
6,16,cashBuffer,,150000.0
6,16,cashDepletion,,6601.658951938327
6,16,shortfall,,43398.34104806167
6,16,cashReplenishment,,88949.78160065808
6,16,financialGainLoss,,88949.78160065808
6,17,ptf_bop,Cash,88949.78160065808
6,17,ptf_bop,Real Estate,63098.708188639765
6,17,ptf_bop,Precious Metals,15774.677047159941
6,17,ptf_bop,Bonds,94648.06228295965
6,17,ptf_bop,Crypto,15774.677047159941
6,17,ptf_bop,Stocks,126197.41637727953
6,17,ptf_eop,Cash,38949.78160065808
6,17,ptf_eop,Real Estate,64549.545634711
6,17,ptf_eop,Precious Metals,16941.61482849725
6,17,ptf_eop,Bonds,104316.50236129548
6,17,ptf_eop,Crypto,9658.361295360952
6,17,ptf_eop,Stocks,109598.26252125547
6,17,ptf1,Cash,38949.78160065808
6,17,ptf1,Real Estate,63098.708188639765
6,17,ptf1,Precious Metals,15774.677047159941
6,17,ptf1,Bonds,94648.06228295965
6,17,ptf1,Crypto,15774.677047159941
6,17,ptf1,Stocks,126197.41637727953
6,17,ptf2,Cash,38949.78160065808
6,17,ptf2,Real Estate,63098.708188639765
6,17,ptf2,Precious Metals,15774.677047159941
6,17,ptf2,Bonds,94648.06228295965
6,17,ptf2,Crypto,15774.677047159941
6,17,ptf2,Stocks,126197.41637727953
6,17,ptf3,Cash,38949.78160065808
6,17,ptf3,Real Estate,64549.545634711
6,17,ptf3,Precious Metals,16941.61482849725
6,17,ptf3,Bonds,104316.50236129548
6,17,ptf3,Crypto,9658.361295360952
6,17,ptf3,Stocks,109598.26252125547
6,17,ptf4,Cash,38949.78160065808
6,17,ptf4,Real Estate,64549.545634711
6,17,ptf4,Precious Metals,16941.61482849725
6,17,ptf4,Bonds,104316.50236129548
6,17,ptf4,Crypto,9658.361295360952
6,17,ptf4,Stocks,109598.26252125547
6,17,ptf5,Cash,38949.78160065808
6,17,ptf5,Real Estate,64549.545634711
6,17,ptf5,Precious Metals,16941.61482849725
6,17,ptf5,Bonds,104316.50236129548
6,17,ptf5,Crypto,9658.361295360952
6,17,ptf5,Stocks,109598.26252125547
6,17,returns,Cash,0.0
6,17,returns,Money Market,-0.04453430328611266
6,17,returns,Bonds,0.1021514846170974
6,17,returns,Stocks,-0.1315332304933982
6,17,returns,Crypto,-0.38773001396565293
6,17,returns,Precious Metals,0.07397538332154979
6,17,returns,Real Estate,0.022993140235673636
6,17,contributions,,0.0
6,17,withdrawals,,50000.0
6,17,availableCash,,38949.78160065808
6,17,cashBuffer,,150000.0
6,17,cashDepletion,,50000.0
6,17,shortfall,,0.0
6,17,cashReplenishment,,0
6,17,financialGainLoss,,-10429.254302078683
6,18,ptf_bop,Cash,38949.78160065808
6,18,ptf_bop,Real Estate,64549.545634711
6,18,ptf_bop,Precious Metals,16941.61482849725
6,18,ptf_bop,Bonds,104316.50236129548
6,18,ptf_bop,Crypto,9658.361295360952
6,18,ptf_bop,Stocks,109598.26252125547
6,18,ptf_eop,Cash,45694.447981428355
6,18,ptf_eop,Real Estate,58802.81364835565
6,18,ptf_eop,Precious Metals,14700.703412088913
6,18,ptf_eop,Bonds,88204.22047253347
6,18,ptf_eop,Crypto,14700.703412088913
6,18,ptf_eop,Stocks,117605.6272967113
6,18,ptf1,Cash,0.0
6,18,ptf1,Real Estate,64549.545634711
6,18,ptf1,Precious Metals,16941.61482849725
6,18,ptf1,Bonds,93266.28396195357
6,18,ptf1,Crypto,9658.361295360952
6,18,ptf1,Stocks,109598.26252125547
6,18,ptf2,Cash,0.0
6,18,ptf2,Real Estate,58802.81364835565
6,18,ptf2,Precious Metals,14700.703412088913
6,18,ptf2,Bonds,88204.22047253347
6,18,ptf2,Crypto,14700.703412088913
6,18,ptf2,Stocks,117605.6272967113
6,18,ptf3,Cash,0.0
6,18,ptf3,Real Estate,74635.31057812815
6,18,ptf3,Precious Metals,10182.48307936012
6,18,ptf3,Bonds,97937.10359860296
6,18,ptf3,Crypto,17120.432073039832
6,18,ptf3,Stocks,139833.18689407554
6,18,ptf4,Cash,45694.447981428355
6,18,ptf4,Real Estate,74635.31057812815
6,18,ptf4,Precious Metals,10182.48307936012
6,18,ptf4,Bonds,52242.655617174605
6,18,ptf4,Crypto,17120.432073039832
6,18,ptf4,Stocks,139833.18689407554
6,18,ptf5,Cash,45694.447981428355
6,18,ptf5,Real Estate,58802.81364835565
6,18,ptf5,Precious Metals,14700.703412088913
6,18,ptf5,Bonds,88204.22047253347
6,18,ptf5,Crypto,14700.703412088913
6,18,ptf5,Stocks,117605.6272967113
6,18,returns,Cash,0.0
6,18,returns,Money Market,0.06486827167540023
6,18,returns,Bonds,0.11034486869140556
6,18,returns,Stocks,0.18900081661301413
6,18,returns,Crypto,0.16459951562325176
6,18,returns,Precious Metals,-0.30734722047472224
6,18,returns,Real Estate,0.2692472680720989
6,18,contributions,,0.0
6,18,withdrawals,,50000.0
6,18,availableCash,,0.0
6,18,cashBuffer,,150000.0
6,18,cashDepletion,,38949.78160065808
6,18,shortfall,,11050.218399341917
6,18,cashReplenishment,,45694.447981428355
6,18,financialGainLoss,,45694.447981428355
6,19,ptf_bop,Cash,45694.447981428355
6,19,ptf_bop,Real Estate,58802.81364835565
6,19,ptf_bop,Precious Metals,14700.703412088913
6,19,ptf_bop,Bonds,88204.22047253347
6,19,ptf_bop,Crypto,14700.703412088913
6,19,ptf_bop,Stocks,117605.6272967113
6,19,ptf_eop,Cash,0.0
6,19,ptf_eop,Real Estate,69576.96684945174
6,19,ptf_eop,Precious Metals,16043.492601953385
6,19,ptf_eop,Bonds,90987.6031394239
6,19,ptf_eop,Crypto,13407.125878630386
6,19,ptf_eop,Stocks,68008.52718353781
6,19,ptf1,Cash,0.0
6,19,ptf1,Real Estate,58802.81364835565
6,19,ptf1,Precious Metals,14700.703412088913
6,19,ptf1,Bonds,83898.66845396183
6,19,ptf1,Crypto,14700.703412088913
6,19,ptf1,Stocks,117605.6272967113
6,19,ptf2,Cash,0.0
6,19,ptf2,Real Estate,57941.70324464132
6,19,ptf2,Precious Metals,14485.42581116033
6,19,ptf2,Bonds,86912.55486696199
6,19,ptf2,Crypto,14485.42581116033
6,19,ptf2,Stocks,115883.40648928264
6,19,ptf3,Cash,0.0
6,19,ptf3,Real Estate,69576.96684945174
6,19,ptf3,Precious Metals,16043.492601953385
6,19,ptf3,Bonds,90987.6031394239
6,19,ptf3,Crypto,13407.125878630386
6,19,ptf3,Stocks,68008.52718353781
6,19,ptf4,Cash,0.0
6,19,ptf4,Real Estate,69576.96684945174
6,19,ptf4,Precious Metals,16043.492601953385
6,19,ptf4,Bonds,90987.6031394239
6,19,ptf4,Crypto,13407.125878630386
6,19,ptf4,Stocks,68008.52718353781
6,19,ptf5,Cash,0.0
6,19,ptf5,Real Estate,69576.96684945174
6,19,ptf5,Precious Metals,16043.492601953385
6,19,ptf5,Bonds,90987.6031394239
6,19,ptf5,Crypto,13407.125878630386
6,19,ptf5,Stocks,68008.52718353781
6,19,returns,Cash,0.0
6,19,returns,Money Market,-0.0004435501918785667
6,19,returns,Bonds,0.04688676197241744
6,19,returns,Stocks,-0.4131297202604455
6,19,returns,Crypto,-0.07444033379392724
6,19,returns,Precious Metals,0.10756099344988812
6,19,returns,Real Estate,0.20080983045465628
6,19,contributions,,0.0
6,19,withdrawals,,50000.0
6,19,availableCash,,0.0
6,19,cashBuffer,,150000.0
6,19,cashDepletion,,45694.447981428355
6,19,shortfall,,4305.552018571645
6,19,cashReplenishment,,0
6,19,financialGainLoss,,-31684.800570209365
6,20,ptf_bop,Cash,0.0
6,20,ptf_bop,Real Estate,69576.96684945174
6,20,ptf_bop,Precious Metals,16043.492601953385
6,20,ptf_bop,Bonds,90987.6031394239
6,20,ptf_bop,Crypto,13407.125878630386
6,20,ptf_bop,Stocks,68008.52718353781
6,20,ptf_eop,Cash,27559.55277778188
6,20,ptf_eop,Real Estate,41604.74313059945
6,20,ptf_eop,Precious Metals,10401.185782649862
6,20,ptf_eop,Bonds,62407.11469589917
6,20,ptf_eop,Crypto,10401.185782649862
6,20,ptf_eop,Stocks,83209.4862611989
6,20,ptf1,Cash,0.0
6,20,ptf1,Real Estate,69576.96684945174
6,20,ptf1,Precious Metals,16043.492601953385
6,20,ptf1,Bonds,40987.603139423896
6,20,ptf1,Crypto,13407.125878630386
6,20,ptf1,Stocks,68008.52718353781
6,20,ptf2,Cash,0.0
6,20,ptf2,Real Estate,41604.74313059945
6,20,ptf2,Precious Metals,10401.185782649862
6,20,ptf2,Bonds,62407.11469589917
6,20,ptf2,Crypto,10401.185782649862
6,20,ptf2,Stocks,83209.4862611989
6,20,ptf3,Cash,0.0
6,20,ptf3,Real Estate,49505.801873826706
6,20,ptf3,Precious Metals,11514.036353305337
6,20,ptf3,Bonds,70288.34235684929
6,20,ptf3,Crypto,11408.854802381904
6,20,ptf3,Stocks,92866.23304441586
6,20,ptf4,Cash,27559.55277778188
6,20,ptf4,Real Estate,49505.801873826706
6,20,ptf4,Precious Metals,11514.036353305337
6,20,ptf4,Bonds,42728.78957906741
6,20,ptf4,Crypto,11408.854802381904
6,20,ptf4,Stocks,92866.23304441586
6,20,ptf5,Cash,27559.55277778188
6,20,ptf5,Real Estate,41604.74313059945
6,20,ptf5,Precious Metals,10401.185782649862
6,20,ptf5,Bonds,62407.11469589917
6,20,ptf5,Crypto,10401.185782649862
6,20,ptf5,Stocks,83209.4862611989
6,20,returns,Cash,0.0
6,20,returns,Money Market,0.0063197952324886165
6,20,returns,Bonds,0.1262873263626143
6,20,returns,Stocks,0.11605343593762779
6,20,returns,Crypto,0.0968802058523871
6,20,returns,Precious Metals,0.106992663520328
6,20,returns,Real Estate,0.18990764390553813
6,20,contributions,,0.0
6,20,withdrawals,,50000.0
6,20,availableCash,,0.0
6,20,cashBuffer,,150000.0
6,20,cashDepletion,,0.0
6,20,shortfall,,50000.0
6,20,cashReplenishment,,27559.55277778188
6,20,financialGainLoss,,27559.55277778188
7,1,ptf_bop,Cash,150000.0
7,1,ptf_bop,Real Estate,170000.0
7,1,ptf_bop,Precious Metals,42500.0
7,1,ptf_bop,Bonds,255000.0
7,1,ptf_bop,Crypto,42500.0
7,1,ptf_bop,Stocks,340000.0
7,1,ptf_eop,Cash,100000.0
7,1,ptf_eop,Real Estate,159059.97301491527
7,1,ptf_eop,Precious Metals,49771.55107698199
7,1,ptf_eop,Bonds,251501.1152146944
7,1,ptf_eop,Crypto,31346.289785034965
7,1,ptf_eop,Stocks,251698.5754440122
7,1,ptf1,Cash,100000.0
7,1,ptf1,Real Estate,170000.0
7,1,ptf1,Precious Metals,42500.0
7,1,ptf1,Bonds,255000.0
7,1,ptf1,Crypto,42500.0
7,1,ptf1,Stocks,340000.0
7,1,ptf2,Cash,100000.0
7,1,ptf2,Real Estate,170000.0
7,1,ptf2,Precious Metals,42500.0
7,1,ptf2,Bonds,255000.0
7,1,ptf2,Crypto,42500.0
7,1,ptf2,Stocks,340000.0
7,1,ptf3,Cash,100000.0
7,1,ptf3,Real Estate,159059.97301491527
7,1,ptf3,Precious Metals,49771.55107698199
7,1,ptf3,Bonds,251501.1152146944
7,1,ptf3,Crypto,31346.289785034965
7,1,ptf3,Stocks,251698.5754440122
7,1,ptf4,Cash,100000.0
7,1,ptf4,Real Estate,159059.97301491527
7,1,ptf4,Precious Metals,49771.55107698199
7,1,ptf4,Bonds,251501.1152146944
7,1,ptf4,Crypto,31346.289785034965
7,1,ptf4,Stocks,251698.5754440122
7,1,ptf5,Cash,100000.0
7,1,ptf5,Real Estate,159059.97301491527
7,1,ptf5,Precious Metals,49771.55107698199
7,1,ptf5,Bonds,251501.1152146944
7,1,ptf5,Crypto,31346.289785034965
7,1,ptf5,Stocks,251698.5754440122
7,1,returns,Cash,0.0
7,1,returns,Money Market,-0.005030930249518963
7,1,returns,Bonds,-0.013721116805120021
7,1,returns,Stocks,-0.25971007222349357
7,1,returns,Crypto,-0.2624402403521185
7,1,returns,Precious Metals,0.17109531945839976
7,1,returns,Real Estate,-0.06435309991226297
7,1,contributions,,0.0
7,1,withdrawals,,50000.0
7,1,availableCash,,100000.0
7,1,cashBuffer,,150000.0
7,1,cashDepletion,,50000.0
7,1,shortfall,,0.0
7,1,cashReplenishment,,0
7,1,financialGainLoss,,-106622.49546436127
7,2,ptf_bop,Cash,100000.0
7,2,ptf_bop,Real Estate,159059.97301491527
7,2,ptf_bop,Precious Metals,49771.55107698199
7,2,ptf_bop,Bonds,251501.1152146944
7,2,ptf_bop,Crypto,31346.289785034965
7,2,ptf_bop,Stocks,251698.5754440122
7,2,ptf_eop,Cash,98942.68512559135
7,2,ptf_eop,Real Estate,148675.50090712775
7,2,ptf_eop,Precious Metals,37168.87522678194
7,2,ptf_eop,Bonds,223013.25136069165
7,2,ptf_eop,Crypto,37168.87522678194
7,2,ptf_eop,Stocks,297351.0018142555
7,2,ptf1,Cash,50000.0
7,2,ptf1,Real Estate,159059.97301491527
7,2,ptf1,Precious Metals,49771.55107698199
7,2,ptf1,Bonds,251501.1152146944
7,2,ptf1,Crypto,31346.289785034965
7,2,ptf1,Stocks,251698.5754440122
7,2,ptf2,Cash,50000.0
7,2,ptf2,Real Estate,148675.50090712775
7,2,ptf2,Precious Metals,37168.87522678194
7,2,ptf2,Bonds,223013.25136069165
7,2,ptf2,Crypto,37168.87522678194
7,2,ptf2,Stocks,297351.0018142555
7,2,ptf3,Cash,50000.0
7,2,ptf3,Real Estate,169957.23710885787
7,2,ptf3,Precious Metals,39242.87865623119
7,2,ptf3,Bonds,211479.88631956134
7,2,ptf3,Crypto,30587.50776385582
7,2,ptf3,Stocks,341052.6798127239
7,2,ptf4,Cash,98942.68512559135
7,2,ptf4,Real Estate,169957.23710885787
7,2,ptf4,Precious Metals,39242.87865623119
7,2,ptf4,Bonds,162537.20119397
7,2,ptf4,Crypto,30587.50776385582
7,2,ptf4,Stocks,341052.6798127239
7,2,ptf5,Cash,98942.68512559135
7,2,ptf5,Real Estate,148675.50090712775
7,2,ptf5,Precious Metals,37168.87522678194
7,2,ptf5,Bonds,223013.25136069165
7,2,ptf5,Crypto,37168.87522678194
7,2,ptf5,Stocks,297351.0018142555
7,2,returns,Cash,0.0
7,2,returns,Money Market,0.0004976914764843454
7,2,returns,Bonds,-0.05171605261463481
7,2,returns,Stocks,0.14697000424356144
7,2,returns,Crypto,-0.17706662961336866
7,2,returns,Precious Metals,0.05579946707547496
7,2,returns,Real Estate,0.14314218598142858
7,2,contributions,,0.0
7,2,withdrawals,,50000.0
7,2,availableCash,,50000.0
7,2,cashBuffer,,150000.0
7,2,cashDepletion,,50000.0
7,2,shortfall,,0.0
7,2,cashReplenishment,,48942.68512559135
7,2,financialGainLoss,,48942.68512559135
7,3,ptf_bop,Cash,98942.68512559135
7,3,ptf_bop,Real Estate,148675.50090712775
7,3,ptf_bop,Precious Metals,37168.87522678194
7,3,ptf_bop,Bonds,223013.25136069165
7,3,ptf_bop,Crypto,37168.87522678194
7,3,ptf_bop,Stocks,297351.0018142555
7,3,ptf_eop,Cash,125015.16734714014
7,3,ptf_eop,Real Estate,148675.50090712775
7,3,ptf_eop,Precious Metals,37168.87522678194
7,3,ptf_eop,Bonds,223013.25136069165
7,3,ptf_eop,Crypto,37168.87522678194
7,3,ptf_eop,Stocks,297351.0018142555
7,3,ptf1,Cash,48942.68512559135
7,3,ptf1,Real Estate,148675.50090712775
7,3,ptf1,Precious Metals,37168.87522678194
7,3,ptf1,Bonds,223013.25136069165
7,3,ptf1,Crypto,37168.87522678194
7,3,ptf1,Stocks,297351.0018142555
7,3,ptf2,Cash,48942.68512559135
7,3,ptf2,Real Estate,148675.50090712775
7,3,ptf2,Precious Metals,37168.87522678194
7,3,ptf2,Bonds,223013.25136069165
7,3,ptf2,Crypto,37168.87522678194
7,3,ptf2,Stocks,297351.0018142555
7,3,ptf3,Cash,48942.68512559135
7,3,ptf3,Real Estate,124495.43505267584
7,3,ptf3,Precious Metals,35781.054097032225
7,3,ptf3,Bonds,222249.74205365215
7,3,ptf3,Crypto,44299.60620097805
7,3,ptf3,Stocks,392624.1493528492
7,3,ptf4,Cash,125015.16734714014
7,3,ptf4,Real Estate,124495.43505267584
7,3,ptf4,Precious Metals,35781.054097032225
7,3,ptf4,Bonds,146177.25983210336
7,3,ptf4,Crypto,44299.60620097805
7,3,ptf4,Stocks,392624.1493528492
7,3,ptf5,Cash,125015.16734714014
7,3,ptf5,Real Estate,148675.50090712775
7,3,ptf5,Precious Metals,37168.87522678194
7,3,ptf5,Bonds,223013.25136069165
7,3,ptf5,Crypto,37168.87522678194
7,3,ptf5,Stocks,297351.0018142555
7,3,returns,Cash,0.0
7,3,returns,Money Market,-0.017381980341166416
7,3,returns,Bonds,-0.003423605110373695
7,3,returns,Stocks,0.3204063445466629
7,3,returns,Crypto,0.19184683234799862
7,3,returns,Precious Metals,-0.03733826007061193
7,3,returns,Real Estate,-0.16263651850452707
7,3,contributions,,0.0
7,3,withdrawals,,50000.0
7,3,availableCash,,48942.68512559135
7,3,cashBuffer,,150000.0
7,3,cashDepletion,,50000.0
7,3,shortfall,,0.0
7,3,cashReplenishment,,76072.4822215488
7,3,financialGainLoss,,76072.4822215488
7,4,ptf_bop,Cash,125015.16734714014
7,4,ptf_bop,Real Estate,148675.50090712775
7,4,ptf_bop,Precious Metals,37168.87522678194
7,4,ptf_bop,Bonds,223013.25136069165
7,4,ptf_bop,Crypto,37168.87522678194
7,4,ptf_bop,Stocks,297351.0018142555
7,4,ptf_eop,Cash,137303.41692565894
7,4,ptf_eop,Real Estate,148675.50090712777
7,4,ptf_eop,Precious Metals,37168.875226781944
7,4,ptf_eop,Bonds,223013.25136069165
7,4,ptf_eop,Crypto,37168.875226781944
7,4,ptf_eop,Stocks,297351.00181425555
7,4,ptf1,Cash,75015.16734714014
7,4,ptf1,Real Estate,148675.50090712775
7,4,ptf1,Precious Metals,37168.87522678194
7,4,ptf1,Bonds,223013.25136069165
7,4,ptf1,Crypto,37168.87522678194
7,4,ptf1,Stocks,297351.0018142555
7,4,ptf2,Cash,75015.16734714014
7,4,ptf2,Real Estate,148675.50090712775
7,4,ptf2,Precious Metals,37168.87522678194
7,4,ptf2,Bonds,223013.25136069165
7,4,ptf2,Crypto,37168.87522678194
7,4,ptf2,Stocks,297351.0018142555
7,4,ptf3,Cash,75015.16734714014
7,4,ptf3,Real Estate,153911.7588305757
7,4,ptf3,Precious Metals,30614.044472154645
7,4,ptf3,Bonds,233371.37453451497
7,4,ptf3,Crypto,44318.15478767514
7,4,ptf3,Stocks,343450.42148923717
7,4,ptf4,Cash,137303.41692565894
7,4,ptf4,Real Estate,153911.7588305757
7,4,ptf4,Precious Metals,30614.044472154645
7,4,ptf4,Bonds,171083.12495599617
7,4,ptf4,Crypto,44318.15478767514
7,4,ptf4,Stocks,343450.42148923717
7,4,ptf5,Cash,137303.41692565894
7,4,ptf5,Real Estate,148675.50090712777
7,4,ptf5,Precious Metals,37168.875226781944
7,4,ptf5,Bonds,223013.25136069165
7,4,ptf5,Crypto,37168.875226781944
7,4,ptf5,Stocks,297351.00181425555
7,4,returns,Cash,0.0
7,4,returns,Money Market,-0.005050902474914674
7,4,returns,Bonds,0.04644622286175516
7,4,returns,Stocks,0.15503367869524892
7,4,returns,Crypto,0.1923458678066698
7,4,returns,Precious Metals,-0.17635267988696704
7,4,returns,Real Estate,0.03521937300698169
7,4,contributions,,0.0
7,4,withdrawals,,50000.0
7,4,availableCash,,75015.16734714014
7,4,cashBuffer,,150000.0
7,4,cashDepletion,,50000.0
7,4,shortfall,,0.0
7,4,cashReplenishment,,62288.24957851879
7,4,financialGainLoss,,62288.24957851879
7,5,ptf_bop,Cash,137303.41692565894
7,5,ptf_bop,Real Estate,148675.50090712777
7,5,ptf_bop,Precious Metals,37168.875226781944
7,5,ptf_bop,Bonds,223013.25136069165
7,5,ptf_bop,Crypto,37168.875226781944
7,5,ptf_bop,Stocks,297351.00181425555
7,5,ptf_eop,Cash,150000.0
7,5,ptf_eop,Real Estate,169848.00832317903
7,5,ptf_eop,Precious Metals,42462.00208079476
7,5,ptf_eop,Bonds,254772.01248476855
7,5,ptf_eop,Crypto,42462.00208079476
7,5,ptf_eop,Stocks,339696.01664635807
7,5,ptf1,Cash,87303.41692565894
7,5,ptf1,Real Estate,148675.50090712777
7,5,ptf1,Precious Metals,37168.875226781944
7,5,ptf1,Bonds,223013.25136069165
7,5,ptf1,Crypto,37168.875226781944
7,5,ptf1,Stocks,297351.00181425555
7,5,ptf2,Cash,87303.41692565894
7,5,ptf2,Real Estate,148675.50090712777
7,5,ptf2,Precious Metals,37168.875226781944
7,5,ptf2,Bonds,223013.25136069165
7,5,ptf2,Crypto,37168.875226781944
7,5,ptf2,Stocks,297351.00181425555
7,5,ptf3,Cash,87303.41692565894
7,5,ptf3,Real Estate,165686.82033770304
7,5,ptf3,Precious Metals,47143.416591391026
7,5,ptf3,Bonds,235692.87034671177
7,5,ptf3,Crypto,69080.74138581262
7,5,ptf3,Stocks,394332.776028618
7,5,ptf4,Cash,150000.0
7,5,ptf4,Real Estate,165686.82033770304
7,5,ptf4,Precious Metals,47143.416591391026
7,5,ptf4,Bonds,172996.2872723707
7,5,ptf4,Crypto,69080.74138581262
7,5,ptf4,Stocks,394332.776028618
7,5,ptf5,Cash,150000.0
7,5,ptf5,Real Estate,169848.00832317903
7,5,ptf5,Precious Metals,42462.00208079476
7,5,ptf5,Bonds,254772.01248476855
7,5,ptf5,Crypto,42462.00208079476
7,5,ptf5,Stocks,339696.01664635807
7,5,returns,Cash,0.0
7,5,returns,Money Market,0.046060449037582704
7,5,returns,Bonds,0.05685589940802533
7,5,returns,Stocks,0.32615250536449664
7,5,returns,Crypto,0.8585642143950772
7,5,returns,Precious Metals,0.26835736362078433
7,5,returns,Real Estate,0.11441911630889093
7,5,contributions,,0.0
7,5,withdrawals,,50000.0
7,5,availableCash,,87303.41692565894
7,5,cashBuffer,,150000.0
7,5,cashDepletion,,50000.0
7,5,shortfall,,0.0
7,5,cashReplenishment,,62696.58307434106
7,5,financialGainLoss,,168559.12015459756
7,6,ptf_bop,Cash,150000.0
7,6,ptf_bop,Real Estate,169848.00832317903
7,6,ptf_bop,Precious Metals,42462.00208079476
7,6,ptf_bop,Bonds,254772.01248476855
7,6,ptf_bop,Crypto,42462.00208079476
7,6,ptf_bop,Stocks,339696.01664635807
7,6,ptf_eop,Cash,121633.07490166486
7,6,ptf_eop,Real Estate,169848.008323179
7,6,ptf_eop,Precious Metals,42462.00208079475
7,6,ptf_eop,Bonds,254772.0124847685
7,6,ptf_eop,Crypto,42462.00208079475
7,6,ptf_eop,Stocks,339696.016646358
7,6,ptf1,Cash,100000.0
7,6,ptf1,Real Estate,169848.00832317903
7,6,ptf1,Precious Metals,42462.00208079476
7,6,ptf1,Bonds,254772.01248476855
7,6,ptf1,Crypto,42462.00208079476
7,6,ptf1,Stocks,339696.01664635807
7,6,ptf2,Cash,100000.0
7,6,ptf2,Real Estate,169848.00832317903
7,6,ptf2,Precious Metals,42462.00208079476
7,6,ptf2,Bonds,254772.01248476855
7,6,ptf2,Crypto,42462.00208079476
7,6,ptf2,Stocks,339696.01664635807
7,6,ptf3,Cash,100000.0
7,6,ptf3,Real Estate,149502.79287103942
7,6,ptf3,Precious Metals,40489.571004321835
7,6,ptf3,Bonds,270225.0114815315
7,6,ptf3,Crypto,38348.10730851067
7,6,ptf3,Stocks,372307.6338521566
7,6,ptf4,Cash,121633.07490166486
7,6,ptf4,Real Estate,149502.79287103942
7,6,ptf4,Precious Metals,40489.571004321835
7,6,ptf4,Bonds,248591.93657986663
7,6,ptf4,Crypto,38348.10730851067
7,6,ptf4,Stocks,372307.6338521566
7,6,ptf5,Cash,121633.07490166486
7,6,ptf5,Real Estate,169848.008323179
7,6,ptf5,Precious Metals,42462.00208079475
7,6,ptf5,Bonds,254772.0124847685
7,6,ptf5,Crypto,42462.00208079475
7,6,ptf5,Stocks,339696.016646358
7,6,returns,Cash,0.0
7,6,returns,Money Market,-0.04578089484636391
7,6,returns,Bonds,0.06065422510915239
7,6,returns,Stocks,0.09600235389203551
7,6,returns,Crypto,-0.09688414513419225
7,6,returns,Precious Metals,-0.04645167396299099
7,6,returns,Real Estate,-0.11978483382288281
7,6,contributions,,0.0
7,6,withdrawals,,50000.0
7,6,availableCash,,100000.0
7,6,cashBuffer,,150000.0
7,6,cashDepletion,,50000.0
7,6,shortfall,,0.0
7,6,cashReplenishment,,21633.074901664862
7,6,financialGainLoss,,21633.074901664862
7,7,ptf_bop,Cash,121633.07490166486
7,7,ptf_bop,Real Estate,169848.008323179
7,7,ptf_bop,Precious Metals,42462.00208079475
7,7,ptf_bop,Bonds,254772.0124847685
7,7,ptf_bop,Crypto,42462.00208079475
7,7,ptf_bop,Stocks,339696.016646358
7,7,ptf_eop,Cash,137602.2446413485
7,7,ptf_eop,Real Estate,169848.00832317898
7,7,ptf_eop,Precious Metals,42462.002080794744
7,7,ptf_eop,Bonds,254772.0124847685
7,7,ptf_eop,Crypto,42462.002080794744
7,7,ptf_eop,Stocks,339696.01664635795
7,7,ptf1,Cash,71633.07490166486
7,7,ptf1,Real Estate,169848.008323179
7,7,ptf1,Precious Metals,42462.00208079475
7,7,ptf1,Bonds,254772.0124847685
7,7,ptf1,Crypto,42462.00208079475
7,7,ptf1,Stocks,339696.016646358
7,7,ptf2,Cash,71633.07490166486
7,7,ptf2,Real Estate,169848.008323179
7,7,ptf2,Precious Metals,42462.00208079475
7,7,ptf2,Bonds,254772.0124847685
7,7,ptf2,Crypto,42462.00208079475
7,7,ptf2,Stocks,339696.016646358
7,7,ptf3,Cash,71633.07490166486
7,7,ptf3,Real Estate,157764.79551068848
7,7,ptf3,Precious Metals,53974.480553472094
7,7,ptf3,Bonds,286338.3438266849
7,7,ptf3,Crypto,46970.10186592149
7,7,ptf3,Stocks,370161.4895988116
7,7,ptf4,Cash,137602.2446413485
7,7,ptf4,Real Estate,157764.79551068848
7,7,ptf4,Precious Metals,53974.480553472094
7,7,ptf4,Bonds,220369.1740870013
7,7,ptf4,Crypto,46970.10186592149
7,7,ptf4,Stocks,370161.4895988116
7,7,ptf5,Cash,137602.2446413485
7,7,ptf5,Real Estate,169848.00832317898
7,7,ptf5,Precious Metals,42462.002080794744
7,7,ptf5,Bonds,254772.0124847685
7,7,ptf5,Crypto,42462.002080794744
7,7,ptf5,Stocks,339696.01664635795
7,7,returns,Cash,0.0
7,7,returns,Money Market,-0.009064157706861777
7,7,returns,Bonds,0.12390031006174038
7,7,returns,Stocks,0.08968451633087536
7,7,returns,Crypto,0.10616785747758495
7,7,returns,Precious Metals,0.27112425011830404
7,7,returns,Real Estate,-0.07114132765984012
7,7,contributions,,0.0
7,7,withdrawals,,50000.0
7,7,availableCash,,71633.07490166486
7,7,cashBuffer,,150000.0
7,7,cashDepletion,,50000.0
7,7,shortfall,,0.0
7,7,cashReplenishment,,65969.16973968362
7,7,financialGainLoss,,65969.16973968362
7,8,ptf_bop,Cash,137602.2446413485
7,8,ptf_bop,Real Estate,169848.00832317898
7,8,ptf_bop,Precious Metals,42462.002080794744
7,8,ptf_bop,Bonds,254772.0124847685
7,8,ptf_bop,Crypto,42462.002080794744
7,8,ptf_bop,Stocks,339696.01664635795
7,8,ptf_eop,Cash,139102.04375490197
7,8,ptf_eop,Real Estate,169848.008323179
7,8,ptf_eop,Precious Metals,42462.00208079475
7,8,ptf_eop,Bonds,254772.0124847685
7,8,ptf_eop,Crypto,42462.00208079475
7,8,ptf_eop,Stocks,339696.016646358
7,8,ptf1,Cash,87602.24464134849
7,8,ptf1,Real Estate,169848.00832317898
7,8,ptf1,Precious Metals,42462.002080794744
7,8,ptf1,Bonds,254772.0124847685
7,8,ptf1,Crypto,42462.002080794744
7,8,ptf1,Stocks,339696.01664635795
7,8,ptf2,Cash,87602.24464134849
7,8,ptf2,Real Estate,169848.008323179
7,8,ptf2,Precious Metals,42462.00208079475
7,8,ptf2,Bonds,254772.0124847685
7,8,ptf2,Crypto,42462.00208079475
7,8,ptf2,Stocks,339696.016646358
7,8,ptf3,Cash,87602.24464134849
7,8,ptf3,Real Estate,170332.85598847095
7,8,ptf3,Precious Metals,47661.252164818936
7,8,ptf3,Bonds,277924.90321994387
7,8,ptf3,Crypto,28642.79443717916
7,8,ptf3,Stocks,376178.0349190356
7,8,ptf4,Cash,139102.04375490197
7,8,ptf4,Real Estate,170332.85598847095
7,8,ptf4,Precious Metals,47661.252164818936
7,8,ptf4,Bonds,226425.10410639038
7,8,ptf4,Crypto,28642.79443717916
7,8,ptf4,Stocks,376178.0349190356
7,8,ptf5,Cash,139102.04375490197
7,8,ptf5,Real Estate,169848.008323179
7,8,ptf5,Precious Metals,42462.00208079475
7,8,ptf5,Bonds,254772.0124847685
7,8,ptf5,Crypto,42462.00208079475
7,8,ptf5,Stocks,339696.016646358
7,8,returns,Cash,0.0
7,8,returns,Money Market,0.02120540790540324
7,8,returns,Bonds,0.09087690013266092
7,8,returns,Stocks,0.10739607320935217
7,8,returns,Crypto,-0.32544880049040176
7,8,returns,Precious Metals,0.1224447701295687
7,8,returns,Real Estate,0.0028545972960095202
7,8,contributions,,0.0
7,8,withdrawals,,50000.0
7,8,availableCash,,87602.24464134849
7,8,cashBuffer,,150000.0
7,8,cashDepletion,,50000.0
7,8,shortfall,,0.0
7,8,cashReplenishment,,51499.79911355348
7,8,financialGainLoss,,51499.79911355348
7,9,ptf_bop,Cash,139102.04375490197
7,9,ptf_bop,Real Estate,169848.008323179
7,9,ptf_bop,Precious Metals,42462.00208079475
7,9,ptf_bop,Bonds,254772.0124847685
7,9,ptf_bop,Crypto,42462.00208079475
7,9,ptf_bop,Stocks,339696.016646358
7,9,ptf_eop,Cash,122338.36161754653
7,9,ptf_eop,Real Estate,169848.008323179
7,9,ptf_eop,Precious Metals,42462.00208079475
7,9,ptf_eop,Bonds,254772.0124847685
7,9,ptf_eop,Crypto,42462.00208079475
7,9,ptf_eop,Stocks,339696.016646358
7,9,ptf1,Cash,89102.04375490197
7,9,ptf1,Real Estate,169848.008323179
7,9,ptf1,Precious Metals,42462.00208079475
7,9,ptf1,Bonds,254772.0124847685
7,9,ptf1,Crypto,42462.00208079475
7,9,ptf1,Stocks,339696.016646358
7,9,ptf2,Cash,89102.04375490197
7,9,ptf2,Real Estate,169848.008323179
7,9,ptf2,Precious Metals,42462.00208079475
7,9,ptf2,Bonds,254772.0124847685
7,9,ptf2,Crypto,42462.00208079475
7,9,ptf2,Stocks,339696.016646358
7,9,ptf3,Cash,89102.04375490197
7,9,ptf3,Real Estate,174348.79161388287
7,9,ptf3,Precious Metals,40080.45588302333
7,9,ptf3,Bonds,288541.5839692323
7,9,ptf3,Crypto,41906.16846950238
7,9,ptf3,Stocks,337599.3595428987
7,9,ptf4,Cash,122338.36161754653
7,9,ptf4,Real Estate,174348.79161388287
7,9,ptf4,Precious Metals,40080.45588302333
7,9,ptf4,Bonds,255305.26610658772
7,9,ptf4,Crypto,41906.16846950238
7,9,ptf4,Stocks,337599.3595428987
7,9,ptf5,Cash,122338.36161754653
7,9,ptf5,Real Estate,169848.008323179
7,9,ptf5,Precious Metals,42462.00208079475
7,9,ptf5,Bonds,254772.0124847685
7,9,ptf5,Crypto,42462.00208079475
7,9,ptf5,Stocks,339696.016646358
7,9,returns,Cash,0.0
7,9,returns,Money Market,0.09321531633545256
7,9,returns,Bonds,0.13254819929046444
7,9,returns,Stocks,-0.006172156871777546
7,9,returns,Crypto,-0.013090141398296656
7,9,returns,Precious Metals,-0.05608652633099877
7,9,returns,Real Estate,0.026498887653365926
7,9,contributions,,0.0
7,9,withdrawals,,50000.0
7,9,availableCash,,89102.04375490197
7,9,cashBuffer,,150000.0
7,9,cashDepletion,,50000.0
7,9,shortfall,,0.0
7,9,cashReplenishment,,33236.31786264456
7,9,financialGainLoss,,33236.31786264456
7,10,ptf_bop,Cash,122338.36161754653
7,10,ptf_bop,Real Estate,169848.008323179
7,10,ptf_bop,Precious Metals,42462.00208079475
7,10,ptf_bop,Bonds,254772.0124847685
7,10,ptf_bop,Crypto,42462.00208079475
7,10,ptf_bop,Stocks,339696.016646358
7,10,ptf_eop,Cash,72338.36161754653
7,10,ptf_eop,Real Estate,112264.12521518096
7,10,ptf_eop,Precious Metals,37566.26799706827
7,10,ptf_eop,Bonds,252291.65913334116
7,10,ptf_eop,Crypto,23953.638483910803
7,10,ptf_eop,Stocks,387942.9803427315
7,10,ptf1,Cash,72338.36161754653
7,10,ptf1,Real Estate,169848.008323179
7,10,ptf1,Precious Metals,42462.00208079475
7,10,ptf1,Bonds,254772.0124847685
7,10,ptf1,Crypto,42462.00208079475
7,10,ptf1,Stocks,339696.016646358
7,10,ptf2,Cash,72338.36161754653
7,10,ptf2,Real Estate,169848.008323179
7,10,ptf2,Precious Metals,42462.00208079475
7,10,ptf2,Bonds,254772.0124847685
7,10,ptf2,Crypto,42462.00208079475
7,10,ptf2,Stocks,339696.016646358
7,10,ptf3,Cash,72338.36161754653
7,10,ptf3,Real Estate,112264.12521518096
7,10,ptf3,Precious Metals,37566.26799706827
7,10,ptf3,Bonds,252291.65913334116
7,10,ptf3,Crypto,23953.638483910803
7,10,ptf3,Stocks,387942.9803427315
7,10,ptf4,Cash,72338.36161754653
7,10,ptf4,Real Estate,112264.12521518096
7,10,ptf4,Precious Metals,37566.26799706827
7,10,ptf4,Bonds,252291.65913334116
7,10,ptf4,Crypto,23953.638483910803
7,10,ptf4,Stocks,387942.9803427315
7,10,ptf5,Cash,72338.36161754653
7,10,ptf5,Real Estate,112264.12521518096
7,10,ptf5,Precious Metals,37566.26799706827
7,10,ptf5,Bonds,252291.65913334116
7,10,ptf5,Crypto,23953.638483910803
7,10,ptf5,Stocks,387942.9803427315
7,10,returns,Cash,0.0
7,10,returns,Money Market,-0.007368252388440049
7,10,returns,Bonds,-0.009735580165327749
7,10,returns,Stocks,0.14202981881474705
7,10,returns,Crypto,-0.4358806153715286
7,10,returns,Precious Metals,-0.11529682642874672
7,10,returns,Real Estate,-0.33903184191851143
7,10,contributions,,0.0
7,10,withdrawals,,50000.0
7,10,availableCash,,72338.36161754653
7,10,cashBuffer,,150000.0
7,10,cashDepletion,,50000.0
7,10,shortfall,,0.0
7,10,cashReplenishment,,0
7,10,financialGainLoss,,-35221.37044366216
7,11,ptf_bop,Cash,72338.36161754653
7,11,ptf_bop,Real Estate,112264.12521518096
7,11,ptf_bop,Precious Metals,37566.26799706827
7,11,ptf_bop,Bonds,252291.65913334116
7,11,ptf_bop,Crypto,23953.638483910803
7,11,ptf_bop,Stocks,387942.9803427315
7,11,ptf_eop,Cash,107200.25113959878
7,11,ptf_eop,Real Estate,162803.73423444657
7,11,ptf_eop,Precious Metals,40700.93355861164
7,11,ptf_eop,Bonds,244205.60135166984
7,11,ptf_eop,Crypto,40700.93355861164
7,11,ptf_eop,Stocks,325607.46846889314
7,11,ptf1,Cash,22338.36161754653
7,11,ptf1,Real Estate,112264.12521518096
7,11,ptf1,Precious Metals,37566.26799706827
7,11,ptf1,Bonds,252291.65913334116
7,11,ptf1,Crypto,23953.638483910803
7,11,ptf1,Stocks,387942.9803427315
7,11,ptf2,Cash,22338.36161754653
7,11,ptf2,Real Estate,162803.73423444654
7,11,ptf2,Precious Metals,40700.933558611636
7,11,ptf2,Bonds,244205.60135166981
7,11,ptf2,Crypto,40700.933558611636
7,11,ptf2,Stocks,325607.4684688931
7,11,ptf3,Cash,22338.36161754653
7,11,ptf3,Real Estate,141705.37263422966
7,11,ptf3,Precious Metals,43800.994093539106
7,11,ptf3,Bonds,204093.48969075488
7,11,ptf3,Crypto,63182.514446164314
7,11,ptf3,Stocks,446098.1898295971
7,11,ptf4,Cash,107200.25113959878
7,11,ptf4,Real Estate,141705.37263422966
7,11,ptf4,Precious Metals,43800.994093539106
7,11,ptf4,Bonds,119231.60016870263
7,11,ptf4,Crypto,63182.514446164314
7,11,ptf4,Stocks,446098.1898295971
7,11,ptf5,Cash,107200.25113959878
7,11,ptf5,Real Estate,162803.73423444657
7,11,ptf5,Precious Metals,40700.93355861164
7,11,ptf5,Bonds,244205.60135166984
7,11,ptf5,Crypto,40700.93355861164
7,11,ptf5,Stocks,325607.46846889314
7,11,returns,Cash,0.0
7,11,returns,Money Market,-0.01796950321611697
7,11,returns,Bonds,-0.16425549389078603
7,11,returns,Stocks,0.37004901001592055
7,11,returns,Crypto,0.5523603249831589
7,11,returns,Precious Metals,0.07616681643096
7,11,returns,Real Estate,-0.12959384315985079
7,11,contributions,,0.0
7,11,withdrawals,,50000.0
7,11,availableCash,,22338.36161754653
7,11,cashBuffer,,150000.0
7,11,cashDepletion,,50000.0
7,11,shortfall,,0.0
7,11,cashReplenishment,,84861.88952205225
7,11,financialGainLoss,,84861.88952205225
7,12,ptf_bop,Cash,107200.25113959878
7,12,ptf_bop,Real Estate,162803.73423444657
7,12,ptf_bop,Precious Metals,40700.93355861164
7,12,ptf_bop,Bonds,244205.60135166984
7,12,ptf_bop,Crypto,40700.93355861164
7,12,ptf_bop,Stocks,325607.46846889314
7,12,ptf_eop,Cash,121573.43834622495
7,12,ptf_eop,Real Estate,162803.73423444663
7,12,ptf_eop,Precious Metals,40700.93355861166
7,12,ptf_eop,Bonds,244205.6013516699
7,12,ptf_eop,Crypto,40700.93355861166
7,12,ptf_eop,Stocks,325607.46846889326
7,12,ptf1,Cash,57200.25113959878
7,12,ptf1,Real Estate,162803.73423444657
7,12,ptf1,Precious Metals,40700.93355861164
7,12,ptf1,Bonds,244205.60135166984
7,12,ptf1,Crypto,40700.93355861164
7,12,ptf1,Stocks,325607.46846889314
7,12,ptf2,Cash,57200.25113959878
7,12,ptf2,Real Estate,162803.73423444657
7,12,ptf2,Precious Metals,40700.93355861164
7,12,ptf2,Bonds,244205.60135166984
7,12,ptf2,Crypto,40700.93355861164
7,12,ptf2,Stocks,325607.46846889314
7,12,ptf3,Cash,57200.25113959878
7,12,ptf3,Real Estate,177119.156971981
7,12,ptf3,Precious Metals,39186.01257567793
7,12,ptf3,Bonds,260624.8251422274
7,12,ptf3,Crypto,43292.712787095355
7,12,ptf3,Stocks,358169.1509018775
7,12,ptf4,Cash,121573.43834622495
7,12,ptf4,Real Estate,177119.156971981
7,12,ptf4,Precious Metals,39186.01257567793
7,12,ptf4,Bonds,196251.63793560123
7,12,ptf4,Crypto,43292.712787095355
7,12,ptf4,Stocks,358169.1509018775
7,12,ptf5,Cash,121573.43834622495
7,12,ptf5,Real Estate,162803.73423444663
7,12,ptf5,Precious Metals,40700.93355861166
7,12,ptf5,Bonds,244205.6013516699
7,12,ptf5,Crypto,40700.93355861166
7,12,ptf5,Stocks,325607.46846889326
7,12,returns,Cash,0.0
7,12,returns,Money Market,0.01685032422587589
7,12,returns,Bonds,0.06723524644675512
7,12,returns,Stocks,0.10000287335576015
7,12,returns,Crypto,0.06367861869191288
7,12,returns,Precious Metals,-0.03722079201825042
7,12,returns,Real Estate,0.08793055518566555
7,12,contributions,,0.0
7,12,withdrawals,,50000.0
7,12,availableCash,,57200.25113959878
7,12,cashBuffer,,150000.0
7,12,cashDepletion,,50000.0
7,12,shortfall,,0.0
7,12,cashReplenishment,,64373.18720662617
7,12,financialGainLoss,,64373.18720662617
7,13,ptf_bop,Cash,121573.43834622495
7,13,ptf_bop,Real Estate,162803.73423444663
7,13,ptf_bop,Precious Metals,40700.93355861166
7,13,ptf_bop,Bonds,244205.6013516699
7,13,ptf_bop,Crypto,40700.93355861166
7,13,ptf_bop,Stocks,325607.46846889326
7,13,ptf_eop,Cash,150000.0
7,13,ptf_eop,Real Estate,165484.3519290215
7,13,ptf_eop,Precious Metals,41371.087982255376
7,13,ptf_eop,Bonds,248226.52789353224
7,13,ptf_eop,Crypto,41371.087982255376
7,13,ptf_eop,Stocks,330968.703858043
7,13,ptf1,Cash,71573.43834622495
7,13,ptf1,Real Estate,162803.73423444663
7,13,ptf1,Precious Metals,40700.93355861166
7,13,ptf1,Bonds,244205.6013516699
7,13,ptf1,Crypto,40700.93355861166
7,13,ptf1,Stocks,325607.46846889326
7,13,ptf2,Cash,71573.43834622495
7,13,ptf2,Real Estate,162803.73423444663
7,13,ptf2,Precious Metals,40700.93355861166
7,13,ptf2,Bonds,244205.60135166996
7,13,ptf2,Crypto,40700.93355861166
7,13,ptf2,Stocks,325607.46846889326
7,13,ptf3,Cash,71573.43834622495
7,13,ptf3,Real Estate,181583.7565329386
7,13,ptf3,Precious Metals,41080.66326532383
7,13,ptf3,Bonds,269213.1620502158
7,13,ptf3,Crypto,52259.78507201088
7,13,ptf3,Stocks,361710.9543783935
7,13,ptf4,Cash,150000.0
7,13,ptf4,Real Estate,181583.7565329386
7,13,ptf4,Precious Metals,41080.66326532383
7,13,ptf4,Bonds,190786.60039644077
7,13,ptf4,Crypto,52259.78507201088
7,13,ptf4,Stocks,361710.9543783935
7,13,ptf5,Cash,150000.0
7,13,ptf5,Real Estate,165484.3519290215
7,13,ptf5,Precious Metals,41371.087982255376
7,13,ptf5,Bonds,248226.52789353224
7,13,ptf5,Crypto,41371.087982255376
7,13,ptf5,Stocks,330968.703858043
7,13,returns,Cash,0.0
7,13,returns,Money Market,0.02460184363543522
7,13,returns,Bonds,0.10240371457546373
7,13,returns,Stocks,0.11088039865691654
7,13,returns,Crypto,0.2839947515393922
7,13,returns,Precious Metals,0.009329754222107347
7,13,returns,Real Estate,0.11535375639140844
7,13,contributions,,0.0
7,13,withdrawals,,50000.0
7,13,availableCash,,71573.43834622495
7,13,cashBuffer,,150000.0
7,13,cashDepletion,,50000.0
7,13,shortfall,,0.0
7,13,cashReplenishment,,78426.56165377505
7,13,financialGainLoss,,91829.65012664953
7,14,ptf_bop,Cash,150000.0
7,14,ptf_bop,Real Estate,165484.3519290215
7,14,ptf_bop,Precious Metals,41371.087982255376
7,14,ptf_bop,Bonds,248226.52789353224
7,14,ptf_bop,Crypto,41371.087982255376
7,14,ptf_bop,Stocks,330968.703858043
7,14,ptf_eop,Cash,100000.0
7,14,ptf_eop,Real Estate,122184.6964657866
7,14,ptf_eop,Precious Metals,31509.93676980074
7,14,ptf_eop,Bonds,228328.17592360513
7,14,ptf_eop,Crypto,28324.00239885495
7,14,ptf_eop,Stocks,336626.7545043804
7,14,ptf1,Cash,100000.0
7,14,ptf1,Real Estate,165484.3519290215
7,14,ptf1,Precious Metals,41371.087982255376
7,14,ptf1,Bonds,248226.52789353224
7,14,ptf1,Crypto,41371.087982255376
7,14,ptf1,Stocks,330968.703858043
7,14,ptf2,Cash,100000.0
7,14,ptf2,Real Estate,165484.3519290215
7,14,ptf2,Precious Metals,41371.087982255376
7,14,ptf2,Bonds,248226.52789353224
7,14,ptf2,Crypto,41371.087982255376
7,14,ptf2,Stocks,330968.703858043
7,14,ptf3,Cash,100000.0
7,14,ptf3,Real Estate,122184.6964657866
7,14,ptf3,Precious Metals,31509.93676980074
7,14,ptf3,Bonds,228328.17592360513
7,14,ptf3,Crypto,28324.00239885495
7,14,ptf3,Stocks,336626.7545043804
7,14,ptf4,Cash,100000.0
7,14,ptf4,Real Estate,122184.6964657866
7,14,ptf4,Precious Metals,31509.93676980074
7,14,ptf4,Bonds,228328.17592360513
7,14,ptf4,Crypto,28324.00239885495
7,14,ptf4,Stocks,336626.7545043804
7,14,ptf5,Cash,100000.0
7,14,ptf5,Real Estate,122184.6964657866
7,14,ptf5,Precious Metals,31509.93676980074
7,14,ptf5,Bonds,228328.17592360513
7,14,ptf5,Crypto,28324.00239885495
7,14,ptf5,Stocks,336626.7545043804
7,14,returns,Cash,0.0
7,14,returns,Money Market,0.01109651212395699
7,14,returns,Bonds,-0.08016206865070352
7,14,returns,Stocks,0.01709542497638755
7,14,returns,Crypto,-0.3153672339725872
7,14,returns,Precious Metals,-0.2383585178297515
7,14,returns,Real Estate,-0.26165407761216436
7,14,contributions,,0.0
7,14,withdrawals,,50000.0
7,14,availableCash,,100000.0
7,14,cashBuffer,,150000.0
7,14,cashDepletion,,50000.0
7,14,shortfall,,0.0
7,14,cashReplenishment,,0
7,14,financialGainLoss,,-80448.19358267961
7,15,ptf_bop,Cash,100000.0
7,15,ptf_bop,Real Estate,122184.6964657866
7,15,ptf_bop,Precious Metals,31509.93676980074
7,15,ptf_bop,Bonds,228328.17592360513
7,15,ptf_bop,Crypto,28324.00239885495
7,15,ptf_bop,Stocks,336626.7545043804
7,15,ptf_eop,Cash,50000.0
7,15,ptf_eop,Real Estate,133204.18308865698
7,15,ptf_eop,Precious Metals,30733.181408642482
7,15,ptf_eop,Bonds,231667.38882398486
7,15,ptf_eop,Crypto,8703.016321631383
7,15,ptf_eop,Stocks,252392.59285954342
7,15,ptf1,Cash,50000.0
7,15,ptf1,Real Estate,122184.6964657866
7,15,ptf1,Precious Metals,31509.93676980074
7,15,ptf1,Bonds,228328.17592360513
7,15,ptf1,Crypto,28324.00239885495
7,15,ptf1,Stocks,336626.7545043804
7,15,ptf2,Cash,50000.0
7,15,ptf2,Real Estate,149394.71321248557
7,15,ptf2,Precious Metals,37348.67830312139
7,15,ptf2,Bonds,224092.06981872834
7,15,ptf2,Crypto,37348.67830312139
7,15,ptf2,Stocks,298789.42642497114
7,15,ptf3,Cash,50000.0
7,15,ptf3,Real Estate,133204.18308865698
7,15,ptf3,Precious Metals,30733.181408642482
7,15,ptf3,Bonds,231667.38882398486
7,15,ptf3,Crypto,8703.016321631383
7,15,ptf3,Stocks,252392.59285954342
7,15,ptf4,Cash,50000.0
7,15,ptf4,Real Estate,133204.18308865698
7,15,ptf4,Precious Metals,30733.181408642482
7,15,ptf4,Bonds,231667.38882398486
7,15,ptf4,Crypto,8703.016321631383
7,15,ptf4,Stocks,252392.59285954342
7,15,ptf5,Cash,50000.0
7,15,ptf5,Real Estate,133204.18308865698
7,15,ptf5,Precious Metals,30733.181408642482
7,15,ptf5,Bonds,231667.38882398486
7,15,ptf5,Crypto,8703.016321631383
7,15,ptf5,Stocks,252392.59285954342
7,15,returns,Cash,0.0
7,15,returns,Money Market,-0.03817513529855639
7,15,returns,Bonds,0.033804493891213254
7,15,returns,Stocks,-0.15528271572581365
7,15,returns,Crypto,-0.7669792689583869
7,15,returns,Precious Metals,-0.17712800546213767
7,15,returns,Real Estate,-0.10837418390301823
7,15,contributions,,0.0
7,15,withdrawals,,50000.0
7,15,availableCash,,50000.0
7,15,cashBuffer,,150000.0
7,15,cashDepletion,,50000.0
7,15,shortfall,,0.0
7,15,cashReplenishment,,0
7,15,financialGainLoss,,-90273.20355996874
7,16,ptf_bop,Cash,50000.0
7,16,ptf_bop,Real Estate,133204.18308865698
7,16,ptf_bop,Precious Metals,30733.181408642482
7,16,ptf_bop,Bonds,231667.38882398486
7,16,ptf_bop,Crypto,8703.016321631383
7,16,ptf_bop,Stocks,252392.59285954342
7,16,ptf_eop,Cash,56209.02302328101
7,16,ptf_eop,Real Estate,131340.07250049186
7,16,ptf_eop,Precious Metals,32835.018125122966
7,16,ptf_eop,Bonds,197010.1087507378
7,16,ptf_eop,Crypto,32835.018125122966
7,16,ptf_eop,Stocks,262680.1450009837
7,16,ptf1,Cash,0.0
7,16,ptf1,Real Estate,133204.18308865698
7,16,ptf1,Precious Metals,30733.181408642482
7,16,ptf1,Bonds,231667.38882398486
7,16,ptf1,Crypto,8703.016321631383
7,16,ptf1,Stocks,252392.59285954342
7,16,ptf2,Cash,0.0
7,16,ptf2,Real Estate,131340.07250049186
7,16,ptf2,Precious Metals,32835.018125122966
7,16,ptf2,Bonds,197010.10875073777
7,16,ptf2,Crypto,32835.018125122966
7,16,ptf2,Stocks,262680.1450009837
7,16,ptf3,Cash,0.0
7,16,ptf3,Real Estate,177364.74112813396
7,16,ptf3,Precious Metals,35319.60728648142
7,16,ptf3,Bonds,191024.5590450509
7,16,ptf3,Crypto,45153.97004402312
7,16,ptf3,Stocks,264046.50802205096
7,16,ptf4,Cash,56209.02302328101
7,16,ptf4,Real Estate,177364.74112813396
7,16,ptf4,Precious Metals,35319.60728648142
7,16,ptf4,Bonds,134815.5360217699
7,16,ptf4,Crypto,45153.97004402312
7,16,ptf4,Stocks,264046.50802205096
7,16,ptf5,Cash,56209.02302328101
7,16,ptf5,Real Estate,131340.07250049186
7,16,ptf5,Precious Metals,32835.018125122966
7,16,ptf5,Bonds,197010.1087507378
7,16,ptf5,Crypto,32835.018125122966
7,16,ptf5,Stocks,262680.1450009837
7,16,returns,Cash,0.0
7,16,returns,Money Market,-0.020157128985481308
7,16,returns,Bonds,-0.030381942041664098
7,16,returns,Stocks,0.005201622760875448
7,16,returns,Crypto,0.3751772535028566
7,16,returns,Precious Metals,0.07566888350390225
7,16,returns,Real Estate,0.35042365784798635
7,16,contributions,,0.0
7,16,withdrawals,,50000.0
7,16,availableCash,,0.0
7,16,cashBuffer,,150000.0
7,16,cashDepletion,,50000.0
7,16,shortfall,,0.0
7,16,cashReplenishment,,56209.02302328101
7,16,financialGainLoss,,56209.02302328101
7,17,ptf_bop,Cash,56209.02302328101
7,17,ptf_bop,Real Estate,131340.07250049186
7,17,ptf_bop,Precious Metals,32835.018125122966
7,17,ptf_bop,Bonds,197010.1087507378
7,17,ptf_bop,Crypto,32835.018125122966
7,17,ptf_bop,Stocks,262680.1450009837
7,17,ptf_eop,Cash,50315.46189120051
7,17,ptf_eop,Real Estate,131340.07250049186
7,17,ptf_eop,Precious Metals,32835.018125122966
7,17,ptf_eop,Bonds,197010.1087507378
7,17,ptf_eop,Crypto,32835.018125122966
7,17,ptf_eop,Stocks,262680.1450009837
7,17,ptf1,Cash,6209.023023281014
7,17,ptf1,Real Estate,131340.07250049186
7,17,ptf1,Precious Metals,32835.018125122966
7,17,ptf1,Bonds,197010.1087507378
7,17,ptf1,Crypto,32835.018125122966
7,17,ptf1,Stocks,262680.1450009837
7,17,ptf2,Cash,6209.023023281014
7,17,ptf2,Real Estate,131340.07250049186
7,17,ptf2,Precious Metals,32835.018125122966
7,17,ptf2,Bonds,197010.1087507378
7,17,ptf2,Crypto,32835.018125122966
7,17,ptf2,Stocks,262680.1450009837
7,17,ptf3,Cash,6209.023023281014
7,17,ptf3,Real Estate,138127.51393346878
7,17,ptf3,Precious Metals,36114.57636896981
7,17,ptf3,Bonds,199047.25757823966
7,17,ptf3,Crypto,25635.40549037291
7,17,ptf3,Stocks,301882.04799932765
7,17,ptf4,Cash,50315.46189120051
7,17,ptf4,Real Estate,138127.51393346878
7,17,ptf4,Precious Metals,36114.57636896981
7,17,ptf4,Bonds,154940.81871032016
7,17,ptf4,Crypto,25635.40549037291
7,17,ptf4,Stocks,301882.04799932765
7,17,ptf5,Cash,50315.46189120051
7,17,ptf5,Real Estate,131340.07250049186
7,17,ptf5,Precious Metals,32835.018125122966
7,17,ptf5,Bonds,197010.1087507378
7,17,ptf5,Crypto,32835.018125122966
7,17,ptf5,Stocks,262680.1450009837
7,17,returns,Cash,0.0
7,17,returns,Money Market,0.040767859233663516
7,17,returns,Bonds,0.01034032639451683
7,17,returns,Stocks,0.14923816567177955
7,17,returns,Crypto,-0.219266290864065
7,17,returns,Precious Metals,0.09987989747255721
7,17,returns,Real Estate,0.051678374343454896
7,17,contributions,,0.0
7,17,withdrawals,,50000.0
7,17,availableCash,,6209.023023281014
7,17,cashBuffer,,150000.0
7,17,cashDepletion,,50000.0
7,17,shortfall,,0.0
7,17,cashReplenishment,,44106.438867919496
7,17,financialGainLoss,,44106.438867919496
7,18,ptf_bop,Cash,50315.46189120051
7,18,ptf_bop,Real Estate,131340.07250049186
7,18,ptf_bop,Precious Metals,32835.018125122966
7,18,ptf_bop,Bonds,197010.1087507378
7,18,ptf_bop,Crypto,32835.018125122966
7,18,ptf_bop,Stocks,262680.1450009837
7,18,ptf_eop,Cash,53060.84440329985
7,18,ptf_eop,Real Estate,131340.07250049186
7,18,ptf_eop,Precious Metals,32835.018125122966
7,18,ptf_eop,Bonds,197010.1087507378
7,18,ptf_eop,Crypto,32835.018125122966
7,18,ptf_eop,Stocks,262680.1450009837
7,18,ptf1,Cash,315.46189120050985
7,18,ptf1,Real Estate,131340.07250049186
7,18,ptf1,Precious Metals,32835.018125122966
7,18,ptf1,Bonds,197010.1087507378
7,18,ptf1,Crypto,32835.018125122966
7,18,ptf1,Stocks,262680.1450009837
7,18,ptf2,Cash,315.46189120050985
7,18,ptf2,Real Estate,131340.07250049186
7,18,ptf2,Precious Metals,32835.018125122966
7,18,ptf2,Bonds,197010.1087507378
7,18,ptf2,Crypto,32835.018125122966
7,18,ptf2,Stocks,262680.1450009837
7,18,ptf3,Cash,315.46189120050985
7,18,ptf3,Real Estate,138030.61590519233
7,18,ptf3,Precious Metals,27921.374748761915
7,18,ptf3,Bonds,219529.8532140044
7,18,ptf3,Crypto,26699.792993754443
7,18,ptf3,Stocks,297264.1081528455
7,18,ptf4,Cash,53060.84440329985
7,18,ptf4,Real Estate,138030.61590519233
7,18,ptf4,Precious Metals,27921.374748761915
7,18,ptf4,Bonds,166784.47070190505
7,18,ptf4,Crypto,26699.792993754443
7,18,ptf4,Stocks,297264.1081528455
7,18,ptf5,Cash,53060.84440329985
7,18,ptf5,Real Estate,131340.07250049186
7,18,ptf5,Precious Metals,32835.018125122966
7,18,ptf5,Bonds,197010.1087507378
7,18,ptf5,Crypto,32835.018125122966
7,18,ptf5,Stocks,262680.1450009837
7,18,returns,Cash,0.0
7,18,returns,Money Market,0.039627215085258106
7,18,returns,Bonds,0.1143075581556027
7,18,returns,Stocks,0.131658078503544
7,18,returns,Crypto,-0.18685006074884108
7,18,returns,Precious Metals,-0.14964643410997508
7,18,returns,Real Estate,0.05094060995493518
7,18,contributions,,0.0
7,18,withdrawals,,50000.0
7,18,availableCash,,315.46189120050985
7,18,cashBuffer,,150000.0
7,18,cashDepletion,,50000.0
7,18,shortfall,,0.0
7,18,cashReplenishment,,52745.38251209934
7,18,financialGainLoss,,52745.38251209934
7,19,ptf_bop,Cash,53060.84440329985
7,19,ptf_bop,Real Estate,131340.07250049186
7,19,ptf_bop,Precious Metals,32835.018125122966
7,19,ptf_bop,Bonds,197010.1087507378
7,19,ptf_bop,Crypto,32835.018125122966
7,19,ptf_bop,Stocks,262680.1450009837
7,19,ptf_eop,Cash,80945.10675122717
7,19,ptf_eop,Real Estate,131340.0725004919
7,19,ptf_eop,Precious Metals,32835.01812512297
7,19,ptf_eop,Bonds,197010.10875073783
7,19,ptf_eop,Crypto,32835.01812512297
7,19,ptf_eop,Stocks,262680.1450009838
7,19,ptf1,Cash,3060.8444032998523
7,19,ptf1,Real Estate,131340.07250049186
7,19,ptf1,Precious Metals,32835.018125122966
7,19,ptf1,Bonds,197010.1087507378
7,19,ptf1,Crypto,32835.018125122966
7,19,ptf1,Stocks,262680.1450009837
7,19,ptf2,Cash,3060.8444032998523
7,19,ptf2,Real Estate,131340.07250049186
7,19,ptf2,Precious Metals,32835.018125122966
7,19,ptf2,Bonds,197010.1087507378
7,19,ptf2,Crypto,32835.018125122966
7,19,ptf2,Stocks,262680.1450009837
7,19,ptf3,Cash,3060.8444032998523
7,19,ptf3,Real Estate,133497.09661386037
7,19,ptf3,Precious Metals,26248.934906959454
7,19,ptf3,Bonds,211110.9419710188
7,19,ptf3,Crypto,53740.71425432965
7,19,ptf3,Stocks,309986.93710421846
7,19,ptf4,Cash,80945.10675122717
7,19,ptf4,Real Estate,133497.09661386037
7,19,ptf4,Precious Metals,26248.934906959454
7,19,ptf4,Bonds,133226.67962309148
7,19,ptf4,Crypto,53740.71425432965
7,19,ptf4,Stocks,309986.93710421846
7,19,ptf5,Cash,80945.10675122717
7,19,ptf5,Real Estate,131340.0725004919
7,19,ptf5,Precious Metals,32835.01812512297
7,19,ptf5,Bonds,197010.10875073783
7,19,ptf5,Crypto,32835.01812512297
7,19,ptf5,Stocks,262680.1450009838
7,19,returns,Cash,0.0
7,19,returns,Money Market,-0.021430216660571846
7,19,returns,Bonds,0.07157416088796602
7,19,returns,Stocks,0.18009275921123602
7,19,returns,Crypto,0.6366890388043115
7,19,returns,Precious Metals,-0.20058107454261834
7,19,returns,Real Estate,0.01642319874127091
7,19,contributions,,0.0
7,19,withdrawals,,50000.0
7,19,availableCash,,3060.8444032998523
7,19,cashBuffer,,150000.0
7,19,cashDepletion,,50000.0
7,19,shortfall,,0.0
7,19,cashReplenishment,,77884.26234792732
7,19,financialGainLoss,,77884.26234792732
7,20,ptf_bop,Cash,80945.10675122717
7,20,ptf_bop,Real Estate,131340.0725004919
7,20,ptf_bop,Precious Metals,32835.01812512297
7,20,ptf_bop,Bonds,197010.10875073783
7,20,ptf_bop,Crypto,32835.01812512297
7,20,ptf_bop,Stocks,262680.1450009838
7,20,ptf_eop,Cash,110874.06229670334
7,20,ptf_eop,Real Estate,131340.07250049192
7,20,ptf_eop,Precious Metals,32835.01812512298
7,20,ptf_eop,Bonds,197010.1087507379
7,20,ptf_eop,Crypto,32835.01812512298
7,20,ptf_eop,Stocks,262680.14500098384
7,20,ptf1,Cash,30945.10675122717
7,20,ptf1,Real Estate,131340.0725004919
7,20,ptf1,Precious Metals,32835.01812512297
7,20,ptf1,Bonds,197010.10875073783
7,20,ptf1,Crypto,32835.01812512297
7,20,ptf1,Stocks,262680.1450009838
7,20,ptf2,Cash,30945.10675122717
7,20,ptf2,Real Estate,131340.0725004919
7,20,ptf2,Precious Metals,32835.01812512297
7,20,ptf2,Bonds,197010.10875073783
7,20,ptf2,Crypto,32835.01812512297
7,20,ptf2,Stocks,262680.1450009838
7,20,ptf3,Cash,30945.10675122717
7,20,ptf3,Real Estate,143993.49363273787
7,20,ptf3,Precious Metals,34218.78111603993
7,20,ptf3,Bonds,210239.60578354876
7,20,ptf3,Crypto,44750.52019902864
7,20,ptf3,Stocks,303426.9173165806
7,20,ptf4,Cash,110874.06229670334
7,20,ptf4,Real Estate,143993.49363273787
7,20,ptf4,Precious Metals,34218.78111603993
7,20,ptf4,Bonds,130310.65023807259
7,20,ptf4,Crypto,44750.52019902864
7,20,ptf4,Stocks,303426.9173165806
7,20,ptf5,Cash,110874.06229670334
7,20,ptf5,Real Estate,131340.07250049192
7,20,ptf5,Precious Metals,32835.01812512298
7,20,ptf5,Bonds,197010.1087507379
7,20,ptf5,Crypto,32835.01812512298
7,20,ptf5,Stocks,262680.14500098384
7,20,returns,Cash,0.0
7,20,returns,Money Market,0.010510246157058954
7,20,returns,Bonds,0.06715136150475018
7,20,returns,Stocks,0.15511934606037392
7,20,returns,Crypto,0.3628900714627227
7,20,returns,Precious Metals,0.04214290321521694
7,20,returns,Real Estate,0.09634090259999356
7,20,contributions,,0.0
7,20,withdrawals,,50000.0
7,20,availableCash,,30945.10675122717
7,20,cashBuffer,,150000.0
7,20,cashDepletion,,50000.0
7,20,shortfall,,0.0
7,20,cashReplenishment,,79928.95554547617
7,20,financialGainLoss,,79928.95554547617
8,1,ptf_bop,Cash,150000.0
8,1,ptf_bop,Real Estate,170000.0
8,1,ptf_bop,Precious Metals,42500.0
8,1,ptf_bop,Bonds,255000.0
8,1,ptf_bop,Crypto,42500.0
8,1,ptf_bop,Stocks,340000.0
8,1,ptf_eop,Cash,113049.1212487449
8,1,ptf_eop,Real Estate,170000.0
8,1,ptf_eop,Precious Metals,42500.0
8,1,ptf_eop,Bonds,255000.0
8,1,ptf_eop,Crypto,42500.0
8,1,ptf_eop,Stocks,340000.0
8,1,ptf1,Cash,100000.0
8,1,ptf1,Real Estate,170000.0
8,1,ptf1,Precious Metals,42500.0
8,1,ptf1,Bonds,255000.0
8,1,ptf1,Crypto,42500.0
8,1,ptf1,Stocks,340000.0
8,1,ptf2,Cash,100000.0
8,1,ptf2,Real Estate,170000.0
8,1,ptf2,Precious Metals,42500.0
8,1,ptf2,Bonds,255000.0
8,1,ptf2,Crypto,42500.0
8,1,ptf2,Stocks,340000.0
8,1,ptf3,Cash,100000.0
8,1,ptf3,Real Estate,169773.07768553766
8,1,ptf3,Precious Metals,40238.20236447785
8,1,ptf3,Bonds,303916.1304210713
8,1,ptf3,Crypto,32886.79064547465
8,1,ptf3,Stocks,316234.92013218335
8,1,ptf4,Cash,113049.1212487449
8,1,ptf4,Real Estate,169773.07768553766
8,1,ptf4,Precious Metals,40238.20236447785
8,1,ptf4,Bonds,290867.0091723264
8,1,ptf4,Crypto,32886.79064547465
8,1,ptf4,Stocks,316234.92013218335
8,1,ptf5,Cash,113049.1212487449
8,1,ptf5,Real Estate,170000.0
8,1,ptf5,Precious Metals,42500.0
8,1,ptf5,Bonds,255000.0
8,1,ptf5,Crypto,42500.0
8,1,ptf5,Stocks,340000.0
8,1,returns,Cash,0.0
8,1,returns,Money Market,0.02548671168034045
8,1,returns,Bonds,0.19182796243557396
8,1,returns,Stocks,-0.06989729372887238
8,1,returns,Crypto,-0.22619316128294945
8,1,returns,Precious Metals,-0.05321876789463878
8,1,returns,Real Estate,-0.0013348371438960927
8,1,contributions,,0.0
8,1,withdrawals,,50000.0
8,1,availableCash,,100000.0
8,1,cashBuffer,,150000.0
8,1,cashDepletion,,50000.0
8,1,shortfall,,0.0
8,1,cashReplenishment,,13049.121248744894
8,1,financialGainLoss,,13049.121248744894
8,2,ptf_bop,Cash,113049.1212487449
8,2,ptf_bop,Real Estate,170000.0
8,2,ptf_bop,Precious Metals,42500.0
8,2,ptf_bop,Bonds,255000.0
8,2,ptf_bop,Crypto,42500.0
8,2,ptf_bop,Stocks,340000.0
8,2,ptf_eop,Cash,121810.53403461224
8,2,ptf_eop,Real Estate,170000.0
8,2,ptf_eop,Precious Metals,42500.0
8,2,ptf_eop,Bonds,255000.0
8,2,ptf_eop,Crypto,42500.0
8,2,ptf_eop,Stocks,340000.0
8,2,ptf1,Cash,63049.121248744894
8,2,ptf1,Real Estate,170000.0
8,2,ptf1,Precious Metals,42500.0
8,2,ptf1,Bonds,255000.0
8,2,ptf1,Crypto,42500.0
8,2,ptf1,Stocks,340000.0
8,2,ptf2,Cash,63049.121248744894
8,2,ptf2,Real Estate,170000.0
8,2,ptf2,Precious Metals,42500.0
8,2,ptf2,Bonds,255000.0
8,2,ptf2,Crypto,42500.0
8,2,ptf2,Stocks,340000.0
8,2,ptf3,Cash,63049.121248744894
8,2,ptf3,Real Estate,163392.69903221473
8,2,ptf3,Precious Metals,56714.197818651286
8,2,ptf3,Bonds,238132.64050680934
8,2,ptf3,Crypto,36518.53918399009
8,2,ptf3,Stocks,414003.33624420187
8,2,ptf4,Cash,121810.53403461224
8,2,ptf4,Real Estate,163392.69903221473
8,2,ptf4,Precious Metals,56714.197818651286
8,2,ptf4,Bonds,179371.227720942
8,2,ptf4,Crypto,36518.53918399009
8,2,ptf4,Stocks,414003.33624420187
8,2,ptf5,Cash,121810.53403461224
8,2,ptf5,Real Estate,170000.0
8,2,ptf5,Precious Metals,42500.0
8,2,ptf5,Bonds,255000.0
8,2,ptf5,Crypto,42500.0
8,2,ptf5,Stocks,340000.0
8,2,returns,Cash,0.0
8,2,returns,Money Market,-0.07638314504717288
8,2,returns,Bonds,-0.06614650781643397
8,2,returns,Stocks,0.2176568713064762
8,2,returns,Crypto,-0.1407402544943508
8,2,returns,Precious Metals,0.33445171338003016
8,2,returns,Real Estate,-0.03886647628108969
8,2,contributions,,0.0
8,2,withdrawals,,50000.0
8,2,availableCash,,63049.121248744894
8,2,cashBuffer,,150000.0
8,2,cashDepletion,,50000.0
8,2,shortfall,,0.0
8,2,cashReplenishment,,58761.412785867346
8,2,financialGainLoss,,58761.412785867346
8,3,ptf_bop,Cash,121810.53403461224
8,3,ptf_bop,Real Estate,170000.0
8,3,ptf_bop,Precious Metals,42500.0
8,3,ptf_bop,Bonds,255000.0
8,3,ptf_bop,Crypto,42500.0
8,3,ptf_bop,Stocks,340000.0
8,3,ptf_eop,Cash,71810.53403461224
8,3,ptf_eop,Real Estate,181162.12288644243
8,3,ptf_eop,Precious Metals,32653.622178117872
8,3,ptf_eop,Bonds,299619.17832958227
8,3,ptf_eop,Crypto,40532.24065104235
8,3,ptf_eop,Stocks,289644.64897652116
8,3,ptf1,Cash,71810.53403461224
8,3,ptf1,Real Estate,170000.0
8,3,ptf1,Precious Metals,42500.0
8,3,ptf1,Bonds,255000.0
8,3,ptf1,Crypto,42500.0
8,3,ptf1,Stocks,340000.0
8,3,ptf2,Cash,71810.53403461224
8,3,ptf2,Real Estate,170000.0
8,3,ptf2,Precious Metals,42500.0
8,3,ptf2,Bonds,255000.0
8,3,ptf2,Crypto,42500.0
8,3,ptf2,Stocks,340000.0
8,3,ptf3,Cash,71810.53403461224
8,3,ptf3,Real Estate,181162.12288644243
8,3,ptf3,Precious Metals,32653.622178117872
8,3,ptf3,Bonds,299619.17832958227
8,3,ptf3,Crypto,40532.24065104235
8,3,ptf3,Stocks,289644.64897652116
8,3,ptf4,Cash,71810.53403461224
8,3,ptf4,Real Estate,181162.12288644243
8,3,ptf4,Precious Metals,32653.622178117872
8,3,ptf4,Bonds,299619.17832958227
8,3,ptf4,Crypto,40532.24065104235
8,3,ptf4,Stocks,289644.64897652116
8,3,ptf5,Cash,71810.53403461224
8,3,ptf5,Real Estate,181162.12288644243
8,3,ptf5,Precious Metals,32653.622178117872
8,3,ptf5,Bonds,299619.17832958227
8,3,ptf5,Crypto,40532.24065104235
8,3,ptf5,Stocks,289644.64897652116
8,3,returns,Cash,0.0
8,3,returns,Money Market,0.021966950350940408
8,3,returns,Bonds,0.1749771699199306
8,3,returns,Stocks,-0.14810397359846716
8,3,returns,Crypto,-0.046300219975473914
8,3,returns,Precious Metals,-0.23167947816193252
8,3,returns,Real Estate,0.0656595463908378
8,3,contributions,,0.0
8,3,withdrawals,,50000.0
8,3,availableCash,,71810.53403461224
8,3,cashBuffer,,150000.0
8,3,cashDepletion,,50000.0
8,3,shortfall,,0.0
8,3,cashReplenishment,,0
8,3,financialGainLoss,,-6388.186978293932
8,4,ptf_bop,Cash,71810.53403461224
8,4,ptf_bop,Real Estate,181162.12288644243
8,4,ptf_bop,Precious Metals,32653.622178117872
8,4,ptf_bop,Bonds,299619.17832958227
8,4,ptf_bop,Crypto,40532.24065104235
8,4,ptf_bop,Stocks,289644.64897652116
8,4,ptf_eop,Cash,21810.53403461224
8,4,ptf_eop,Real Estate,149130.08509442373
8,4,ptf_eop,Precious Metals,50839.24205311207
8,4,ptf_eop,Bonds,216755.54938996895
8,4,ptf_eop,Crypto,56615.334796464704
8,4,ptf_eop,Stocks,351889.38779889577
8,4,ptf1,Cash,21810.53403461224
8,4,ptf1,Real Estate,181162.12288644243
8,4,ptf1,Precious Metals,32653.622178117872
8,4,ptf1,Bonds,299619.17832958227
8,4,ptf1,Crypto,40532.24065104235
8,4,ptf1,Stocks,289644.64897652116
8,4,ptf2,Cash,21810.53403461224
8,4,ptf2,Real Estate,168722.3626043412
8,4,ptf2,Precious Metals,42180.5906510853
8,4,ptf2,Bonds,253083.54390651183
8,4,ptf2,Crypto,42180.5906510853
8,4,ptf2,Stocks,337444.7252086824
8,4,ptf3,Cash,21810.53403461224
8,4,ptf3,Real Estate,149130.08509442373
8,4,ptf3,Precious Metals,50839.24205311207
8,4,ptf3,Bonds,216755.54938996895
8,4,ptf3,Crypto,56615.334796464704
8,4,ptf3,Stocks,351889.38779889577
8,4,ptf4,Cash,21810.53403461224
8,4,ptf4,Real Estate,149130.08509442373
8,4,ptf4,Precious Metals,50839.24205311207
8,4,ptf4,Bonds,216755.54938996895
8,4,ptf4,Crypto,56615.334796464704
8,4,ptf4,Stocks,351889.38779889577
8,4,ptf5,Cash,21810.53403461224
8,4,ptf5,Real Estate,149130.08509442373
8,4,ptf5,Precious Metals,50839.24205311207
8,4,ptf5,Bonds,216755.54938996895
8,4,ptf5,Crypto,56615.334796464704
8,4,ptf5,Stocks,351889.38779889577
8,4,returns,Cash,0.0
8,4,returns,Money Market,-0.033744167833695084
8,4,returns,Bonds,-0.14354151184939273
8,4,returns,Stocks,0.042806010914174186
8,4,returns,Crypto,0.3422129449248952
8,4,returns,Precious Metals,0.20527572678273961
8,4,returns,Real Estate,-0.11612140327753664
8,4,contributions,,0.0
8,4,withdrawals,,50000.0
8,4,availableCash,,21810.53403461224
8,4,cashBuffer,,150000.0
8,4,cashDepletion,,50000.0
8,4,shortfall,,0.0
8,4,cashReplenishment,,0
8,4,financialGainLoss,,-18382.213888840866
8,5,ptf_bop,Cash,21810.53403461224
8,5,ptf_bop,Real Estate,149130.08509442373
8,5,ptf_bop,Precious Metals,50839.24205311207
8,5,ptf_bop,Bonds,216755.54938996895
8,5,ptf_bop,Crypto,56615.334796464704
8,5,ptf_bop,Stocks,351889.38779889577
8,5,ptf_eop,Cash,31609.567120329593
8,5,ptf_eop,Real Estate,159408.0266334955
8,5,ptf_eop,Precious Metals,39852.00665837387
8,5,ptf_eop,Bonds,239112.03995024328
8,5,ptf_eop,Crypto,39852.00665837387
8,5,ptf_eop,Stocks,318816.053266991
8,5,ptf1,Cash,0.0
8,5,ptf1,Real Estate,149130.08509442373
8,5,ptf1,Precious Metals,50839.24205311207
8,5,ptf1,Bonds,188566.0834245812
8,5,ptf1,Crypto,56615.334796464704
8,5,ptf1,Stocks,351889.38779889577
8,5,ptf2,Cash,0.0
8,5,ptf2,Real Estate,159408.0266334955
8,5,ptf2,Precious Metals,39852.00665837387
8,5,ptf2,Bonds,239112.03995024323
8,5,ptf2,Crypto,39852.00665837387
8,5,ptf2,Stocks,318816.053266991
8,5,ptf3,Cash,0.0
8,5,ptf3,Real Estate,172977.96400654
8,5,ptf3,Precious Metals,39222.234833022056
8,5,ptf3,Bonds,272953.54925505683
8,5,ptf3,Crypto,19186.40649897961
8,5,ptf3,Stocks,324309.5456942086
8,5,ptf4,Cash,31609.567120329593
8,5,ptf4,Real Estate,172977.96400654
8,5,ptf4,Precious Metals,39222.234833022056
8,5,ptf4,Bonds,241343.98213472724
8,5,ptf4,Crypto,19186.40649897961
8,5,ptf4,Stocks,324309.5456942086
8,5,ptf5,Cash,31609.567120329593
8,5,ptf5,Real Estate,159408.0266334955
8,5,ptf5,Precious Metals,39852.00665837387
8,5,ptf5,Bonds,239112.03995024328
8,5,ptf5,Crypto,39852.00665837387
8,5,ptf5,Stocks,318816.053266991
8,5,returns,Cash,0.0
8,5,returns,Money Market,0.08011967130791348
8,5,returns,Bonds,0.14152992593704466
8,5,returns,Stocks,0.017230915353616646
8,5,returns,Crypto,-0.5185585844283181
8,5,returns,Precious Metals,-0.015802763227218516
8,5,returns,Real Estate,0.08512706455016814
8,5,contributions,,0.0
8,5,withdrawals,,50000.0
8,5,availableCash,,0.0
8,5,cashBuffer,,150000.0
8,5,cashDepletion,,21810.53403461224
8,5,shortfall,,28189.46596538776
8,5,cashReplenishment,,31609.567120329593
8,5,financialGainLoss,,31609.567120329593
8,6,ptf_bop,Cash,31609.567120329593
8,6,ptf_bop,Real Estate,159408.0266334955
8,6,ptf_bop,Precious Metals,39852.00665837387
8,6,ptf_bop,Bonds,239112.03995024328
8,6,ptf_bop,Crypto,39852.00665837387
8,6,ptf_bop,Stocks,318816.053266991
8,6,ptf_eop,Cash,150000.0
8,6,ptf_eop,Real Estate,156472.36495379827
8,6,ptf_eop,Precious Metals,39118.09123844957
8,6,ptf_eop,Bonds,234708.5474306974
8,6,ptf_eop,Crypto,39118.09123844957
8,6,ptf_eop,Stocks,312944.72990759654
8,6,ptf1,Cash,0.0
8,6,ptf1,Real Estate,159408.0266334955
8,6,ptf1,Precious Metals,39852.00665837387
8,6,ptf1,Bonds,220721.60707057288
8,6,ptf1,Crypto,39852.00665837387
8,6,ptf1,Stocks,318816.053266991
8,6,ptf2,Cash,0.0
8,6,ptf2,Real Estate,155729.94005756138
8,6,ptf2,Precious Metals,38932.485014390346
8,6,ptf2,Bonds,233594.9100863421
8,6,ptf2,Crypto,38932.485014390346
8,6,ptf2,Stocks,311459.88011512277
8,6,ptf3,Cash,0.0
8,6,ptf3,Real Estate,198592.59053081422
8,6,ptf3,Precious Metals,46217.845294616214
8,6,ptf3,Bonds,246011.71498956985
8,6,ptf3,Crypto,41333.68007149791
8,6,ptf3,Stocks,400205.99388249306
8,6,ptf4,Cash,150000.0
8,6,ptf4,Real Estate,198592.59053081422
8,6,ptf4,Precious Metals,46217.845294616214
8,6,ptf4,Bonds,96011.71498956985
8,6,ptf4,Crypto,41333.68007149791
8,6,ptf4,Stocks,400205.99388249306
8,6,ptf5,Cash,150000.0
8,6,ptf5,Real Estate,156472.36495379827
8,6,ptf5,Precious Metals,39118.09123844957
8,6,ptf5,Bonds,234708.5474306974
8,6,ptf5,Crypto,39118.09123844957
8,6,ptf5,Stocks,312944.72990759654
8,6,returns,Cash,0.0
8,6,returns,Money Market,0.004443461590859081
8,6,returns,Bonds,0.05315528878021441
8,6,returns,Stocks,0.28493594017491974
8,6,returns,Crypto,0.06167587443288123
8,6,returns,Precious Metals,0.1871280571361686
8,6,returns,Real Estate,0.2752370575459659
8,6,contributions,,0.0
8,6,withdrawals,,50000.0
8,6,availableCash,,0.0
8,6,cashBuffer,,150000.0
8,6,cashDepletion,,31609.567120329593
8,6,shortfall,,18390.432879670407
8,6,cashReplenishment,,150000.0
8,6,financialGainLoss,,153712.1244811843
8,7,ptf_bop,Cash,150000.0
8,7,ptf_bop,Real Estate,156472.36495379827
8,7,ptf_bop,Precious Metals,39118.09123844957
8,7,ptf_bop,Bonds,234708.5474306974
8,7,ptf_bop,Crypto,39118.09123844957
8,7,ptf_bop,Stocks,312944.72990759654
8,7,ptf_eop,Cash,100000.0
8,7,ptf_eop,Real Estate,117596.7294306901
8,7,ptf_eop,Precious Metals,45372.98032976199
8,7,ptf_eop,Bonds,240098.79530599405
8,7,ptf_eop,Crypto,30767.7709743162
8,7,ptf_eop,Stocks,268203.85865479015
8,7,ptf1,Cash,100000.0
8,7,ptf1,Real Estate,156472.36495379827
8,7,ptf1,Precious Metals,39118.09123844957
8,7,ptf1,Bonds,234708.5474306974
8,7,ptf1,Crypto,39118.09123844957
8,7,ptf1,Stocks,312944.72990759654
8,7,ptf2,Cash,100000.0
8,7,ptf2,Real Estate,156472.36495379827
8,7,ptf2,Precious Metals,39118.09123844957
8,7,ptf2,Bonds,234708.5474306974
8,7,ptf2,Crypto,39118.09123844957
8,7,ptf2,Stocks,312944.72990759654
8,7,ptf3,Cash,100000.0
8,7,ptf3,Real Estate,117596.7294306901
8,7,ptf3,Precious Metals,45372.98032976199
8,7,ptf3,Bonds,240098.79530599405
8,7,ptf3,Crypto,30767.7709743162
8,7,ptf3,Stocks,268203.85865479015
8,7,ptf4,Cash,100000.0
8,7,ptf4,Real Estate,117596.7294306901
8,7,ptf4,Precious Metals,45372.98032976199
8,7,ptf4,Bonds,240098.79530599405
8,7,ptf4,Crypto,30767.7709743162
8,7,ptf4,Stocks,268203.85865479015
8,7,ptf5,Cash,100000.0
8,7,ptf5,Real Estate,117596.7294306901
8,7,ptf5,Precious Metals,45372.98032976199
8,7,ptf5,Bonds,240098.79530599405
8,7,ptf5,Crypto,30767.7709743162
8,7,ptf5,Stocks,268203.85865479015
8,7,returns,Cash,0.0
8,7,returns,Money Market,-0.011035592545113087
8,7,returns,Bonds,0.022965707616115737
8,7,returns,Stocks,-0.1429673261026542
8,7,returns,Crypto,-0.21346440993843147
8,7,returns,Precious Metals,0.15989760474724862
8,7,returns,Real Estate,-0.24845048858683136
8,7,contributions,,0.0
8,7,withdrawals,,50000.0
8,7,availableCash,,100000.0
8,7,cashBuffer,,150000.0
8,7,cashDepletion,,50000.0
8,7,shortfall,,0.0
8,7,cashReplenishment,,0
8,7,financialGainLoss,,-80321.69007343892
8,8,ptf_bop,Cash,100000.0
8,8,ptf_bop,Real Estate,117596.7294306901
8,8,ptf_bop,Precious Metals,45372.98032976199
8,8,ptf_bop,Bonds,240098.79530599405
8,8,ptf_bop,Crypto,30767.7709743162
8,8,ptf_bop,Stocks,268203.85865479015
8,8,ptf_eop,Cash,145813.99305012415
8,8,ptf_eop,Real Estate,140408.02693911045
8,8,ptf_eop,Precious Metals,35102.00673477761
8,8,ptf_eop,Bonds,210612.0404086657
8,8,ptf_eop,Crypto,35102.00673477761
8,8,ptf_eop,Stocks,280816.0538782209
8,8,ptf1,Cash,50000.0
8,8,ptf1,Real Estate,117596.7294306901
8,8,ptf1,Precious Metals,45372.98032976199
8,8,ptf1,Bonds,240098.79530599405
8,8,ptf1,Crypto,30767.7709743162
8,8,ptf1,Stocks,268203.85865479015
8,8,ptf2,Cash,50000.0
8,8,ptf2,Real Estate,140408.02693911048
8,8,ptf2,Precious Metals,35102.00673477762
8,8,ptf2,Bonds,210612.04040866572
8,8,ptf2,Crypto,35102.00673477762
8,8,ptf2,Stocks,280816.05387822096
8,8,ptf3,Cash,50000.0
8,8,ptf3,Real Estate,161119.01159746226
8,8,ptf3,Precious Metals,41784.878944835924
8,8,ptf3,Bonds,202099.4211434792
8,8,ptf3,Crypto,37311.95737603039
8,8,ptf3,Stocks,355538.8586838687
8,8,ptf4,Cash,145813.99305012415
8,8,ptf4,Real Estate,161119.01159746226
8,8,ptf4,Precious Metals,41784.878944835924
8,8,ptf4,Bonds,106285.42809335506
8,8,ptf4,Crypto,37311.95737603039
8,8,ptf4,Stocks,355538.8586838687
8,8,ptf5,Cash,145813.99305012415
8,8,ptf5,Real Estate,140408.02693911045
8,8,ptf5,Precious Metals,35102.00673477761
8,8,ptf5,Bonds,210612.0404086657
8,8,ptf5,Crypto,35102.00673477761
8,8,ptf5,Stocks,280816.0538782209
8,8,returns,Cash,0.0
8,8,returns,Money Market,0.02494124797144684
8,8,returns,Bonds,-0.04041848342890973
8,8,returns,Stocks,0.26609164174798977
8,8,returns,Crypto,0.06295795730285833
8,8,returns,Precious Metals,0.19038433501971813
8,8,returns,Real Estate,0.14750570255739962
8,8,contributions,,0.0
8,8,withdrawals,,50000.0
8,8,availableCash,,50000.0
8,8,cashBuffer,,150000.0
8,8,cashDepletion,,50000.0
8,8,shortfall,,0.0
8,8,cashReplenishment,,95813.99305012415
8,8,financialGainLoss,,95813.99305012415
8,9,ptf_bop,Cash,145813.99305012415
8,9,ptf_bop,Real Estate,140408.02693911045
8,9,ptf_bop,Precious Metals,35102.00673477761
8,9,ptf_bop,Bonds,210612.0404086657
8,9,ptf_bop,Crypto,35102.00673477761
8,9,ptf_bop,Stocks,280816.0538782209
8,9,ptf_eop,Cash,138151.32810948289
8,9,ptf_eop,Real Estate,140408.02693911045
8,9,ptf_eop,Precious Metals,35102.00673477761
8,9,ptf_eop,Bonds,210612.04040866566
8,9,ptf_eop,Crypto,35102.00673477761
8,9,ptf_eop,Stocks,280816.0538782209
8,9,ptf1,Cash,95813.99305012415
8,9,ptf1,Real Estate,140408.02693911045
8,9,ptf1,Precious Metals,35102.00673477761
8,9,ptf1,Bonds,210612.0404086657
8,9,ptf1,Crypto,35102.00673477761
8,9,ptf1,Stocks,280816.0538782209
8,9,ptf2,Cash,95813.99305012415
8,9,ptf2,Real Estate,140408.02693911045
8,9,ptf2,Precious Metals,35102.00673477761
8,9,ptf2,Bonds,210612.0404086657
8,9,ptf2,Crypto,35102.00673477761
8,9,ptf2,Stocks,280816.0538782209
8,9,ptf3,Cash,95813.99305012415
8,9,ptf3,Real Estate,132733.80808164153
8,9,ptf3,Precious Metals,37257.8331335495
8,9,ptf3,Bonds,231532.78766823967
8,9,ptf3,Crypto,32751.478983353132
8,9,ptf3,Stocks,310101.561888127
8,9,ptf4,Cash,138151.32810948289
8,9,ptf4,Real Estate,132733.80808164153
8,9,ptf4,Precious Metals,37257.8331335495
8,9,ptf4,Bonds,189195.45260888094
8,9,ptf4,Crypto,32751.478983353132
8,9,ptf4,Stocks,310101.561888127
8,9,ptf5,Cash,138151.32810948289
8,9,ptf5,Real Estate,140408.02693911045
8,9,ptf5,Precious Metals,35102.00673477761
8,9,ptf5,Bonds,210612.04040866566
8,9,ptf5,Crypto,35102.00673477761
8,9,ptf5,Stocks,280816.0538782209
8,9,returns,Cash,0.0
8,9,returns,Money Market,0.04176248377545241
8,9,returns,Bonds,0.0993331018444149
8,9,returns,Stocks,0.10428715739523241
8,9,returns,Crypto,-0.06696277421358016
8,9,returns,Precious Metals,0.06141604424672359
8,9,returns,Real Estate,-0.054656553651287465
8,9,contributions,,0.0
8,9,withdrawals,,50000.0
8,9,availableCash,,95813.99305012415
8,9,cashBuffer,,150000.0
8,9,cashDepletion,,50000.0
8,9,shortfall,,0.0
8,9,cashReplenishment,,42337.33505935874
8,9,financialGainLoss,,42337.33505935874
8,10,ptf_bop,Cash,138151.32810948289
8,10,ptf_bop,Real Estate,140408.02693911045
8,10,ptf_bop,Precious Metals,35102.00673477761
8,10,ptf_bop,Bonds,210612.04040866566
8,10,ptf_bop,Crypto,35102.00673477761
8,10,ptf_bop,Stocks,280816.0538782209
8,10,ptf_eop,Cash,104258.14802838629
8,10,ptf_eop,Real Estate,140408.02693911045
8,10,ptf_eop,Precious Metals,35102.00673477761
8,10,ptf_eop,Bonds,210612.04040866566
8,10,ptf_eop,Crypto,35102.00673477761
8,10,ptf_eop,Stocks,280816.0538782209
8,10,ptf1,Cash,88151.32810948289
8,10,ptf1,Real Estate,140408.02693911045
8,10,ptf1,Precious Metals,35102.00673477761
8,10,ptf1,Bonds,210612.04040866566
8,10,ptf1,Crypto,35102.00673477761
8,10,ptf1,Stocks,280816.0538782209
8,10,ptf2,Cash,88151.32810948289
8,10,ptf2,Real Estate,140408.02693911045
8,10,ptf2,Precious Metals,35102.00673477761
8,10,ptf2,Bonds,210612.0404086657
8,10,ptf2,Crypto,35102.00673477761
8,10,ptf2,Stocks,280816.0538782209
8,10,ptf3,Cash,88151.32810948289
8,10,ptf3,Real Estate,158983.0186162649
8,10,ptf3,Precious Metals,33124.74947782981
8,10,ptf3,Bonds,229053.5391846969
8,10,ptf3,Crypto,46221.84470499333
8,10,ptf3,Stocks,250763.80263067063
8,10,ptf4,Cash,104258.14802838629
8,10,ptf4,Real Estate,158983.0186162649
8,10,ptf4,Precious Metals,33124.74947782981
8,10,ptf4,Bonds,212946.7192657935
8,10,ptf4,Crypto,46221.84470499333
8,10,ptf4,Stocks,250763.80263067063
8,10,ptf5,Cash,104258.14802838629
8,10,ptf5,Real Estate,140408.02693911045
8,10,ptf5,Precious Metals,35102.00673477761
8,10,ptf5,Bonds,210612.04040866566
8,10,ptf5,Crypto,35102.00673477761
8,10,ptf5,Stocks,280816.0538782209
8,10,returns,Cash,0.0
8,10,returns,Money Market,-0.022906719425176122
8,10,returns,Bonds,0.0875614648632996
8,10,returns,Stocks,-0.10701756837799159
8,10,returns,Crypto,0.31678638928636077
8,10,returns,Precious Metals,-0.056328895150852244
8,10,returns,Real Estate,0.13229294707780268
8,10,contributions,,0.0
8,10,withdrawals,,50000.0
8,10,availableCash,,88151.32810948289
8,10,cashBuffer,,150000.0
8,10,cashDepletion,,50000.0
8,10,shortfall,,0.0
8,10,cashReplenishment,,16106.819918903406
8,10,financialGainLoss,,16106.819918903406
8,11,ptf_bop,Cash,104258.14802838629
8,11,ptf_bop,Real Estate,140408.02693911045
8,11,ptf_bop,Precious Metals,35102.00673477761
8,11,ptf_bop,Bonds,210612.04040866566
8,11,ptf_bop,Crypto,35102.00673477761
8,11,ptf_bop,Stocks,280816.0538782209
8,11,ptf_eop,Cash,54258.14802838629
8,11,ptf_eop,Real Estate,110986.88393722821
8,11,ptf_eop,Precious Metals,32400.697427417672
8,11,ptf_eop,Bonds,206930.80588995875
8,11,ptf_eop,Crypto,40111.26734396703
8,11,ptf_eop,Stocks,290513.2405074231
8,11,ptf1,Cash,54258.14802838629
8,11,ptf1,Real Estate,140408.02693911045
8,11,ptf1,Precious Metals,35102.00673477761
8,11,ptf1,Bonds,210612.04040866566
8,11,ptf1,Crypto,35102.00673477761
8,11,ptf1,Stocks,280816.0538782209
8,11,ptf2,Cash,54258.14802838629
8,11,ptf2,Real Estate,140408.02693911045
8,11,ptf2,Precious Metals,35102.00673477761
8,11,ptf2,Bonds,210612.0404086657
8,11,ptf2,Crypto,35102.00673477761
8,11,ptf2,Stocks,280816.0538782209
8,11,ptf3,Cash,54258.14802838629
8,11,ptf3,Real Estate,110986.88393722821
8,11,ptf3,Precious Metals,32400.697427417672
8,11,ptf3,Bonds,206930.80588995875
8,11,ptf3,Crypto,40111.26734396703
8,11,ptf3,Stocks,290513.2405074231
8,11,ptf4,Cash,54258.14802838629
8,11,ptf4,Real Estate,110986.88393722821
8,11,ptf4,Precious Metals,32400.697427417672
8,11,ptf4,Bonds,206930.80588995875
8,11,ptf4,Crypto,40111.26734396703
8,11,ptf4,Stocks,290513.2405074231
8,11,ptf5,Cash,54258.14802838629
8,11,ptf5,Real Estate,110986.88393722821
8,11,ptf5,Precious Metals,32400.697427417672
8,11,ptf5,Bonds,206930.80588995875
8,11,ptf5,Crypto,40111.26734396703
8,11,ptf5,Stocks,290513.2405074231
8,11,returns,Cash,0.0
8,11,returns,Money Market,-0.0011810479642334548
8,11,returns,Bonds,-0.0174787467590362
8,11,returns,Stocks,0.03453216614676692
8,11,returns,Crypto,0.14270581870256585
8,11,returns,Precious Metals,-0.07695597940512032
8,11,returns,Real Estate,-0.20954032075844967
8,11,contributions,,0.0
8,11,withdrawals,,50000.0
8,11,availableCash,,54258.14802838629
8,11,cashBuffer,,150000.0
8,11,cashDepletion,,50000.0
8,11,shortfall,,0.0
8,11,cashReplenishment,,0
8,11,financialGainLoss,,-21097.239589557517
8,12,ptf_bop,Cash,54258.14802838629
8,12,ptf_bop,Real Estate,110986.88393722821
8,12,ptf_bop,Precious Metals,32400.697427417672
8,12,ptf_bop,Bonds,206930.80588995875
8,12,ptf_bop,Crypto,40111.26734396703
8,12,ptf_bop,Stocks,290513.2405074231
8,12,ptf_eop,Cash,46291.42251737288
8,12,ptf_eop,Real Estate,136188.57902119897
8,12,ptf_eop,Precious Metals,34047.14475529974
8,12,ptf_eop,Bonds,204282.86853179842
8,12,ptf_eop,Crypto,34047.14475529974
8,12,ptf_eop,Stocks,272377.15804239793
8,12,ptf1,Cash,4258.148028386291
8,12,ptf1,Real Estate,110986.88393722821
8,12,ptf1,Precious Metals,32400.697427417672
8,12,ptf1,Bonds,206930.80588995875
8,12,ptf1,Crypto,40111.26734396703
8,12,ptf1,Stocks,290513.2405074231
8,12,ptf2,Cash,4258.148028386291
8,12,ptf2,Real Estate,136188.57902119897
8,12,ptf2,Precious Metals,34047.14475529974
8,12,ptf2,Bonds,204282.86853179842
8,12,ptf2,Crypto,34047.14475529974
8,12,ptf2,Stocks,272377.15804239793
8,12,ptf3,Cash,4258.148028386291
8,12,ptf3,Real Estate,129676.88030305853
8,12,ptf3,Precious Metals,42999.24030660786
8,12,ptf3,Bonds,246945.619912392
8,12,ptf3,Crypto,39264.77139519301
8,12,ptf3,Stocks,264089.65767772996
8,12,ptf4,Cash,46291.42251737288
8,12,ptf4,Real Estate,129676.88030305853
8,12,ptf4,Precious Metals,42999.24030660786
8,12,ptf4,Bonds,204912.3454234054
8,12,ptf4,Crypto,39264.77139519301
8,12,ptf4,Stocks,264089.65767772996
8,12,ptf5,Cash,46291.42251737288
8,12,ptf5,Real Estate,136188.57902119897
8,12,ptf5,Precious Metals,34047.14475529974
8,12,ptf5,Bonds,204282.86853179842
8,12,ptf5,Crypto,34047.14475529974
8,12,ptf5,Stocks,272377.15804239793
8,12,returns,Cash,0.0
8,12,returns,Money Market,0.03927171184191487
8,12,returns,Bonds,0.20884155233972904
8,12,returns,Stocks,-0.030426561552485135
8,12,returns,Crypto,0.15324711300735733
8,12,returns,Precious Metals,0.2629323432448662
8,12,returns,Real Estate,-0.04781383846531524
8,12,contributions,,0.0
8,12,withdrawals,,50000.0
8,12,availableCash,,4258.148028386291
8,12,cashBuffer,,150000.0
8,12,cashDepletion,,50000.0
8,12,shortfall,,0.0
8,12,cashReplenishment,,42033.274488986586
8,12,financialGainLoss,,42033.274488986586
8,13,ptf_bop,Cash,46291.42251737288
8,13,ptf_bop,Real Estate,136188.57902119897
8,13,ptf_bop,Precious Metals,34047.14475529974
8,13,ptf_bop,Bonds,204282.86853179842
8,13,ptf_bop,Crypto,34047.14475529974
8,13,ptf_bop,Stocks,272377.15804239793
8,13,ptf_eop,Cash,86236.54598045023
8,13,ptf_eop,Real Estate,135446.86352467354
8,13,ptf_eop,Precious Metals,33861.715881168384
8,13,ptf_eop,Bonds,203170.29528701035
8,13,ptf_eop,Crypto,33861.715881168384
8,13,ptf_eop,Stocks,270893.7270493471
8,13,ptf1,Cash,0.0
8,13,ptf1,Real Estate,136188.57902119897
8,13,ptf1,Precious Metals,34047.14475529974
8,13,ptf1,Bonds,200574.2910491713
8,13,ptf1,Crypto,34047.14475529974
8,13,ptf1,Stocks,272377.15804239793
8,13,ptf2,Cash,0.0
8,13,ptf2,Real Estate,135446.86352467354
8,13,ptf2,Precious Metals,33861.715881168384
8,13,ptf2,Bonds,203170.29528701035
8,13,ptf2,Crypto,33861.715881168384
8,13,ptf2,Stocks,270893.7270493471
8,13,ptf3,Cash,0.0
8,13,ptf3,Real Estate,152418.8102582433
8,13,ptf3,Precious Metals,31888.571096505035
8,13,ptf3,Bonds,209861.5560870833
8,13,ptf3,Crypto,35495.187306827735
8,13,ptf3,Stocks,333806.7388551586
8,13,ptf4,Cash,86236.54598045023
8,13,ptf4,Real Estate,152418.8102582433
8,13,ptf4,Precious Metals,31888.571096505035
8,13,ptf4,Bonds,123625.01010663307
8,13,ptf4,Crypto,35495.187306827735
8,13,ptf4,Stocks,333806.7388551586
8,13,ptf5,Cash,86236.54598045023
8,13,ptf5,Real Estate,135446.86352467354
8,13,ptf5,Precious Metals,33861.715881168384
8,13,ptf5,Bonds,203170.29528701035
8,13,ptf5,Crypto,33861.715881168384
8,13,ptf5,Stocks,270893.7270493471
8,13,returns,Cash,0.0
8,13,returns,Money Market,-0.017643967604705938
8,13,returns,Bonds,0.03293424755139756
8,13,returns,Stocks,0.23224240919521577
8,13,returns,Crypto,0.048239475855025346
8,13,returns,Precious Metals,-0.05827066742830604
8,13,returns,Real Estate,0.12530335728651315
8,13,contributions,,0.0
8,13,withdrawals,,50000.0
8,13,availableCash,,0.0
8,13,cashBuffer,,150000.0
8,13,cashDepletion,,46291.42251737288
8,13,shortfall,,3708.5774826271227
8,13,cashReplenishment,,86236.54598045023
8,13,financialGainLoss,,86236.54598045023
8,14,ptf_bop,Cash,86236.54598045023
8,14,ptf_bop,Real Estate,135446.86352467354
8,14,ptf_bop,Precious Metals,33861.715881168384
8,14,ptf_bop,Bonds,203170.29528701035
8,14,ptf_bop,Crypto,33861.715881168384
8,14,ptf_bop,Stocks,270893.7270493471
8,14,ptf_eop,Cash,109875.90197983861
8,14,ptf_eop,Real Estate,135446.86352467354
8,14,ptf_eop,Precious Metals,33861.715881168384
8,14,ptf_eop,Bonds,203170.29528701035
8,14,ptf_eop,Crypto,33861.715881168384
8,14,ptf_eop,Stocks,270893.7270493471
8,14,ptf1,Cash,36236.54598045023
8,14,ptf1,Real Estate,135446.86352467354
8,14,ptf1,Precious Metals,33861.715881168384
8,14,ptf1,Bonds,203170.29528701035
8,14,ptf1,Crypto,33861.715881168384
8,14,ptf1,Stocks,270893.7270493471
8,14,ptf2,Cash,36236.54598045023
8,14,ptf2,Real Estate,135446.86352467354
8,14,ptf2,Precious Metals,33861.715881168384
8,14,ptf2,Bonds,203170.2952870103
8,14,ptf2,Crypto,33861.715881168384
8,14,ptf2,Stocks,270893.7270493471
8,14,ptf3,Cash,36236.54598045023
8,14,ptf3,Real Estate,111752.51491421132
8,14,ptf3,Precious Metals,39216.44047152651
8,14,ptf3,Bonds,213177.19154025745
8,14,ptf3,Crypto,69649.91776455156
8,14,ptf3,Stocks,317077.60893220926
8,14,ptf4,Cash,109875.90197983861
8,14,ptf4,Real Estate,111752.51491421132
8,14,ptf4,Precious Metals,39216.44047152651
8,14,ptf4,Bonds,139537.83554086907
8,14,ptf4,Crypto,69649.91776455156
8,14,ptf4,Stocks,317077.60893220926
8,14,ptf5,Cash,109875.90197983861
8,14,ptf5,Real Estate,135446.86352467354
8,14,ptf5,Precious Metals,33861.715881168384
8,14,ptf5,Bonds,203170.29528701035
8,14,ptf5,Crypto,33861.715881168384
8,14,ptf5,Stocks,270893.7270493471
8,14,returns,Cash,0.0
8,14,returns,Money Market,-0.01710137303347286
8,14,returns,Bonds,0.049253736817731174
8,14,returns,Stocks,0.17048708504958904
8,14,returns,Crypto,1.0568927460432143
8,14,returns,Precious Metals,0.15813506347845974
8,14,returns,Real Estate,-0.17493464221964772
8,14,contributions,,0.0
8,14,withdrawals,,50000.0
8,14,availableCash,,36236.54598045023
8,14,cashBuffer,,150000.0
8,14,cashDepletion,,50000.0
8,14,shortfall,,0.0
8,14,cashReplenishment,,73639.35599938838
8,14,financialGainLoss,,73639.35599938838
8,15,ptf_bop,Cash,109875.90197983861
8,15,ptf_bop,Real Estate,135446.86352467354
8,15,ptf_bop,Precious Metals,33861.715881168384
8,15,ptf_bop,Bonds,203170.29528701035
8,15,ptf_bop,Crypto,33861.715881168384
8,15,ptf_bop,Stocks,270893.7270493471
8,15,ptf_eop,Cash,115786.65510338091
8,15,ptf_eop,Real Estate,135446.86352467354
8,15,ptf_eop,Precious Metals,33861.715881168384
8,15,ptf_eop,Bonds,203170.2952870103
8,15,ptf_eop,Crypto,33861.715881168384
8,15,ptf_eop,Stocks,270893.7270493471
8,15,ptf1,Cash,59875.901979838614
8,15,ptf1,Real Estate,135446.86352467354
8,15,ptf1,Precious Metals,33861.715881168384
8,15,ptf1,Bonds,203170.29528701035
8,15,ptf1,Crypto,33861.715881168384
8,15,ptf1,Stocks,270893.7270493471
8,15,ptf2,Cash,59875.901979838614
8,15,ptf2,Real Estate,135446.86352467354
8,15,ptf2,Precious Metals,33861.715881168384
8,15,ptf2,Bonds,203170.2952870103
8,15,ptf2,Crypto,33861.715881168384
8,15,ptf2,Stocks,270893.7270493471
8,15,ptf3,Cash,59875.901979838614
8,15,ptf3,Real Estate,123650.59000750017
8,15,ptf3,Precious Metals,32259.96583870898
8,15,ptf3,Bonds,223710.63547630067
8,15,ptf3,Crypto,35671.5053328628
8,15,ptf3,Stocks,317852.3740915373
8,15,ptf4,Cash,115786.65510338091
8,15,ptf4,Real Estate,123650.59000750017
8,15,ptf4,Precious Metals,32259.96583870898
8,15,ptf4,Bonds,167799.88235275837
8,15,ptf4,Crypto,35671.5053328628
8,15,ptf4,Stocks,317852.3740915373
8,15,ptf5,Cash,115786.65510338091
8,15,ptf5,Real Estate,135446.86352467354
8,15,ptf5,Precious Metals,33861.715881168384
8,15,ptf5,Bonds,203170.2952870103
8,15,ptf5,Crypto,33861.715881168384
8,15,ptf5,Stocks,270893.7270493471
8,15,returns,Cash,0.0
8,15,returns,Money Market,0.08579657775213612
8,15,returns,Bonds,0.10109913046232405
8,15,returns,Stocks,0.17334711864197622
8,15,returns,Crypto,0.053446477964836266
8,15,returns,Precious Metals,-0.04730268389471037
8,15,returns,Real Estate,-0.08709152216746986
8,15,contributions,,0.0
8,15,withdrawals,,50000.0
8,15,availableCash,,59875.901979838614
8,15,cashBuffer,,150000.0
8,15,cashDepletion,,50000.0
8,15,shortfall,,0.0
8,15,cashReplenishment,,55910.753123542294
8,15,financialGainLoss,,55910.753123542294
8,16,ptf_bop,Cash,115786.65510338091
8,16,ptf_bop,Real Estate,135446.86352467354
8,16,ptf_bop,Precious Metals,33861.715881168384
8,16,ptf_bop,Bonds,203170.2952870103
8,16,ptf_bop,Crypto,33861.715881168384
8,16,ptf_bop,Stocks,270893.7270493471
8,16,ptf_eop,Cash,87090.5955212434
8,16,ptf_eop,Real Estate,135446.86352467354
8,16,ptf_eop,Precious Metals,33861.715881168384
8,16,ptf_eop,Bonds,203170.29528701035
8,16,ptf_eop,Crypto,33861.715881168384
8,16,ptf_eop,Stocks,270893.7270493471
8,16,ptf1,Cash,65786.65510338091
8,16,ptf1,Real Estate,135446.86352467354
8,16,ptf1,Precious Metals,33861.715881168384
8,16,ptf1,Bonds,203170.2952870103
8,16,ptf1,Crypto,33861.715881168384
8,16,ptf1,Stocks,270893.7270493471
8,16,ptf2,Cash,65786.65510338091
8,16,ptf2,Real Estate,135446.86352467354
8,16,ptf2,Precious Metals,33861.715881168384
8,16,ptf2,Bonds,203170.2952870103
8,16,ptf2,Crypto,33861.715881168384
8,16,ptf2,Stocks,270893.7270493471
8,16,ptf3,Cash,65786.65510338091
8,16,ptf3,Real Estate,150119.51705733966
8,16,ptf3,Precious Metals,37217.44274565319
8,16,ptf3,Bonds,206967.48587396092
8,16,ptf3,Crypto,28520.590124169787
8,16,ptf3,Stocks,275713.2222401066
8,16,ptf4,Cash,87090.5955212434
8,16,ptf4,Real Estate,150119.51705733966
8,16,ptf4,Precious Metals,37217.44274565319
8,16,ptf4,Bonds,185663.54545609842
8,16,ptf4,Crypto,28520.590124169787
8,16,ptf4,Stocks,275713.2222401066
8,16,ptf5,Cash,87090.5955212434
8,16,ptf5,Real Estate,135446.86352467354
8,16,ptf5,Precious Metals,33861.715881168384
8,16,ptf5,Bonds,203170.29528701035
8,16,ptf5,Crypto,33861.715881168384
8,16,ptf5,Stocks,270893.7270493471
8,16,returns,Cash,0.0
8,16,returns,Money Market,-0.005133936999859541
8,16,returns,Bonds,0.01868969369555967
8,16,returns,Stocks,0.017791091891476808
8,16,returns,Crypto,-0.1577334644157525
8,16,returns,Precious Metals,0.09910091019194434
8,16,returns,Real Estate,0.10832774676981206
8,16,contributions,,0.0
8,16,withdrawals,,50000.0
8,16,availableCash,,65786.65510338091
8,16,cashBuffer,,150000.0
8,16,cashDepletion,,50000.0
8,16,shortfall,,0.0
8,16,cashReplenishment,,21303.940417862497
8,16,financialGainLoss,,21303.940417862497
8,17,ptf_bop,Cash,87090.5955212434
8,17,ptf_bop,Real Estate,135446.86352467354
8,17,ptf_bop,Precious Metals,33861.715881168384
8,17,ptf_bop,Bonds,203170.29528701035
8,17,ptf_bop,Crypto,33861.715881168384
8,17,ptf_bop,Stocks,270893.7270493471
8,17,ptf_eop,Cash,37090.595521243406
8,17,ptf_eop,Real Estate,141462.81276031342
8,17,ptf_eop,Precious Metals,44447.25405900052
8,17,ptf_eop,Bonds,240663.01676505743
8,17,ptf_eop,Crypto,28980.398082874348
8,17,ptf_eop,Stocks,214755.1465068455
8,17,ptf1,Cash,37090.595521243406
8,17,ptf1,Real Estate,135446.86352467354
8,17,ptf1,Precious Metals,33861.715881168384
8,17,ptf1,Bonds,203170.29528701035
8,17,ptf1,Crypto,33861.715881168384
8,17,ptf1,Stocks,270893.7270493471
8,17,ptf2,Cash,37090.595521243406
8,17,ptf2,Real Estate,135446.86352467354
8,17,ptf2,Precious Metals,33861.715881168384
8,17,ptf2,Bonds,203170.2952870103
8,17,ptf2,Crypto,33861.715881168384
8,17,ptf2,Stocks,270893.7270493471
8,17,ptf3,Cash,37090.595521243406
8,17,ptf3,Real Estate,141462.81276031342
8,17,ptf3,Precious Metals,44447.25405900052
8,17,ptf3,Bonds,240663.01676505743
8,17,ptf3,Crypto,28980.398082874348
8,17,ptf3,Stocks,214755.1465068455
8,17,ptf4,Cash,37090.595521243406
8,17,ptf4,Real Estate,141462.81276031342
8,17,ptf4,Precious Metals,44447.25405900052
8,17,ptf4,Bonds,240663.01676505743
8,17,ptf4,Crypto,28980.398082874348
8,17,ptf4,Stocks,214755.1465068455
8,17,ptf5,Cash,37090.595521243406
8,17,ptf5,Real Estate,141462.81276031342
8,17,ptf5,Precious Metals,44447.25405900052
8,17,ptf5,Bonds,240663.01676505743
8,17,ptf5,Crypto,28980.398082874348
8,17,ptf5,Stocks,214755.1465068455
8,17,returns,Cash,0.0
8,17,returns,Money Market,0.06608704661417893
8,17,returns,Bonds,0.1845384012711245
8,17,returns,Stocks,-0.2072347010540969
8,17,returns,Crypto,-0.14415447272146942
8,17,returns,Precious Metals,0.3126108025647662
8,17,returns,Real Estate,0.044415566954372536
8,17,contributions,,0.0
8,17,withdrawals,,50000.0
8,17,availableCash,,37090.595521243406
8,17,cashBuffer,,150000.0
8,17,cashDepletion,,50000.0
8,17,shortfall,,0.0
8,17,cashReplenishment,,0
8,17,financialGainLoss,,-6925.689449276426
8,18,ptf_bop,Cash,37090.595521243406
8,18,ptf_bop,Real Estate,141462.81276031342
8,18,ptf_bop,Precious Metals,44447.25405900052
8,18,ptf_bop,Bonds,240663.01676505743
8,18,ptf_bop,Crypto,28980.398082874348
8,18,ptf_bop,Stocks,214755.1465068455
8,18,ptf_eop,Cash,53514.365477741
8,18,ptf_eop,Real Estate,131479.844739067
8,18,ptf_eop,Precious Metals,32869.96118476675
8,18,ptf_eop,Bonds,197219.76710860047
8,18,ptf_eop,Crypto,32869.96118476675
8,18,ptf_eop,Stocks,262959.689478134
8,18,ptf1,Cash,0.0
8,18,ptf1,Real Estate,141462.81276031342
8,18,ptf1,Precious Metals,44447.25405900052
8,18,ptf1,Bonds,227753.61228630083
8,18,ptf1,Crypto,28980.398082874348
8,18,ptf1,Stocks,214755.1465068455
8,18,ptf2,Cash,0.0
8,18,ptf2,Real Estate,131479.84473906693
8,18,ptf2,Precious Metals,32869.96118476673
8,18,ptf2,Bonds,197219.7671086004
8,18,ptf2,Crypto,32869.96118476673
8,18,ptf2,Stocks,262959.68947813386
8,18,ptf3,Cash,0.0
8,18,ptf3,Real Estate,121821.77968934458
8,18,ptf3,Precious Metals,27983.931572930807
8,18,ptf3,Bonds,204387.13882007188
8,18,ptf3,Crypto,2724.1399745393555
8,18,ptf3,Stocks,353996.5991161892
8,18,ptf4,Cash,53514.365477741
8,18,ptf4,Real Estate,121821.77968934458
8,18,ptf4,Precious Metals,27983.931572930807
8,18,ptf4,Bonds,150872.77334233088
8,18,ptf4,Crypto,2724.1399745393555
8,18,ptf4,Stocks,353996.5991161892
8,18,ptf5,Cash,53514.365477741
8,18,ptf5,Real Estate,131479.844739067
8,18,ptf5,Precious Metals,32869.96118476675
8,18,ptf5,Bonds,197219.76710860047
8,18,ptf5,Crypto,32869.96118476675
8,18,ptf5,Stocks,262959.689478134
8,18,returns,Cash,0.0
8,18,returns,Money Market,-0.010622041728259786
8,18,returns,Bonds,0.036342055446829086
8,18,returns,Stocks,0.3462010082941832
8,18,returns,Crypto,-0.9171237240218637
8,18,returns,Precious Metals,-0.1486472583393347
8,18,returns,Real Estate,-0.07345662043402633
8,18,contributions,,0.0
8,18,withdrawals,,50000.0
8,18,availableCash,,0.0
8,18,cashBuffer,,150000.0
8,18,cashDepletion,,37090.595521243406
8,18,shortfall,,12909.404478756594
8,18,cashReplenishment,,53514.365477741
8,18,financialGainLoss,,53514.365477741
8,19,ptf_bop,Cash,53514.365477741
8,19,ptf_bop,Real Estate,131479.844739067
8,19,ptf_bop,Precious Metals,32869.96118476675
8,19,ptf_bop,Bonds,197219.76710860047
8,19,ptf_bop,Crypto,32869.96118476675
8,19,ptf_bop,Stocks,262959.689478134
8,19,ptf_eop,Cash,37419.84121059952
8,19,ptf_eop,Real Estate,131479.844739067
8,19,ptf_eop,Precious Metals,32869.96118476675
8,19,ptf_eop,Bonds,197219.76710860047
8,19,ptf_eop,Crypto,32869.96118476675
8,19,ptf_eop,Stocks,262959.689478134
8,19,ptf1,Cash,3514.3654777409974
8,19,ptf1,Real Estate,131479.844739067
8,19,ptf1,Precious Metals,32869.96118476675
8,19,ptf1,Bonds,197219.76710860047
8,19,ptf1,Crypto,32869.96118476675
8,19,ptf1,Stocks,262959.689478134
8,19,ptf2,Cash,3514.3654777409974
8,19,ptf2,Real Estate,131479.844739067
8,19,ptf2,Precious Metals,32869.96118476675
8,19,ptf2,Bonds,197219.7671086005
8,19,ptf2,Crypto,32869.96118476675
8,19,ptf2,Stocks,262959.689478134
8,19,ptf3,Cash,3514.3654777409974
8,19,ptf3,Real Estate,146568.4398185942
8,19,ptf3,Precious Metals,23201.209797514104
8,19,ptf3,Bonds,212288.84607133965
8,19,ptf3,Crypto,31676.894079562517
8,19,ptf3,Stocks,277569.309661183
8,19,ptf4,Cash,37419.84121059952
8,19,ptf4,Real Estate,146568.4398185942
8,19,ptf4,Precious Metals,23201.209797514104
8,19,ptf4,Bonds,178383.37033848112
8,19,ptf4,Crypto,31676.894079562517
8,19,ptf4,Stocks,277569.309661183
8,19,ptf5,Cash,37419.84121059952
8,19,ptf5,Real Estate,131479.844739067
8,19,ptf5,Precious Metals,32869.96118476675
8,19,ptf5,Bonds,197219.76710860047
8,19,ptf5,Crypto,32869.96118476675
8,19,ptf5,Stocks,262959.689478134
8,19,returns,Cash,0.0
8,19,returns,Money Market,-0.03041778330254684
8,19,returns,Bonds,0.07640754871412693
8,19,returns,Stocks,0.055558402171994675
8,19,returns,Crypto,-0.03629657785410302
8,19,returns,Precious Metals,-0.294151591263014
8,19,returns,Real Estate,0.11475975735651196
8,19,contributions,,0.0
8,19,withdrawals,,50000.0
8,19,availableCash,,3514.3654777409974
8,19,cashBuffer,,150000.0
8,19,cashDepletion,,50000.0
8,19,shortfall,,0.0
8,19,cashReplenishment,,33905.475732858526
8,19,financialGainLoss,,33905.475732858526
8,20,ptf_bop,Cash,37419.84121059952
8,20,ptf_bop,Real Estate,131479.844739067
8,20,ptf_bop,Precious Metals,32869.96118476675
8,20,ptf_bop,Bonds,197219.76710860047
8,20,ptf_bop,Crypto,32869.96118476675
8,20,ptf_bop,Stocks,262959.689478134
8,20,ptf_eop,Cash,44613.24151149928
8,20,ptf_eop,Real Estate,128963.81298118689
8,20,ptf_eop,Precious Metals,32240.95324529672
8,20,ptf_eop,Bonds,193445.71947178032
8,20,ptf_eop,Crypto,32240.95324529672
8,20,ptf_eop,Stocks,257927.62596237377
8,20,ptf1,Cash,0.0
8,20,ptf1,Real Estate,131479.844739067
8,20,ptf1,Precious Metals,32869.96118476675
8,20,ptf1,Bonds,184639.6083192
8,20,ptf1,Crypto,32869.96118476675
8,20,ptf1,Stocks,262959.689478134
8,20,ptf2,Cash,0.0
8,20,ptf2,Real Estate,128963.81298118689
8,20,ptf2,Precious Metals,32240.95324529672
8,20,ptf2,Bonds,193445.71947178032
8,20,ptf2,Crypto,32240.95324529672
8,20,ptf2,Stocks,257927.62596237377
8,20,ptf3,Cash,0.0
8,20,ptf3,Real Estate,149681.5372192278
8,20,ptf3,Precious Metals,27807.033756866498
8,20,ptf3,Bonds,209555.85631119393
8,20,ptf3,Crypto,13332.282914275242
8,20,ptf3,Stocks,289055.5962158702
8,20,ptf4,Cash,44613.24151149928
8,20,ptf4,Real Estate,149681.5372192278
8,20,ptf4,Precious Metals,27807.033756866498
8,20,ptf4,Bonds,164942.61479969465
8,20,ptf4,Crypto,13332.282914275242
8,20,ptf4,Stocks,289055.5962158702
8,20,ptf5,Cash,44613.24151149928
8,20,ptf5,Real Estate,128963.81298118689
8,20,ptf5,Precious Metals,32240.95324529672
8,20,ptf5,Bonds,193445.71947178032
8,20,ptf5,Crypto,32240.95324529672
8,20,ptf5,Stocks,257927.62596237377
8,20,returns,Cash,0.0
8,20,returns,Money Market,0.029017540587835275
8,20,returns,Bonds,0.08327988276713333
8,20,returns,Stocks,0.1206849019656287
8,20,returns,Crypto,-0.586479878158685
8,20,returns,Precious Metals,-0.13752445390481874
8,20,returns,Real Estate,0.16064757825563963
8,20,contributions,,0.0
8,20,withdrawals,,50000.0
8,20,availableCash,,0.0
8,20,cashBuffer,,150000.0
8,20,cashDepletion,,37419.84121059952
8,20,shortfall,,12580.158789400477
8,20,cashReplenishment,,44613.24151149928
8,20,financialGainLoss,,44613.24151149928
9,1,ptf_bop,Cash,150000.0
9,1,ptf_bop,Real Estate,170000.0
9,1,ptf_bop,Precious Metals,42500.0
9,1,ptf_bop,Bonds,255000.0
9,1,ptf_bop,Crypto,42500.0
9,1,ptf_bop,Stocks,340000.0
9,1,ptf_eop,Cash,150000.0
9,1,ptf_eop,Real Estate,185650.4933742283
9,1,ptf_eop,Precious Metals,46412.623343557076
9,1,ptf_eop,Bonds,278475.7400613424
9,1,ptf_eop,Crypto,46412.623343557076
9,1,ptf_eop,Stocks,371300.9867484566
9,1,ptf1,Cash,100000.0
9,1,ptf1,Real Estate,170000.0
9,1,ptf1,Precious Metals,42500.0
9,1,ptf1,Bonds,255000.0
9,1,ptf1,Crypto,42500.0
9,1,ptf1,Stocks,340000.0
9,1,ptf2,Cash,100000.0
9,1,ptf2,Real Estate,170000.0
9,1,ptf2,Precious Metals,42500.0
9,1,ptf2,Bonds,255000.0
9,1,ptf2,Crypto,42500.0
9,1,ptf2,Stocks,340000.0
9,1,ptf3,Cash,100000.0
9,1,ptf3,Real Estate,180455.9317763929
9,1,ptf3,Precious Metals,37897.866452063434
9,1,ptf3,Bonds,274541.4387255848
9,1,ptf3,Crypto,52037.77196484201
9,1,ptf3,Stocks,433319.4579522582
9,1,ptf4,Cash,150000.0
9,1,ptf4,Real Estate,180455.9317763929
9,1,ptf4,Precious Metals,37897.866452063434
9,1,ptf4,Bonds,224541.43872558483
9,1,ptf4,Crypto,52037.77196484201
9,1,ptf4,Stocks,433319.4579522582
9,1,ptf5,Cash,150000.0
9,1,ptf5,Real Estate,185650.4933742283
9,1,ptf5,Precious Metals,46412.623343557076
9,1,ptf5,Bonds,278475.7400613424
9,1,ptf5,Crypto,46412.623343557076
9,1,ptf5,Stocks,371300.9867484566
9,1,returns,Cash,0.0
9,1,returns,Money Market,0.04283375918870523
9,1,returns,Bonds,0.0766330930415091
9,1,returns,Stocks,0.27446899397723
9,1,returns,Crypto,0.22441816387863545
9,1,returns,Precious Metals,-0.10828549524556623
9,1,returns,Real Estate,0.06150548103760544
9,1,contributions,,0.0
9,1,withdrawals,,50000.0
9,1,availableCash,,100000.0
9,1,cashBuffer,,150000.0
9,1,cashDepletion,,50000.0
9,1,shortfall,,0.0
9,1,cashReplenishment,,50000.0
9,1,financialGainLoss,,128252.46687114146
9,2,ptf_bop,Cash,150000.0
9,2,ptf_bop,Real Estate,185650.4933742283
9,2,ptf_bop,Precious Metals,46412.623343557076
9,2,ptf_bop,Bonds,278475.7400613424
9,2,ptf_bop,Crypto,46412.623343557076
9,2,ptf_bop,Stocks,371300.9867484566
9,2,ptf_eop,Cash,150000.0
9,2,ptf_eop,Real Estate,212334.16934571593
9,2,ptf_eop,Precious Metals,53083.54233642898
9,2,ptf_eop,Bonds,318501.25401857385
9,2,ptf_eop,Crypto,53083.54233642898
9,2,ptf_eop,Stocks,424668.33869143185
9,2,ptf1,Cash,100000.0
9,2,ptf1,Real Estate,185650.4933742283
9,2,ptf1,Precious Metals,46412.623343557076
9,2,ptf1,Bonds,278475.7400613424
9,2,ptf1,Crypto,46412.623343557076
9,2,ptf1,Stocks,371300.9867484566
9,2,ptf2,Cash,100000.0
9,2,ptf2,Real Estate,185650.4933742283
9,2,ptf2,Precious Metals,46412.623343557076
9,2,ptf2,Bonds,278475.7400613424
9,2,ptf2,Crypto,46412.623343557076
9,2,ptf2,Stocks,371300.9867484566
9,2,ptf3,Cash,100000.0
9,2,ptf3,Real Estate,222750.257171665
9,2,ptf3,Precious Metals,45504.537199314706
9,2,ptf3,Bonds,319413.161279611
9,2,ptf3,Crypto,16868.46250141653
9,2,ptf3,Stocks,507134.42857657233
9,2,ptf4,Cash,150000.0
9,2,ptf4,Real Estate,222750.257171665
9,2,ptf4,Precious Metals,45504.537199314706
9,2,ptf4,Bonds,269413.161279611
9,2,ptf4,Crypto,16868.46250141653
9,2,ptf4,Stocks,507134.42857657233
9,2,ptf5,Cash,150000.0
9,2,ptf5,Real Estate,212334.16934571593
9,2,ptf5,Precious Metals,53083.54233642898
9,2,ptf5,Bonds,318501.25401857385
9,2,ptf5,Crypto,53083.54233642898
9,2,ptf5,Stocks,424668.33869143185
9,2,returns,Cash,0.0
9,2,returns,Money Market,0.01053873912322846
9,2,returns,Bonds,0.14700534132434998
9,2,returns,Stocks,0.3658310822646376
9,2,returns,Crypto,-0.6365544266577601
9,2,returns,Precious Metals,-0.019565499185868095
9,2,returns,Real Estate,0.1998366022257327
9,2,contributions,,0.0
9,2,withdrawals,,50000.0
9,2,availableCash,,100000.0
9,2,cashBuffer,,150000.0
9,2,cashDepletion,,50000.0
9,2,shortfall,,0.0
9,2,cashReplenishment,,50000.0
9,2,financialGainLoss,,183418.37985743803
9,3,ptf_bop,Cash,150000.0
9,3,ptf_bop,Real Estate,212334.16934571593
9,3,ptf_bop,Precious Metals,53083.54233642898
9,3,ptf_bop,Bonds,318501.25401857385
9,3,ptf_bop,Crypto,53083.54233642898
9,3,ptf_bop,Stocks,424668.33869143185
9,3,ptf_eop,Cash,137386.07681679074
9,3,ptf_eop,Real Estate,212334.16934571593
9,3,ptf_eop,Precious Metals,53083.54233642898
9,3,ptf_eop,Bonds,318501.25401857385
9,3,ptf_eop,Crypto,53083.54233642898
9,3,ptf_eop,Stocks,424668.33869143185
9,3,ptf1,Cash,100000.0
9,3,ptf1,Real Estate,212334.16934571593
9,3,ptf1,Precious Metals,53083.54233642898
9,3,ptf1,Bonds,318501.25401857385
9,3,ptf1,Crypto,53083.54233642898
9,3,ptf1,Stocks,424668.33869143185
9,3,ptf2,Cash,100000.0
9,3,ptf2,Real Estate,212334.16934571593
9,3,ptf2,Precious Metals,53083.54233642898
9,3,ptf2,Bonds,318501.25401857385
9,3,ptf2,Crypto,53083.54233642898
9,3,ptf2,Stocks,424668.33869143185
9,3,ptf3,Cash,100000.0
9,3,ptf3,Real Estate,244043.0107826287
9,3,ptf3,Precious Metals,40080.52226417968
9,3,ptf3,Bonds,334199.11942561466
9,3,ptf3,Crypto,85874.37708412587
9,3,ptf3,Stocks,394859.8939888215
9,3,ptf4,Cash,137386.07681679074
9,3,ptf4,Real Estate,244043.0107826287
9,3,ptf4,Precious Metals,40080.52226417968
9,3,ptf4,Bonds,296813.0426088239
9,3,ptf4,Crypto,85874.37708412587
9,3,ptf4,Stocks,394859.8939888215
9,3,ptf5,Cash,137386.07681679074
9,3,ptf5,Real Estate,212334.16934571593
9,3,ptf5,Precious Metals,53083.54233642898
9,3,ptf5,Bonds,318501.25401857385
9,3,ptf5,Crypto,53083.54233642898
9,3,ptf5,Stocks,424668.33869143185
9,3,returns,Cash,0.0
9,3,returns,Money Market,-0.03203051849226723
9,3,returns,Bonds,0.049286667505947464
9,3,returns,Stocks,-0.07019229357776408
9,3,returns,Crypto,0.6177212993789589
9,3,returns,Precious Metals,-0.24495388777636046
9,3,returns,Real Estate,0.14933461502979034
9,3,contributions,,0.0
9,3,withdrawals,,50000.0
9,3,availableCash,,100000.0
9,3,cashBuffer,,150000.0
9,3,cashDepletion,,50000.0
9,3,shortfall,,0.0
9,3,cashReplenishment,,37386.07681679074
9,3,financialGainLoss,,37386.07681679074
9,4,ptf_bop,Cash,137386.07681679074
9,4,ptf_bop,Real Estate,212334.16934571593
9,4,ptf_bop,Precious Metals,53083.54233642898
9,4,ptf_bop,Bonds,318501.25401857385
9,4,ptf_bop,Crypto,53083.54233642898
9,4,ptf_bop,Stocks,424668.33869143185
9,4,ptf_eop,Cash,150000.0
9,4,ptf_eop,Real Estate,223518.13861999605
9,4,ptf_eop,Precious Metals,55879.53465499901
9,4,ptf_eop,Bonds,335277.2079299941
9,4,ptf_eop,Crypto,55879.53465499901
9,4,ptf_eop,Stocks,447036.2772399921
9,4,ptf1,Cash,87386.07681679074
9,4,ptf1,Real Estate,212334.16934571593
9,4,ptf1,Precious Metals,53083.54233642898
9,4,ptf1,Bonds,318501.25401857385
9,4,ptf1,Crypto,53083.54233642898
9,4,ptf1,Stocks,424668.33869143185
9,4,ptf2,Cash,87386.07681679074
9,4,ptf2,Real Estate,212334.16934571593
9,4,ptf2,Precious Metals,53083.54233642898
9,4,ptf2,Bonds,318501.25401857385
9,4,ptf2,Crypto,53083.54233642898
9,4,ptf2,Stocks,424668.33869143185
9,4,ptf3,Cash,87386.07681679074
9,4,ptf3,Real Estate,215348.01630653665
9,4,ptf3,Precious Metals,49062.61794658752
9,4,ptf3,Bonds,337304.64103431464
9,4,ptf3,Crypto,60665.33573686627
9,4,ptf3,Stocks,517824.00525888446
9,4,ptf4,Cash,150000.0
9,4,ptf4,Real Estate,215348.01630653665
9,4,ptf4,Precious Metals,49062.61794658752
9,4,ptf4,Bonds,274690.7178511054
9,4,ptf4,Crypto,60665.33573686627
9,4,ptf4,Stocks,517824.00525888446
9,4,ptf5,Cash,150000.0
9,4,ptf5,Real Estate,223518.13861999605
9,4,ptf5,Precious Metals,55879.53465499901
9,4,ptf5,Bonds,335277.2079299941
9,4,ptf5,Crypto,55879.53465499901
9,4,ptf5,Stocks,447036.2772399921
9,4,returns,Cash,0.0
9,4,returns,Money Market,0.07899558379568565
9,4,returns,Bonds,0.05903708942585275
9,4,returns,Stocks,0.21936098851753663
9,4,returns,Crypto,0.14282757078240857
9,4,returns,Precious Metals,-0.07574710000244415
9,4,returns,Real Estate,0.014193885845634534
9,4,contributions,,0.0
9,4,withdrawals,,50000.0
9,4,availableCash,,87386.07681679074
9,4,cashBuffer,,150000.0
9,4,cashDepletion,,50000.0
9,4,shortfall,,0.0
9,4,cashReplenishment,,62613.92318320926
9,4,financialGainLoss,,118533.7695546099
9,5,ptf_bop,Cash,150000.0
9,5,ptf_bop,Real Estate,223518.13861999605
9,5,ptf_bop,Precious Metals,55879.53465499901
9,5,ptf_bop,Bonds,335277.2079299941
9,5,ptf_bop,Crypto,55879.53465499901
9,5,ptf_bop,Stocks,447036.2772399921
9,5,ptf_eop,Cash,150000.0
9,5,ptf_eop,Real Estate,249764.47342324615
9,5,ptf_eop,Precious Metals,62441.11835581154
9,5,ptf_eop,Bonds,374646.7101348692
9,5,ptf_eop,Crypto,62441.11835581154
9,5,ptf_eop,Stocks,499528.9468464923
9,5,ptf1,Cash,100000.0
9,5,ptf1,Real Estate,223518.13861999605
9,5,ptf1,Precious Metals,55879.53465499901
9,5,ptf1,Bonds,335277.2079299941
9,5,ptf1,Crypto,55879.53465499901
9,5,ptf1,Stocks,447036.2772399921
9,5,ptf2,Cash,100000.0
9,5,ptf2,Real Estate,223518.13861999608
9,5,ptf2,Precious Metals,55879.53465499902
9,5,ptf2,Bonds,335277.20792999415
9,5,ptf2,Crypto,55879.53465499902
9,5,ptf2,Stocks,447036.27723999217
9,5,ptf3,Cash,100000.0
9,5,ptf3,Real Estate,225582.80328648735
9,5,ptf3,Precious Metals,65768.57766379576
9,5,ptf3,Bonds,366968.0599231384
9,5,ptf3,Crypto,55312.59262463252
9,5,ptf3,Stocks,585190.3336181766
9,5,ptf4,Cash,150000.0
9,5,ptf4,Real Estate,225582.80328648735
9,5,ptf4,Precious Metals,65768.57766379576
9,5,ptf4,Bonds,316968.0599231384
9,5,ptf4,Crypto,55312.59262463252
9,5,ptf4,Stocks,585190.3336181766
9,5,ptf5,Cash,150000.0
9,5,ptf5,Real Estate,249764.47342324615
9,5,ptf5,Precious Metals,62441.11835581154
9,5,ptf5,Bonds,374646.7101348692
9,5,ptf5,Crypto,62441.11835581154
9,5,ptf5,Stocks,499528.9468464923
9,5,returns,Cash,0.0
9,5,returns,Money Market,-0.005952852216335838
9,5,returns,Bonds,0.09452134306654492
9,5,returns,Stocks,0.30904439619788676
9,5,returns,Crypto,-0.010145790115590749
9,5,returns,Precious Metals,0.17697074733803383
9,5,returns,Real Estate,0.009237123569650839
9,5,contributions,,0.0
9,5,withdrawals,,50000.0
9,5,availableCash,,100000.0
9,5,cashBuffer,,150000.0
9,5,cashDepletion,,50000.0
9,5,shortfall,,0.0
9,5,cashReplenishment,,50000.0
9,5,financialGainLoss,,181231.67401625006
9,6,ptf_bop,Cash,150000.0
9,6,ptf_bop,Real Estate,249764.47342324615
9,6,ptf_bop,Precious Metals,62441.11835581154
9,6,ptf_bop,Bonds,374646.7101348692
9,6,ptf_bop,Crypto,62441.11835581154
9,6,ptf_bop,Stocks,499528.9468464923
9,6,ptf_eop,Cash,150000.0
9,6,ptf_eop,Real Estate,321430.6278333957
9,6,ptf_eop,Precious Metals,80357.65695834892
9,6,ptf_eop,Bonds,482145.94175009354
9,6,ptf_eop,Crypto,80357.65695834892
9,6,ptf_eop,Stocks,642861.2556667913
9,6,ptf1,Cash,100000.0
9,6,ptf1,Real Estate,249764.47342324615
9,6,ptf1,Precious Metals,62441.11835581154
9,6,ptf1,Bonds,374646.7101348692
9,6,ptf1,Crypto,62441.11835581154
9,6,ptf1,Stocks,499528.9468464923
9,6,ptf2,Cash,100000.0
9,6,ptf2,Real Estate,249764.47342324615
9,6,ptf2,Precious Metals,62441.11835581154
9,6,ptf2,Bonds,374646.7101348692
9,6,ptf2,Crypto,62441.11835581154
9,6,ptf2,Stocks,499528.9468464923
9,6,ptf3,Cash,100000.0
9,6,ptf3,Real Estate,296159.56605072884
9,6,ptf3,Precious Metals,76141.0677808149
9,6,ptf3,Bonds,355639.6367409662
9,6,ptf3,Crypto,110114.81865337933
9,6,ptf3,Stocks,819098.0499410894
9,6,ptf4,Cash,150000.0
9,6,ptf4,Real Estate,296159.56605072884
9,6,ptf4,Precious Metals,76141.0677808149
9,6,ptf4,Bonds,305639.6367409662
9,6,ptf4,Crypto,110114.81865337933
9,6,ptf4,Stocks,819098.0499410894
9,6,ptf5,Cash,150000.0
9,6,ptf5,Real Estate,321430.6278333957
9,6,ptf5,Precious Metals,80357.65695834892
9,6,ptf5,Bonds,482145.94175009354
9,6,ptf5,Crypto,80357.65695834892
9,6,ptf5,Stocks,642861.2556667913
9,6,returns,Cash,0.0
9,6,returns,Money Market,0.024630056398329624
9,6,returns,Bonds,-0.050733325236088866
9,6,returns,Stocks,0.6397409101354884
9,6,returns,Crypto,0.7634985015147586
9,6,returns,Precious Metals,0.21940589447703684
9,6,returns,Real Estate,0.18575537181728183
9,6,contributions,,0.0
9,6,withdrawals,,50000.0
9,6,availableCash,,100000.0
9,6,cashBuffer,,150000.0
9,6,cashDepletion,,50000.0
9,6,shortfall,,0.0
9,6,cashReplenishment,,50000.0
9,6,financialGainLoss,,408330.7720507479
9,7,ptf_bop,Cash,150000.0
9,7,ptf_bop,Real Estate,321430.6278333957
9,7,ptf_bop,Precious Metals,80357.65695834892
9,7,ptf_bop,Bonds,482145.94175009354
9,7,ptf_bop,Crypto,80357.65695834892
9,7,ptf_bop,Stocks,642861.2556667913
9,7,ptf_eop,Cash,100000.0
9,7,ptf_eop,Real Estate,302326.6152684
9,7,ptf_eop,Precious Metals,71727.08856341307
9,7,ptf_eop,Bonds,541888.4813327222
9,7,ptf_eop,Crypto,74104.07779034368
9,7,ptf_eop,Stocks,576504.4207290862
9,7,ptf1,Cash,100000.0
9,7,ptf1,Real Estate,321430.6278333957
9,7,ptf1,Precious Metals,80357.65695834892
9,7,ptf1,Bonds,482145.94175009354
9,7,ptf1,Crypto,80357.65695834892
9,7,ptf1,Stocks,642861.2556667913
9,7,ptf2,Cash,100000.0
9,7,ptf2,Real Estate,321430.6278333956
9,7,ptf2,Precious Metals,80357.6569583489
9,7,ptf2,Bonds,482145.9417500935
9,7,ptf2,Crypto,80357.6569583489
9,7,ptf2,Stocks,642861.2556667912
9,7,ptf3,Cash,100000.0
9,7,ptf3,Real Estate,302326.6152684
9,7,ptf3,Precious Metals,71727.08856341307
9,7,ptf3,Bonds,541888.4813327222
9,7,ptf3,Crypto,74104.07779034368
9,7,ptf3,Stocks,576504.4207290862
9,7,ptf4,Cash,100000.0
9,7,ptf4,Real Estate,302326.6152684
9,7,ptf4,Precious Metals,71727.08856341307
9,7,ptf4,Bonds,541888.4813327222
9,7,ptf4,Crypto,74104.07779034368
9,7,ptf4,Stocks,576504.4207290862
9,7,ptf5,Cash,100000.0
9,7,ptf5,Real Estate,302326.6152684
9,7,ptf5,Precious Metals,71727.08856341307
9,7,ptf5,Bonds,541888.4813327222
9,7,ptf5,Crypto,74104.07779034368
9,7,ptf5,Stocks,576504.4207290862
9,7,returns,Cash,0.0
9,7,returns,Money Market,0.00980816322811505
9,7,returns,Bonds,0.12390965973036148
9,7,returns,Stocks,-0.10322108285850592
9,7,returns,Crypto,-0.07782182065421077
9,7,returns,Precious Metals,-0.10740194178893547
9,7,returns,Real Estate,-0.05943432551454809
9,7,contributions,,0.0
9,7,withdrawals,,50000.0
9,7,availableCash,,100000.0
9,7,cashBuffer,,150000.0
9,7,cashDepletion,,50000.0
9,7,shortfall,,0.0
9,7,cashReplenishment,,0
9,7,financialGainLoss,,-40602.45548301283
9,8,ptf_bop,Cash,100000.0
9,8,ptf_bop,Real Estate,302326.6152684
9,8,ptf_bop,Precious Metals,71727.08856341307
9,8,ptf_bop,Bonds,541888.4813327222
9,8,ptf_bop,Crypto,74104.07779034368
9,8,ptf_bop,Stocks,576504.4207290862
9,8,ptf_eop,Cash,50000.0
9,8,ptf_eop,Real Estate,297981.7095392234
9,8,ptf_eop,Precious Metals,72407.72267069033
9,8,ptf_eop,Bonds,495679.81872837176
9,8,ptf_eop,Crypto,92284.19217111883
9,8,ptf_eop,Stocks,517757.0489257634
9,8,ptf1,Cash,50000.0
9,8,ptf1,Real Estate,302326.6152684
9,8,ptf1,Precious Metals,71727.08856341307
9,8,ptf1,Bonds,541888.4813327222
9,8,ptf1,Crypto,74104.07779034368
9,8,ptf1,Stocks,576504.4207290862
9,8,ptf2,Cash,50000.0
9,8,ptf2,Real Estate,313310.13673679304
9,8,ptf2,Precious Metals,78327.53418419826
9,8,ptf2,Bonds,469965.2051051895
9,8,ptf2,Crypto,78327.53418419826
9,8,ptf2,Stocks,626620.2734735861
9,8,ptf3,Cash,50000.0
9,8,ptf3,Real Estate,297981.7095392234
9,8,ptf3,Precious Metals,72407.72267069033
9,8,ptf3,Bonds,495679.81872837176
9,8,ptf3,Crypto,92284.19217111883
9,8,ptf3,Stocks,517757.0489257634
9,8,ptf4,Cash,50000.0
9,8,ptf4,Real Estate,297981.7095392234
9,8,ptf4,Precious Metals,72407.72267069033
9,8,ptf4,Bonds,495679.81872837176
9,8,ptf4,Crypto,92284.19217111883
9,8,ptf4,Stocks,517757.0489257634
9,8,ptf5,Cash,50000.0
9,8,ptf5,Real Estate,297981.7095392234
9,8,ptf5,Precious Metals,72407.72267069033
9,8,ptf5,Bonds,495679.81872837176
9,8,ptf5,Crypto,92284.19217111883
9,8,ptf5,Stocks,517757.0489257634
9,8,returns,Cash,0.0
9,8,returns,Money Market,0.03606736533674329
9,8,returns,Bonds,0.05471599459672065
9,8,returns,Stocks,-0.17373077309540896
9,8,returns,Crypto,0.17818329317120493
9,8,returns,Precious Metals,-0.07557765701632647
9,8,returns,Real Estate,-0.04892413426906392
9,8,contributions,,0.0
9,8,withdrawals,,50000.0
9,8,availableCash,,50000.0
9,8,cashBuffer,,150000.0
9,8,cashDepletion,,50000.0
9,8,shortfall,,0.0
9,8,cashReplenishment,,0
9,8,financialGainLoss,,-90440.19164879736
9,9,ptf_bop,Cash,50000.0
9,9,ptf_bop,Real Estate,297981.7095392234
9,9,ptf_bop,Precious Metals,72407.72267069033
9,9,ptf_bop,Bonds,495679.81872837176
9,9,ptf_bop,Crypto,92284.19217111883
9,9,ptf_bop,Stocks,517757.0489257634
9,9,ptf_eop,Cash,127673.81281959382
9,9,ptf_eop,Real Estate,295222.09840703366
9,9,ptf_eop,Precious Metals,73805.52460175841
9,9,ptf_eop,Bonds,442833.14761055046
9,9,ptf_eop,Crypto,73805.52460175841
9,9,ptf_eop,Stocks,590444.1968140673
9,9,ptf1,Cash,0.0
9,9,ptf1,Real Estate,297981.7095392234
9,9,ptf1,Precious Metals,72407.72267069033
9,9,ptf1,Bonds,495679.81872837176
9,9,ptf1,Crypto,92284.19217111883
9,9,ptf1,Stocks,517757.0489257634
9,9,ptf2,Cash,0.0
9,9,ptf2,Real Estate,295222.0984070336
9,9,ptf2,Precious Metals,73805.5246017584
9,9,ptf2,Bonds,442833.1476105504
9,9,ptf2,Crypto,73805.5246017584
9,9,ptf2,Stocks,590444.1968140672
9,9,ptf3,Cash,0.0
9,9,ptf3,Real Estate,337460.16186135483
9,9,ptf3,Precious Metals,81131.76337962828
9,9,ptf3,Bonds,387858.7932100086
9,9,ptf3,Crypto,102530.49596813672
9,9,ptf3,Stocks,694803.0904356336
9,9,ptf4,Cash,127673.81281959382
9,9,ptf4,Real Estate,337460.16186135483
9,9,ptf4,Precious Metals,81131.76337962828
9,9,ptf4,Bonds,260184.98039041477
9,9,ptf4,Crypto,102530.49596813672
9,9,ptf4,Stocks,694803.0904356336
9,9,ptf5,Cash,127673.81281959382
9,9,ptf5,Real Estate,295222.09840703366
9,9,ptf5,Precious Metals,73805.52460175841
9,9,ptf5,Bonds,442833.14761055046
9,9,ptf5,Crypto,73805.52460175841
9,9,ptf5,Stocks,590444.1968140673
9,9,returns,Cash,0.0
9,9,returns,Money Market,-0.05677102475530585
9,9,returns,Bonds,-0.12414236535176677
9,9,returns,Stocks,0.1767464125901627
9,9,returns,Crypto,0.38919811926509845
9,9,returns,Precious Metals,0.0992640973341897
9,9,returns,Real Estate,0.1430721605267032
9,9,contributions,,0.0
9,9,withdrawals,,50000.0
9,9,availableCash,,0.0
9,9,cashBuffer,,150000.0
9,9,cashDepletion,,50000.0
9,9,shortfall,,0.0
9,9,cashReplenishment,,127673.81281959382
9,9,financialGainLoss,,127673.81281959382
9,10,ptf_bop,Cash,127673.81281959382
9,10,ptf_bop,Real Estate,295222.09840703366
9,10,ptf_bop,Precious Metals,73805.52460175841
9,10,ptf_bop,Bonds,442833.14761055046
9,10,ptf_bop,Crypto,73805.52460175841
9,10,ptf_bop,Stocks,590444.1968140673
9,10,ptf_eop,Cash,150000.0
9,10,ptf_eop,Real Estate,305506.9140916419
9,10,ptf_eop,Precious Metals,76376.72852291047
9,10,ptf_eop,Bonds,458260.37113746285
9,10,ptf_eop,Crypto,76376.72852291047
9,10,ptf_eop,Stocks,611013.8281832838
9,10,ptf1,Cash,77673.81281959382
9,10,ptf1,Real Estate,295222.09840703366
9,10,ptf1,Precious Metals,73805.52460175841
9,10,ptf1,Bonds,442833.14761055046
9,10,ptf1,Crypto,73805.52460175841
9,10,ptf1,Stocks,590444.1968140673
9,10,ptf2,Cash,77673.81281959382
9,10,ptf2,Real Estate,295222.09840703366
9,10,ptf2,Precious Metals,73805.52460175841
9,10,ptf2,Bonds,442833.14761055046
9,10,ptf2,Crypto,73805.52460175841
9,10,ptf2,Stocks,590444.1968140673
9,10,ptf3,Cash,77673.81281959382
9,10,ptf3,Real Estate,289194.12502759125
9,10,ptf3,Precious Metals,72624.29601518894
9,10,ptf3,Bonds,514297.5945499558
9,10,ptf3,Crypto,75693.77007164957
9,10,ptf3,Stocks,648050.9719742299
9,10,ptf4,Cash,150000.0
9,10,ptf4,Real Estate,289194.12502759125
9,10,ptf4,Precious Metals,72624.29601518894
9,10,ptf4,Bonds,441971.4073695496
9,10,ptf4,Crypto,75693.77007164957
9,10,ptf4,Stocks,648050.9719742299
9,10,ptf5,Cash,150000.0
9,10,ptf5,Real Estate,305506.9140916419
9,10,ptf5,Precious Metals,76376.72852291047
9,10,ptf5,Bonds,458260.37113746285
9,10,ptf5,Crypto,76376.72852291047
9,10,ptf5,Stocks,611013.8281832838
9,10,returns,Cash,0.0
9,10,returns,Money Market,0.010887075362357395
9,10,returns,Bonds,0.16138007582543204
9,10,returns,Stocks,0.09756514751266686
9,10,returns,Crypto,0.02558406677656989
9,10,returns,Precious Metals,-0.016004609315402575
9,10,returns,Real Estate,-0.020418435516745815
9,10,contributions,,0.0
9,10,withdrawals,,50000.0
9,10,availableCash,,77673.81281959382
9,10,cashBuffer,,150000.0
9,10,cashDepletion,,50000.0
9,10,shortfall,,0.0
9,10,cashReplenishment,,72326.18718040618
9,10,financialGainLoss,,123750.26560344687
9,11,ptf_bop,Cash,150000.0
9,11,ptf_bop,Real Estate,305506.9140916419
9,11,ptf_bop,Precious Metals,76376.72852291047
9,11,ptf_bop,Bonds,458260.37113746285
9,11,ptf_bop,Crypto,76376.72852291047
9,11,ptf_bop,Stocks,611013.8281832838
9,11,ptf_eop,Cash,150000.0
9,11,ptf_eop,Real Estate,331414.00593323674
9,11,ptf_eop,Precious Metals,82853.50148330918
9,11,ptf_eop,Bonds,497121.0088998551
9,11,ptf_eop,Crypto,82853.50148330918
9,11,ptf_eop,Stocks,662828.0118664735
9,11,ptf1,Cash,100000.0
9,11,ptf1,Real Estate,305506.9140916419
9,11,ptf1,Precious Metals,76376.72852291047
9,11,ptf1,Bonds,458260.37113746285
9,11,ptf1,Crypto,76376.72852291047
9,11,ptf1,Stocks,611013.8281832838
9,11,ptf2,Cash,100000.0
9,11,ptf2,Real Estate,305506.9140916419
9,11,ptf2,Precious Metals,76376.72852291047
9,11,ptf2,Bonds,458260.37113746285
9,11,ptf2,Crypto,76376.72852291047
9,11,ptf2,Stocks,611013.8281832838
9,11,ptf3,Cash,100000.0
9,11,ptf3,Real Estate,361382.6796066167
9,11,ptf3,Precious Metals,70876.93935194699
9,11,ptf3,Bonds,452870.133422512
9,11,ptf3,Crypto,142721.19892959914
9,11,ptf3,Stocks,679219.078355509
9,11,ptf4,Cash,150000.0
9,11,ptf4,Real Estate,361382.6796066167
9,11,ptf4,Precious Metals,70876.93935194699
9,11,ptf4,Bonds,402870.133422512
9,11,ptf4,Crypto,142721.19892959914
9,11,ptf4,Stocks,679219.078355509
9,11,ptf5,Cash,150000.0
9,11,ptf5,Real Estate,331414.00593323674
9,11,ptf5,Precious Metals,82853.50148330918
9,11,ptf5,Bonds,497121.0088998551
9,11,ptf5,Crypto,82853.50148330918
9,11,ptf5,Stocks,662828.0118664735
9,11,returns,Cash,0.0
9,11,returns,Money Market,0.03431231180943253
9,11,returns,Bonds,-0.011762391108730546
9,11,returns,Stocks,0.11162636101873265
9,11,returns,Crypto,0.8686477110208712
9,11,returns,Precious Metals,-0.07200870313938285
9,11,returns,Real Estate,0.18289525682621352
9,11,contributions,,0.0
9,11,withdrawals,,50000.0
9,11,availableCash,,100000.0
9,11,cashBuffer,,150000.0
9,11,cashDepletion,,50000.0
9,11,shortfall,,0.0
9,11,cashReplenishment,,50000.0
9,11,financialGainLoss,,179535.4592079739
9,12,ptf_bop,Cash,150000.0
9,12,ptf_bop,Real Estate,331414.00593323674
9,12,ptf_bop,Precious Metals,82853.50148330918
9,12,ptf_bop,Bonds,497121.0088998551
9,12,ptf_bop,Crypto,82853.50148330918
9,12,ptf_bop,Stocks,662828.0118664735
9,12,ptf_eop,Cash,129805.57501551323
9,12,ptf_eop,Real Estate,331414.0059332367
9,12,ptf_eop,Precious Metals,82853.50148330917
9,12,ptf_eop,Bonds,497121.008899855
9,12,ptf_eop,Crypto,82853.50148330917
9,12,ptf_eop,Stocks,662828.0118664734
9,12,ptf1,Cash,100000.0
9,12,ptf1,Real Estate,331414.00593323674
9,12,ptf1,Precious Metals,82853.50148330918
9,12,ptf1,Bonds,497121.0088998551
9,12,ptf1,Crypto,82853.50148330918
9,12,ptf1,Stocks,662828.0118664735
9,12,ptf2,Cash,100000.0
9,12,ptf2,Real Estate,331414.0059332367
9,12,ptf2,Precious Metals,82853.50148330917
9,12,ptf2,Bonds,497121.008899855
9,12,ptf2,Crypto,82853.50148330917
9,12,ptf2,Stocks,662828.0118664734
9,12,ptf3,Cash,100000.0
9,12,ptf3,Real Estate,342158.95625196677
9,12,ptf3,Precious Metals,103212.49204970492
9,12,ptf3,Bonds,455277.0280274907
9,12,ptf3,Crypto,77396.36666719764
9,12,ptf3,Stocks,708830.7616853365
9,12,ptf4,Cash,129805.57501551323
9,12,ptf4,Real Estate,342158.95625196677
9,12,ptf4,Precious Metals,103212.49204970492
9,12,ptf4,Bonds,425471.4530119775
9,12,ptf4,Crypto,77396.36666719764
9,12,ptf4,Stocks,708830.7616853365
9,12,ptf5,Cash,129805.57501551323
9,12,ptf5,Real Estate,331414.0059332367
9,12,ptf5,Precious Metals,82853.50148330917
9,12,ptf5,Bonds,497121.008899855
9,12,ptf5,Crypto,82853.50148330917
9,12,ptf5,Stocks,662828.0118664734
9,12,returns,Cash,0.0
9,12,returns,Money Market,-0.008782547384891114
9,12,returns,Bonds,-0.08417262622830281
9,12,returns,Stocks,0.06940375028708104
9,12,returns,Crypto,-0.06586486652239892
9,12,returns,Precious Metals,0.24572275404072158
9,12,returns,Real Estate,0.03242153356938889
9,12,contributions,,0.0
9,12,withdrawals,,50000.0
9,12,availableCash,,100000.0
9,12,cashBuffer,,150000.0
9,12,cashDepletion,,50000.0
9,12,shortfall,,0.0
9,12,cashReplenishment,,29805.575015513226
9,12,financialGainLoss,,29805.575015513226
9,13,ptf_bop,Cash,129805.57501551323
9,13,ptf_bop,Real Estate,331414.0059332367
9,13,ptf_bop,Precious Metals,82853.50148330917
9,13,ptf_bop,Bonds,497121.008899855
9,13,ptf_bop,Crypto,82853.50148330917
9,13,ptf_bop,Stocks,662828.0118664734
9,13,ptf_eop,Cash,79805.57501551323
9,13,ptf_eop,Real Estate,235761.1783939086
9,13,ptf_eop,Precious Metals,110621.34182451779
9,13,ptf_eop,Bonds,484901.57702855
9,13,ptf_eop,Crypto,20839.463090991132
9,13,ptf_eop,Stocks,587155.6020480357
9,13,ptf1,Cash,79805.57501551323
9,13,ptf1,Real Estate,331414.0059332367
9,13,ptf1,Precious Metals,82853.50148330917
9,13,ptf1,Bonds,497121.008899855
9,13,ptf1,Crypto,82853.50148330917
9,13,ptf1,Stocks,662828.0118664734
9,13,ptf2,Cash,79805.57501551323
9,13,ptf2,Real Estate,331414.0059332366
9,13,ptf2,Precious Metals,82853.50148330916
9,13,ptf2,Bonds,497121.00889985496
9,13,ptf2,Crypto,82853.50148330916
9,13,ptf2,Stocks,662828.0118664732
9,13,ptf3,Cash,79805.57501551323
9,13,ptf3,Real Estate,235761.1783939086
9,13,ptf3,Precious Metals,110621.34182451779
9,13,ptf3,Bonds,484901.57702855
9,13,ptf3,Crypto,20839.463090991132
9,13,ptf3,Stocks,587155.6020480357
9,13,ptf4,Cash,79805.57501551323
9,13,ptf4,Real Estate,235761.1783939086
9,13,ptf4,Precious Metals,110621.34182451779
9,13,ptf4,Bonds,484901.57702855
9,13,ptf4,Crypto,20839.463090991132
9,13,ptf4,Stocks,587155.6020480357
9,13,ptf5,Cash,79805.57501551323
9,13,ptf5,Real Estate,235761.1783939086
9,13,ptf5,Precious Metals,110621.34182451779
9,13,ptf5,Bonds,484901.57702855
9,13,ptf5,Crypto,20839.463090991132
9,13,ptf5,Stocks,587155.6020480357
9,13,returns,Cash,0.0
9,13,returns,Money Market,0.03853081678813999
9,13,returns,Bonds,-0.024580397232349976
9,13,returns,Stocks,-0.11416598041074
9,13,returns,Crypto,-0.748478184773045
9,13,returns,Precious Metals,0.3351438363386788
9,13,returns,Real Estate,-0.28862035347593995
9,13,contributions,,0.0
9,13,withdrawals,,50000.0
9,13,availableCash,,79805.57501551323
9,13,cashBuffer,,150000.0
9,13,cashDepletion,,50000.0
9,13,shortfall,,0.0
9,13,cashReplenishment,,0
9,13,financialGainLoss,,-217790.86728017987
9,14,ptf_bop,Cash,79805.57501551323
9,14,ptf_bop,Real Estate,235761.1783939086
9,14,ptf_bop,Precious Metals,110621.34182451779
9,14,ptf_bop,Bonds,484901.57702855
9,14,ptf_bop,Crypto,20839.463090991132
9,14,ptf_bop,Stocks,587155.6020480357
9,14,ptf_eop,Cash,68474.30284689553
9,14,ptf_eop,Real Estate,287855.8324772006
9,14,ptf_eop,Precious Metals,71963.95811930015
9,14,ptf_eop,Bonds,431783.7487158009
9,14,ptf_eop,Crypto,71963.95811930015
9,14,ptf_eop,Stocks,575711.6649544012
9,14,ptf1,Cash,29805.575015513226
9,14,ptf1,Real Estate,235761.1783939086
9,14,ptf1,Precious Metals,110621.34182451779
9,14,ptf1,Bonds,484901.57702855
9,14,ptf1,Crypto,20839.463090991132
9,14,ptf1,Stocks,587155.6020480357
9,14,ptf2,Cash,29805.575015513226
9,14,ptf2,Real Estate,287855.8324772006
9,14,ptf2,Precious Metals,71963.95811930015
9,14,ptf2,Bonds,431783.74871580093
9,14,ptf2,Crypto,71963.95811930015
9,14,ptf2,Stocks,575711.6649544012
9,14,ptf3,Cash,29805.575015513226
9,14,ptf3,Real Estate,308029.5791770596
9,14,ptf3,Precious Metals,82555.48392211263
9,14,ptf3,Bonds,466172.674909923
9,14,ptf3,Crypto,1430.3873897518574
9,14,ptf3,Stocks,619759.7648185383
9,14,ptf4,Cash,68474.30284689553
9,14,ptf4,Real Estate,308029.5791770596
9,14,ptf4,Precious Metals,82555.48392211263
9,14,ptf4,Bonds,427503.9470785407
9,14,ptf4,Crypto,1430.3873897518574
9,14,ptf4,Stocks,619759.7648185383
9,14,ptf5,Cash,68474.30284689553
9,14,ptf5,Real Estate,287855.8324772006
9,14,ptf5,Precious Metals,71963.95811930015
9,14,ptf5,Bonds,431783.7487158009
9,14,ptf5,Crypto,71963.95811930015
9,14,ptf5,Stocks,575711.6649544012
9,14,returns,Cash,0.0
9,14,returns,Money Market,-0.02293800867844866
9,14,returns,Bonds,0.07964386407872126
9,14,returns,Stocks,0.07651069544964988
9,14,returns,Crypto,-0.9801235586933588
9,14,returns,Precious Metals,0.14717819974902027
9,14,returns,Real Estate,0.0700828137691349
9,14,contributions,,0.0
9,14,withdrawals,,50000.0
9,14,availableCash,,29805.575015513226
9,14,cashBuffer,,150000.0
9,14,cashDepletion,,50000.0
9,14,shortfall,,0.0
9,14,cashReplenishment,,38668.727831382304
9,14,financialGainLoss,,38668.727831382304
9,15,ptf_bop,Cash,68474.30284689553
9,15,ptf_bop,Real Estate,287855.8324772006
9,15,ptf_bop,Precious Metals,71963.95811930015
9,15,ptf_bop,Bonds,431783.7487158009
9,15,ptf_bop,Crypto,71963.95811930015
9,15,ptf_bop,Stocks,575711.6649544012
9,15,ptf_eop,Cash,145767.6343697165
9,15,ptf_eop,Real Estate,287855.8324772006
9,15,ptf_eop,Precious Metals,71963.95811930015
9,15,ptf_eop,Bonds,431783.7487158009
9,15,ptf_eop,Crypto,71963.95811930015
9,15,ptf_eop,Stocks,575711.6649544012
9,15,ptf1,Cash,18474.30284689553
9,15,ptf1,Real Estate,287855.8324772006
9,15,ptf1,Precious Metals,71963.95811930015
9,15,ptf1,Bonds,431783.7487158009
9,15,ptf1,Crypto,71963.95811930015
9,15,ptf1,Stocks,575711.6649544012
9,15,ptf2,Cash,18474.30284689553
9,15,ptf2,Real Estate,287855.8324772006
9,15,ptf2,Precious Metals,71963.95811930015
9,15,ptf2,Bonds,431783.7487158009
9,15,ptf2,Crypto,71963.95811930015
9,15,ptf2,Stocks,575711.6649544012
9,15,ptf3,Cash,18474.30284689553
9,15,ptf3,Real Estate,233673.94997945827
9,15,ptf3,Precious Metals,71115.91986227162
9,15,ptf3,Bonds,460423.4352727687
9,15,ptf3,Crypto,106389.16208046372
9,15,ptf3,Stocks,694970.0267138617
9,15,ptf4,Cash,145767.6343697165
9,15,ptf4,Real Estate,233673.94997945827
9,15,ptf4,Precious Metals,71115.91986227162
9,15,ptf4,Bonds,333130.10374994774
9,15,ptf4,Crypto,106389.16208046372
9,15,ptf4,Stocks,694970.0267138617
9,15,ptf5,Cash,145767.6343697165
9,15,ptf5,Real Estate,287855.8324772006
9,15,ptf5,Precious Metals,71963.95811930015
9,15,ptf5,Bonds,431783.7487158009
9,15,ptf5,Crypto,71963.95811930015
9,15,ptf5,Stocks,575711.6649544012
9,15,returns,Cash,0.0
9,15,returns,Money Market,0.045513807895445055
9,15,returns,Bonds,0.0663287737024546
9,15,returns,Stocks,0.20714946216854288
9,15,returns,Crypto,0.47836729469624617
9,15,returns,Precious Metals,-0.01178420808403386
9,15,returns,Real Estate,-0.18822575881638173
9,15,contributions,,0.0
9,15,withdrawals,,50000.0
9,15,availableCash,,18474.30284689553
9,15,cashBuffer,,150000.0
9,15,cashDepletion,,50000.0
9,15,shortfall,,0.0
9,15,cashReplenishment,,127293.33152282098
9,15,financialGainLoss,,127293.33152282098
9,16,ptf_bop,Cash,145767.6343697165
9,16,ptf_bop,Real Estate,287855.8324772006
9,16,ptf_bop,Precious Metals,71963.95811930015
9,16,ptf_bop,Bonds,431783.7487158009
9,16,ptf_bop,Crypto,71963.95811930015
9,16,ptf_bop,Stocks,575711.6649544012
9,16,ptf_eop,Cash,150000.0
9,16,ptf_eop,Real Estate,311008.5493604824
9,16,ptf_eop,Precious Metals,77752.1373401206
9,16,ptf_eop,Bonds,466512.8240407236
9,16,ptf_eop,Crypto,77752.1373401206
9,16,ptf_eop,Stocks,622017.0987209647
9,16,ptf1,Cash,95767.63436971651
9,16,ptf1,Real Estate,287855.8324772006
9,16,ptf1,Precious Metals,71963.95811930015
9,16,ptf1,Bonds,431783.7487158009
9,16,ptf1,Crypto,71963.95811930015
9,16,ptf1,Stocks,575711.6649544012
9,16,ptf2,Cash,95767.63436971651
9,16,ptf2,Real Estate,287855.8324772006
9,16,ptf2,Precious Metals,71963.95811930015
9,16,ptf2,Bonds,431783.7487158009
9,16,ptf2,Crypto,71963.95811930015
9,16,ptf2,Stocks,575711.6649544012
9,16,ptf3,Cash,95767.63436971651
9,16,ptf3,Real Estate,319481.01265369484
9,16,ptf3,Precious Metals,59500.09907890791
9,16,ptf3,Bonds,451519.6726306496
9,16,ptf3,Crypto,96169.48663061044
9,16,ptf3,Stocks,682604.8414388327
9,16,ptf4,Cash,150000.0
9,16,ptf4,Real Estate,319481.01265369484
9,16,ptf4,Precious Metals,59500.09907890791
9,16,ptf4,Bonds,397287.3070003661
9,16,ptf4,Crypto,96169.48663061044
9,16,ptf4,Stocks,682604.8414388327
9,16,ptf5,Cash,150000.0
9,16,ptf5,Real Estate,311008.5493604824
9,16,ptf5,Precious Metals,77752.1373401206
9,16,ptf5,Bonds,466512.8240407236
9,16,ptf5,Crypto,77752.1373401206
9,16,ptf5,Stocks,622017.0987209647
9,16,returns,Cash,0.0
9,16,returns,Money Market,0.004852074035531507
9,16,returns,Bonds,0.04570788959414702
9,16,returns,Stocks,0.18567137508477927
9,16,returns,Crypto,0.3363562697758081
9,16,returns,Precious Metals,-0.17319585200872292
9,16,returns,Real Estate,0.10986464962108794
9,16,contributions,,0.0
9,16,withdrawals,,50000.0
9,16,availableCash,,95767.63436971651
9,16,cashBuffer,,150000.0
9,16,cashDepletion,,50000.0
9,16,shortfall,,0.0
9,16,cashReplenishment,,54232.365630283486
9,16,financialGainLoss,,169995.9500466925
9,17,ptf_bop,Cash,150000.0
9,17,ptf_bop,Real Estate,311008.5493604824
9,17,ptf_bop,Precious Metals,77752.1373401206
9,17,ptf_bop,Bonds,466512.8240407236
9,17,ptf_bop,Crypto,77752.1373401206
9,17,ptf_bop,Stocks,622017.0987209647
9,17,ptf_eop,Cash,150000.0
9,17,ptf_eop,Real Estate,339919.824700724
9,17,ptf_eop,Precious Metals,84979.956175181
9,17,ptf_eop,Bonds,509879.737051086
9,17,ptf_eop,Crypto,84979.956175181
9,17,ptf_eop,Stocks,679839.649401448
9,17,ptf1,Cash,100000.0
9,17,ptf1,Real Estate,311008.5493604824
9,17,ptf1,Precious Metals,77752.1373401206
9,17,ptf1,Bonds,466512.8240407236
9,17,ptf1,Crypto,77752.1373401206
9,17,ptf1,Stocks,622017.0987209647
9,17,ptf2,Cash,100000.0
9,17,ptf2,Real Estate,311008.5493604824
9,17,ptf2,Precious Metals,77752.1373401206
9,17,ptf2,Bonds,466512.8240407236
9,17,ptf2,Crypto,77752.1373401206
9,17,ptf2,Stocks,622017.0987209647
9,17,ptf3,Cash,100000.0
9,17,ptf3,Real Estate,316941.1758940758
9,17,ptf3,Precious Metals,83130.82469108613
9,17,ptf3,Bonds,444467.91332845984
9,17,ptf3,Crypto,129291.5221439076
9,17,ptf3,Stocks,775767.6874460905
9,17,ptf4,Cash,150000.0
9,17,ptf4,Real Estate,316941.1758940758
9,17,ptf4,Precious Metals,83130.82469108613
9,17,ptf4,Bonds,394467.91332845984
9,17,ptf4,Crypto,129291.5221439076
9,17,ptf4,Stocks,775767.6874460905
9,17,ptf5,Cash,150000.0
9,17,ptf5,Real Estate,339919.824700724
9,17,ptf5,Precious Metals,84979.956175181
9,17,ptf5,Bonds,509879.737051086
9,17,ptf5,Crypto,84979.956175181
9,17,ptf5,Stocks,679839.649401448
9,17,returns,Cash,0.0
9,17,returns,Money Market,-0.05208517981588047
9,17,returns,Bonds,-0.04725467248964496
9,17,returns,Stocks,0.24718064670774878
9,17,returns,Crypto,0.662867756012057
9,17,returns,Precious Metals,0.0691773568543447
9,17,returns,Real Estate,0.019075445179216
9,17,contributions,,0.0
9,17,withdrawals,,50000.0
9,17,availableCash,,100000.0
9,17,cashBuffer,,150000.0
9,17,cashDepletion,,50000.0
9,17,shortfall,,0.0
9,17,cashReplenishment,,50000.0
9,17,financialGainLoss,,194556.37670120783
9,18,ptf_bop,Cash,150000.0
9,18,ptf_bop,Real Estate,339919.824700724
9,18,ptf_bop,Precious Metals,84979.956175181
9,18,ptf_bop,Bonds,509879.737051086
9,18,ptf_bop,Crypto,84979.956175181
9,18,ptf_bop,Stocks,679839.649401448
9,18,ptf_eop,Cash,100000.0
9,18,ptf_eop,Real Estate,302944.73684529593
9,18,ptf_eop,Precious Metals,80134.62183207367
9,18,ptf_eop,Bonds,468017.47444455215
9,18,ptf_eop,Crypto,102175.15655838198
9,18,ptf_eop,Stocks,673761.2293533783
9,18,ptf1,Cash,100000.0
9,18,ptf1,Real Estate,339919.824700724
9,18,ptf1,Precious Metals,84979.956175181
9,18,ptf1,Bonds,509879.737051086
9,18,ptf1,Crypto,84979.956175181
9,18,ptf1,Stocks,679839.649401448
9,18,ptf2,Cash,100000.0
9,18,ptf2,Real Estate,339919.82470072404
9,18,ptf2,Precious Metals,84979.95617518101
9,18,ptf2,Bonds,509879.73705108603
9,18,ptf2,Crypto,84979.95617518101
9,18,ptf2,Stocks,679839.6494014481
9,18,ptf3,Cash,100000.0
9,18,ptf3,Real Estate,302944.73684529593
9,18,ptf3,Precious Metals,80134.62183207367
9,18,ptf3,Bonds,468017.47444455215
9,18,ptf3,Crypto,102175.15655838198
9,18,ptf3,Stocks,673761.2293533783
9,18,ptf4,Cash,100000.0
9,18,ptf4,Real Estate,302944.73684529593
9,18,ptf4,Precious Metals,80134.62183207367
9,18,ptf4,Bonds,468017.47444455215
9,18,ptf4,Crypto,102175.15655838198
9,18,ptf4,Stocks,673761.2293533783
9,18,ptf5,Cash,100000.0
9,18,ptf5,Real Estate,302944.73684529593
9,18,ptf5,Precious Metals,80134.62183207367
9,18,ptf5,Bonds,468017.47444455215
9,18,ptf5,Crypto,102175.15655838198
9,18,ptf5,Stocks,673761.2293533783
9,18,returns,Cash,0.0
9,18,returns,Money Market,0.003960720773862908
9,18,returns,Bonds,-0.0821022283580953
9,18,returns,Stocks,-0.008940961377320944
9,18,returns,Crypto,0.2023441898199395
9,18,returns,Precious Metals,-0.05701737869950148
9,18,returns,Real Estate,-0.10877590881315069
9,18,contributions,,0.0
9,18,withdrawals,,50000.0
9,18,availableCash,,100000.0
9,18,cashBuffer,,150000.0
9,18,cashDepletion,,50000.0
9,18,shortfall,,0.0
9,18,cashReplenishment,,0
9,18,financialGainLoss,,-72565.90446993825
9,19,ptf_bop,Cash,100000.0
9,19,ptf_bop,Real Estate,302944.73684529593
9,19,ptf_bop,Precious Metals,80134.62183207367
9,19,ptf_bop,Bonds,468017.47444455215
9,19,ptf_bop,Crypto,102175.15655838198
9,19,ptf_bop,Stocks,673761.2293533783
9,19,ptf_eop,Cash,150000.0
9,19,ptf_eop,Real Estate,339514.1784184618
9,19,ptf_eop,Precious Metals,84878.54460461545
9,19,ptf_eop,Bonds,509271.26762769266
9,19,ptf_eop,Crypto,84878.54460461545
9,19,ptf_eop,Stocks,679028.3568369236
9,19,ptf1,Cash,50000.0
9,19,ptf1,Real Estate,302944.73684529593
9,19,ptf1,Precious Metals,80134.62183207367
9,19,ptf1,Bonds,468017.47444455215
9,19,ptf1,Crypto,102175.15655838198
9,19,ptf1,Stocks,673761.2293533783
9,19,ptf2,Cash,50000.0
9,19,ptf2,Real Estate,325406.64380673633
9,19,ptf2,Precious Metals,81351.66095168408
9,19,ptf2,Bonds,488109.96571010456
9,19,ptf2,Crypto,81351.66095168408
9,19,ptf2,Stocks,650813.2876134727
9,19,ptf3,Cash,50000.0
9,19,ptf3,Real Estate,360428.5885288123
9,19,ptf3,Precious Metals,69384.23723108048
9,19,ptf3,Bonds,534475.4821689477
9,19,ptf3,Crypto,113801.74465818948
9,19,ptf3,Stocks,719480.8395052791
9,19,ptf4,Cash,150000.0
9,19,ptf4,Real Estate,360428.5885288123
9,19,ptf4,Precious Metals,69384.23723108048
9,19,ptf4,Bonds,434475.4821689477
9,19,ptf4,Crypto,113801.74465818948
9,19,ptf4,Stocks,719480.8395052791
9,19,ptf5,Cash,150000.0
9,19,ptf5,Real Estate,339514.1784184618
9,19,ptf5,Precious Metals,84878.54460461545
9,19,ptf5,Bonds,509271.26762769266
9,19,ptf5,Crypto,84878.54460461545
9,19,ptf5,Stocks,679028.3568369236
9,19,returns,Cash,0.0
9,19,returns,Money Market,-0.012942670389993917
9,19,returns,Bonds,0.0949898992359034
9,19,returns,Stocks,0.10551037171292219
9,19,returns,Crypto,0.3988865540898786
9,19,returns,Precious Metals,-0.14710730648402162
9,19,returns,Real Estate,0.1076251680432068
9,19,contributions,,0.0
9,19,withdrawals,,50000.0
9,19,availableCash,,50000.0
9,19,cashBuffer,,150000.0
9,19,cashDepletion,,50000.0
9,19,shortfall,,0.0
9,19,cashReplenishment,,100000.0
9,19,financialGainLoss,,170537.67305862717
9,20,ptf_bop,Cash,150000.0
9,20,ptf_bop,Real Estate,339514.1784184618
9,20,ptf_bop,Precious Metals,84878.54460461545
9,20,ptf_bop,Bonds,509271.26762769266
9,20,ptf_bop,Crypto,84878.54460461545
9,20,ptf_bop,Stocks,679028.3568369236
9,20,ptf_eop,Cash,150000.0
9,20,ptf_eop,Real Estate,368273.42866760655
9,20,ptf_eop,Precious Metals,92068.35716690164
9,20,ptf_eop,Bonds,552410.14300141
9,20,ptf_eop,Crypto,92068.35716690164
9,20,ptf_eop,Stocks,736546.8573352131
9,20,ptf1,Cash,100000.0
9,20,ptf1,Real Estate,339514.1784184618
9,20,ptf1,Precious Metals,84878.54460461545
9,20,ptf1,Bonds,509271.26762769266
9,20,ptf1,Crypto,84878.54460461545
9,20,ptf1,Stocks,679028.3568369236
9,20,ptf2,Cash,100000.0
9,20,ptf2,Real Estate,339514.1784184618
9,20,ptf2,Precious Metals,84878.54460461545
9,20,ptf2,Bonds,509271.26762769266
9,20,ptf2,Crypto,84878.54460461545
9,20,ptf2,Stocks,679028.3568369236
9,20,ptf3,Cash,100000.0
9,20,ptf3,Real Estate,462679.2149410584
9,20,ptf3,Precious Metals,46295.057950927774
9,20,ptf3,Bonds,520313.3321192486
9,20,ptf3,Crypto,76284.49951235074
9,20,ptf3,Stocks,785795.0388144476
9,20,ptf4,Cash,150000.0
9,20,ptf4,Real Estate,462679.2149410584
9,20,ptf4,Precious Metals,46295.057950927774
9,20,ptf4,Bonds,470313.3321192486
9,20,ptf4,Crypto,76284.49951235074
9,20,ptf4,Stocks,785795.0388144476
9,20,ptf5,Cash,150000.0
9,20,ptf5,Real Estate,368273.42866760655
9,20,ptf5,Precious Metals,92068.35716690164
9,20,ptf5,Bonds,552410.14300141
9,20,ptf5,Crypto,92068.35716690164
9,20,ptf5,Stocks,736546.8573352131
9,20,returns,Cash,0.0
9,20,returns,Money Market,-0.045310880656442565
9,20,returns,Bonds,0.021682088100105225
9,20,returns,Stocks,0.157234496766628
9,20,returns,Crypto,-0.10125108921574738
9,20,returns,Precious Metals,-0.454572905713909
9,20,returns,Real Estate,0.36276846256120676
9,20,contributions,,0.0
9,20,withdrawals,,50000.0
9,20,availableCash,,100000.0
9,20,cashBuffer,,150000.0
9,20,cashDepletion,,50000.0
9,20,shortfall,,0.0
9,20,cashReplenishment,,50000.0
9,20,financialGainLoss,,193796.25124572404
10,1,ptf_bop,Cash,150000.0
10,1,ptf_bop,Real Estate,170000.0
10,1,ptf_bop,Precious Metals,42500.0
10,1,ptf_bop,Bonds,255000.0
10,1,ptf_bop,Crypto,42500.0
10,1,ptf_bop,Stocks,340000.0
10,1,ptf_eop,Cash,150000.0
10,1,ptf_eop,Real Estate,193654.5064882798
10,1,ptf_eop,Precious Metals,48413.62662206995
10,1,ptf_eop,Bonds,290481.7597324197
10,1,ptf_eop,Crypto,48413.62662206995
10,1,ptf_eop,Stocks,387309.0129765596
10,1,ptf1,Cash,100000.0
10,1,ptf1,Real Estate,170000.0
10,1,ptf1,Precious Metals,42500.0
10,1,ptf1,Bonds,255000.0
10,1,ptf1,Crypto,42500.0
10,1,ptf1,Stocks,340000.0
10,1,ptf2,Cash,100000.0
10,1,ptf2,Real Estate,170000.0
10,1,ptf2,Precious Metals,42500.0
10,1,ptf2,Bonds,255000.0
10,1,ptf2,Crypto,42500.0
10,1,ptf2,Stocks,340000.0
10,1,ptf3,Cash,100000.0
10,1,ptf3,Real Estate,252104.6633631346
10,1,ptf3,Precious Metals,38335.983158687464
10,1,ptf3,Bonds,247002.0365272257
10,1,ptf3,Crypto,30857.122950899637
10,1,ptf3,Stocks,449972.72644145146
10,1,ptf4,Cash,150000.0
10,1,ptf4,Real Estate,252104.6633631346
10,1,ptf4,Precious Metals,38335.983158687464
10,1,ptf4,Bonds,197002.0365272257
10,1,ptf4,Crypto,30857.122950899637
10,1,ptf4,Stocks,449972.72644145146
10,1,ptf5,Cash,150000.0
10,1,ptf5,Real Estate,193654.5064882798
10,1,ptf5,Precious Metals,48413.62662206995
10,1,ptf5,Bonds,290481.7597324197
10,1,ptf5,Crypto,48413.62662206995
10,1,ptf5,Stocks,387309.0129765596
10,1,returns,Cash,0.0
10,1,returns,Money Market,-0.049520052630390554
10,1,returns,Bonds,-0.0313645626383306
10,1,returns,Stocks,0.32344919541603373
10,1,returns,Crypto,-0.2739500482141261
10,1,returns,Precious Metals,-0.09797686685441251
10,1,returns,Real Estate,0.4829686080184388
10,1,contributions,,0.0
10,1,withdrawals,,50000.0
10,1,availableCash,,100000.0
10,1,cashBuffer,,150000.0
10,1,cashDepletion,,50000.0
10,1,shortfall,,0.0
10,1,cashReplenishment,,50000.0
10,1,financialGainLoss,,168272.53244139906
10,2,ptf_bop,Cash,150000.0
10,2,ptf_bop,Real Estate,193654.5064882798
10,2,ptf_bop,Precious Metals,48413.62662206995
10,2,ptf_bop,Bonds,290481.7597324197
10,2,ptf_bop,Crypto,48413.62662206995
10,2,ptf_bop,Stocks,387309.0129765596
10,2,ptf_eop,Cash,100000.0
10,2,ptf_eop,Real Estate,147413.07773908493
10,2,ptf_eop,Precious Metals,61502.383923982634
10,2,ptf_eop,Bonds,261068.15094100422
10,2,ptf_eop,Crypto,60513.70057918446
10,2,ptf_eop,Stocks,423316.4429332504
10,2,ptf1,Cash,100000.0
10,2,ptf1,Real Estate,193654.5064882798
10,2,ptf1,Precious Metals,48413.62662206995
10,2,ptf1,Bonds,290481.7597324197
10,2,ptf1,Crypto,48413.62662206995
10,2,ptf1,Stocks,387309.0129765596
10,2,ptf2,Cash,100000.0
10,2,ptf2,Real Estate,193654.5064882798
10,2,ptf2,Precious Metals,48413.62662206995
10,2,ptf2,Bonds,290481.7597324197
10,2,ptf2,Crypto,48413.62662206995
10,2,ptf2,Stocks,387309.0129765596
10,2,ptf3,Cash,100000.0
10,2,ptf3,Real Estate,147413.07773908493
10,2,ptf3,Precious Metals,61502.383923982634
10,2,ptf3,Bonds,261068.15094100422
10,2,ptf3,Crypto,60513.70057918446
10,2,ptf3,Stocks,423316.4429332504
10,2,ptf4,Cash,100000.0
10,2,ptf4,Real Estate,147413.07773908493
10,2,ptf4,Precious Metals,61502.383923982634
10,2,ptf4,Bonds,261068.15094100422
10,2,ptf4,Crypto,60513.70057918446
10,2,ptf4,Stocks,423316.4429332504
10,2,ptf5,Cash,100000.0
10,2,ptf5,Real Estate,147413.07773908493
10,2,ptf5,Precious Metals,61502.383923982634
10,2,ptf5,Bonds,261068.15094100422
10,2,ptf5,Crypto,60513.70057918446
10,2,ptf5,Stocks,423316.4429332504
10,2,returns,Cash,0.0
10,2,returns,Money Market,-0.022162239015075514
10,2,returns,Bonds,-0.10125802328693587
10,2,returns,Stocks,0.09296822111100746
10,2,returns,Crypto,0.2499311619757595
10,2,returns,Precious Metals,0.2703527542790198
10,2,returns,Real Estate,-0.2387831276830805
10,2,contributions,,0.0
10,2,withdrawals,,50000.0
10,2,availableCash,,100000.0
10,2,cashBuffer,,150000.0
10,2,cashDepletion,,50000.0
10,2,shortfall,,0.0
10,2,cashReplenishment,,0
10,2,financialGainLoss,,-14458.776324892417
10,3,ptf_bop,Cash,100000.0
10,3,ptf_bop,Real Estate,147413.07773908493
10,3,ptf_bop,Precious Metals,61502.383923982634
10,3,ptf_bop,Bonds,261068.15094100422
10,3,ptf_bop,Crypto,60513.70057918446
10,3,ptf_bop,Stocks,423316.4429332504
10,3,ptf_eop,Cash,85956.24503410922
10,3,ptf_eop,Real Estate,190762.75122330134
10,3,ptf_eop,Precious Metals,47690.687805825335
10,3,ptf_eop,Bonds,286144.12683495204
10,3,ptf_eop,Crypto,47690.687805825335
10,3,ptf_eop,Stocks,381525.5024466027
10,3,ptf1,Cash,50000.0
10,3,ptf1,Real Estate,147413.07773908493
10,3,ptf1,Precious Metals,61502.383923982634
10,3,ptf1,Bonds,261068.15094100422
10,3,ptf1,Crypto,60513.70057918446
10,3,ptf1,Stocks,423316.4429332504
10,3,ptf2,Cash,50000.0
10,3,ptf2,Real Estate,190762.75122330134
10,3,ptf2,Precious Metals,47690.687805825335
10,3,ptf2,Bonds,286144.12683495204
10,3,ptf2,Crypto,47690.687805825335
10,3,ptf2,Stocks,381525.5024466027
10,3,ptf3,Cash,50000.0
10,3,ptf3,Real Estate,206250.75500674514
10,3,ptf3,Precious Metals,46983.23489180823
10,3,ptf3,Bonds,250833.46686502532
10,3,ptf3,Crypto,53235.81106771089
10,3,ptf3,Stocks,432466.73331932636
10,3,ptf4,Cash,85956.24503410922
10,3,ptf4,Real Estate,206250.75500674514
10,3,ptf4,Precious Metals,46983.23489180823
10,3,ptf4,Bonds,214877.2218309161
10,3,ptf4,Crypto,53235.81106771089
10,3,ptf4,Stocks,432466.73331932636
10,3,ptf5,Cash,85956.24503410922
10,3,ptf5,Real Estate,190762.75122330134
10,3,ptf5,Precious Metals,47690.687805825335
10,3,ptf5,Bonds,286144.12683495204
10,3,ptf5,Crypto,47690.687805825335
10,3,ptf5,Stocks,381525.5024466027
10,3,returns,Cash,0.0
10,3,returns,Money Market,-0.07438224758465221
10,3,returns,Bonds,-0.12340165901882688
10,3,returns,Stocks,0.13351985790216808
10,3,returns,Crypto,0.11627266279871584
10,3,returns,Precious Metals,-0.014834193981381149
10,3,returns,Real Estate,0.08118987425020918
10,3,contributions,,0.0
10,3,withdrawals,,50000.0
10,3,availableCash,,50000.0
10,3,cashBuffer,,150000.0
10,3,cashDepletion,,50000.0
10,3,shortfall,,0.0
10,3,cashReplenishment,,35956.24503410922
10,3,financialGainLoss,,35956.24503410922
10,4,ptf_bop,Cash,85956.24503410922
10,4,ptf_bop,Real Estate,190762.75122330134
10,4,ptf_bop,Precious Metals,47690.687805825335
10,4,ptf_bop,Bonds,286144.12683495204
10,4,ptf_bop,Crypto,47690.687805825335
10,4,ptf_bop,Stocks,381525.5024466027
10,4,ptf_eop,Cash,150000.0
10,4,ptf_eop,Real Estate,210152.20504662138
10,4,ptf_eop,Precious Metals,52538.051261655346
10,4,ptf_eop,Bonds,315228.3075699321
10,4,ptf_eop,Crypto,52538.051261655346
10,4,ptf_eop,Stocks,420304.41009324277
10,4,ptf1,Cash,35956.24503410922
10,4,ptf1,Real Estate,190762.75122330134
10,4,ptf1,Precious Metals,47690.687805825335
10,4,ptf1,Bonds,286144.12683495204
10,4,ptf1,Crypto,47690.687805825335
10,4,ptf1,Stocks,381525.5024466027
10,4,ptf2,Cash,35956.24503410922
10,4,ptf2,Real Estate,190762.75122330137
10,4,ptf2,Precious Metals,47690.68780582534
10,4,ptf2,Bonds,286144.12683495204
10,4,ptf2,Crypto,47690.68780582534
10,4,ptf2,Stocks,381525.50244660274
10,4,ptf3,Cash,35956.24503410922
10,4,ptf3,Real Estate,255601.76079875327
10,4,ptf3,Precious Metals,51737.574683978724
10,4,ptf3,Bonds,306600.9969565633
10,4,ptf3,Crypto,97259.28970195327
10,4,ptf3,Stocks,453605.1580577491
10,4,ptf4,Cash,150000.0
10,4,ptf4,Real Estate,255601.76079875327
10,4,ptf4,Precious Metals,51737.574683978724
10,4,ptf4,Bonds,192557.24199067254
10,4,ptf4,Crypto,97259.28970195327
10,4,ptf4,Stocks,453605.1580577491
10,4,ptf5,Cash,150000.0
10,4,ptf5,Real Estate,210152.20504662138
10,4,ptf5,Precious Metals,52538.051261655346
10,4,ptf5,Bonds,315228.3075699321
10,4,ptf5,Crypto,52538.051261655346
10,4,ptf5,Stocks,420304.41009324277
10,4,returns,Cash,0.0
10,4,returns,Money Market,-0.045659140894655115
10,4,returns,Bonds,0.07149149048727746
10,4,returns,Stocks,0.18892486910815198
10,4,returns,Crypto,1.0393769554750099
10,4,returns,Precious Metals,0.08485696190062214
10,4,returns,Real Estate,0.33989344963657614
10,4,contributions,,0.0
10,4,withdrawals,,50000.0
10,4,availableCash,,35956.24503410922
10,4,cashBuffer,,150000.0
10,4,cashDepletion,,50000.0
10,4,shortfall,,0.0
10,4,cashReplenishment,,114043.75496589078
10,4,financialGainLoss,,210991.0240824907
10,5,ptf_bop,Cash,150000.0
10,5,ptf_bop,Real Estate,210152.20504662138
10,5,ptf_bop,Precious Metals,52538.051261655346
10,5,ptf_bop,Bonds,315228.3075699321
10,5,ptf_bop,Crypto,52538.051261655346
10,5,ptf_bop,Stocks,420304.41009324277
10,5,ptf_eop,Cash,100000.0
10,5,ptf_eop,Real Estate,185863.61621271254
10,5,ptf_eop,Precious Metals,47345.61089961418
10,5,ptf_eop,Bonds,324034.53623373446
10,5,ptf_eop,Crypto,47288.059071755924
10,5,ptf_eop,Stocks,378657.004675044
10,5,ptf1,Cash,100000.0
10,5,ptf1,Real Estate,210152.20504662138
10,5,ptf1,Precious Metals,52538.051261655346
10,5,ptf1,Bonds,315228.3075699321
10,5,ptf1,Crypto,52538.051261655346
10,5,ptf1,Stocks,420304.41009324277
10,5,ptf2,Cash,100000.0
10,5,ptf2,Real Estate,210152.20504662138
10,5,ptf2,Precious Metals,52538.051261655346
10,5,ptf2,Bonds,315228.3075699321
10,5,ptf2,Crypto,52538.051261655346
10,5,ptf2,Stocks,420304.41009324277
10,5,ptf3,Cash,100000.0
10,5,ptf3,Real Estate,185863.61621271254
10,5,ptf3,Precious Metals,47345.61089961418
10,5,ptf3,Bonds,324034.53623373446
10,5,ptf3,Crypto,47288.059071755924
10,5,ptf3,Stocks,378657.004675044
10,5,ptf4,Cash,100000.0
10,5,ptf4,Real Estate,185863.61621271254
10,5,ptf4,Precious Metals,47345.61089961418
10,5,ptf4,Bonds,324034.53623373446
10,5,ptf4,Crypto,47288.059071755924
10,5,ptf4,Stocks,378657.004675044
10,5,ptf5,Cash,100000.0
10,5,ptf5,Real Estate,185863.61621271254
10,5,ptf5,Precious Metals,47345.61089961418
10,5,ptf5,Bonds,324034.53623373446
10,5,ptf5,Crypto,47288.059071755924
10,5,ptf5,Stocks,378657.004675044
10,5,returns,Cash,0.0
10,5,returns,Money Market,-0.028163432776145303
10,5,returns,Bonds,0.027936033827954204
10,5,returns,Stocks,-0.0990886710157514
10,5,returns,Crypto,-0.09992742524371286
10,5,returns,Precious Metals,-0.09883199390440366
10,5,returns,Real Estate,-0.1155761788391443
10,5,contributions,,0.0
10,5,withdrawals,,50000.0
10,5,availableCash,,100000.0
10,5,cashBuffer,,150000.0
10,5,cashDepletion,,50000.0
10,5,shortfall,,0.0
10,5,cashReplenishment,,0
10,5,financialGainLoss,,-67572.19814024586
10,6,ptf_bop,Cash,100000.0
10,6,ptf_bop,Real Estate,185863.61621271254
10,6,ptf_bop,Precious Metals,47345.61089961418
10,6,ptf_bop,Bonds,324034.53623373446
10,6,ptf_bop,Crypto,47288.059071755924
10,6,ptf_bop,Stocks,378657.004675044
10,6,ptf_eop,Cash,142491.9589189666
10,6,ptf_eop,Real Estate,196637.76541857223
10,6,ptf_eop,Precious Metals,49159.44135464306
10,6,ptf_eop,Bonds,294956.64812785835
10,6,ptf_eop,Crypto,49159.44135464306
10,6,ptf_eop,Stocks,393275.53083714447
10,6,ptf1,Cash,50000.0
10,6,ptf1,Real Estate,185863.61621271254
10,6,ptf1,Precious Metals,47345.61089961418
10,6,ptf1,Bonds,324034.53623373446
10,6,ptf1,Crypto,47288.059071755924
10,6,ptf1,Stocks,378657.004675044
10,6,ptf2,Cash,50000.0
10,6,ptf2,Real Estate,196637.7654185722
10,6,ptf2,Precious Metals,49159.44135464305
10,6,ptf2,Bonds,294956.6481278583
10,6,ptf2,Crypto,49159.44135464305
10,6,ptf2,Stocks,393275.5308371444
10,6,ptf3,Cash,50000.0
10,6,ptf3,Real Estate,250766.01863248335
10,6,ptf3,Precious Metals,38883.88431678065
10,6,ptf3,Bonds,275661.974095408
10,6,ptf3,Crypto,75585.21347454403
10,6,ptf3,Stocks,434783.6954926118
10,6,ptf4,Cash,142491.9589189666
10,6,ptf4,Real Estate,250766.01863248335
10,6,ptf4,Precious Metals,38883.88431678065
10,6,ptf4,Bonds,183170.0151764414
10,6,ptf4,Crypto,75585.21347454403
10,6,ptf4,Stocks,434783.6954926118
10,6,ptf5,Cash,142491.9589189666
10,6,ptf5,Real Estate,196637.76541857223
10,6,ptf5,Precious Metals,49159.44135464306
10,6,ptf5,Bonds,294956.64812785835
10,6,ptf5,Crypto,49159.44135464306
10,6,ptf5,Stocks,393275.53083714447
10,6,returns,Cash,0.0
10,6,returns,Money Market,0.03099927176662098
10,6,returns,Bonds,-0.06541528782252234
10,6,returns,Stocks,0.10554474255520332
10,6,returns,Crypto,0.5375523275226378
10,6,returns,Precious Metals,-0.2090250978186083
10,6,returns,Real Estate,0.2752688584448225
10,6,contributions,,0.0
10,6,withdrawals,,50000.0
10,6,availableCash,,50000.0
10,6,cashBuffer,,150000.0
10,6,cashDepletion,,50000.0
10,6,shortfall,,0.0
10,6,cashReplenishment,,92491.95891896659
10,6,financialGainLoss,,92491.95891896659
10,7,ptf_bop,Cash,142491.9589189666
10,7,ptf_bop,Real Estate,196637.76541857223
10,7,ptf_bop,Precious Metals,49159.44135464306
10,7,ptf_bop,Bonds,294956.64812785835
10,7,ptf_bop,Crypto,49159.44135464306
10,7,ptf_bop,Stocks,393275.53083714447
10,7,ptf_eop,Cash,92491.95891896659
10,7,ptf_eop,Real Estate,156794.92210729673
10,7,ptf_eop,Precious Metals,55241.34692869321
10,7,ptf_eop,Bonds,271618.36922121845
10,7,ptf_eop,Crypto,46210.4205163568
10,7,ptf_eop,Stocks,415043.34387033037
10,7,ptf1,Cash,92491.95891896659
10,7,ptf1,Real Estate,196637.76541857223
10,7,ptf1,Precious Metals,49159.44135464306
10,7,ptf1,Bonds,294956.64812785835
10,7,ptf1,Crypto,49159.44135464306
10,7,ptf1,Stocks,393275.53083714447
10,7,ptf2,Cash,92491.95891896659
10,7,ptf2,Real Estate,196637.76541857223
10,7,ptf2,Precious Metals,49159.44135464306
10,7,ptf2,Bonds,294956.64812785835
10,7,ptf2,Crypto,49159.44135464306
10,7,ptf2,Stocks,393275.53083714447
10,7,ptf3,Cash,92491.95891896659
10,7,ptf3,Real Estate,156794.92210729673
10,7,ptf3,Precious Metals,55241.34692869321
10,7,ptf3,Bonds,271618.36922121845
10,7,ptf3,Crypto,46210.4205163568
10,7,ptf3,Stocks,415043.34387033037
10,7,ptf4,Cash,92491.95891896659
10,7,ptf4,Real Estate,156794.92210729673
10,7,ptf4,Precious Metals,55241.34692869321
10,7,ptf4,Bonds,271618.36922121845
10,7,ptf4,Crypto,46210.4205163568
10,7,ptf4,Stocks,415043.34387033037
10,7,ptf5,Cash,92491.95891896659
10,7,ptf5,Real Estate,156794.92210729673
10,7,ptf5,Precious Metals,55241.34692869321
10,7,ptf5,Bonds,271618.36922121845
10,7,ptf5,Crypto,46210.4205163568
10,7,ptf5,Stocks,415043.34387033037
10,7,returns,Cash,0.0
10,7,returns,Money Market,0.027631455297982804
10,7,returns,Bonds,-0.07912443762421367
10,7,returns,Stocks,0.05535003153348993
10,7,returns,Crypto,-0.05998890054530149
10,7,returns,Precious Metals,0.12371795542130831
10,7,returns,Real Estate,-0.20262050489876235
10,7,contributions,,0.0
10,7,withdrawals,,50000.0
10,7,availableCash,,92491.95891896659
10,7,cashBuffer,,150000.0
10,7,cashDepletion,,50000.0
10,7,shortfall,,0.0
10,7,cashReplenishment,,0
10,7,financialGainLoss,,-38280.4244489657
10,8,ptf_bop,Cash,92491.95891896659
10,8,ptf_bop,Real Estate,156794.92210729673
10,8,ptf_bop,Precious Metals,55241.34692869321
10,8,ptf_bop,Bonds,271618.36922121845
10,8,ptf_bop,Crypto,46210.4205163568
10,8,ptf_bop,Stocks,415043.34387033037
10,8,ptf_eop,Cash,42491.958918966586
10,8,ptf_eop,Real Estate,163591.35535003856
10,8,ptf_eop,Precious Metals,52491.641217005264
10,8,ptf_eop,Bonds,354947.78226961923
10,8,ptf_eop,Crypto,86697.24146968737
10,8,ptf_eop,Stocks,242546.781620179
10,8,ptf1,Cash,42491.958918966586
10,8,ptf1,Real Estate,156794.92210729673
10,8,ptf1,Precious Metals,55241.34692869321
10,8,ptf1,Bonds,271618.36922121845
10,8,ptf1,Crypto,46210.4205163568
10,8,ptf1,Stocks,415043.34387033037
10,8,ptf2,Cash,42491.958918966586
10,8,ptf2,Real Estate,188981.6805287791
10,8,ptf2,Precious Metals,47245.42013219478
10,8,ptf2,Bonds,283472.5207931687
10,8,ptf2,Crypto,47245.42013219478
10,8,ptf2,Stocks,377963.3610575582
10,8,ptf3,Cash,42491.958918966586
10,8,ptf3,Real Estate,163591.35535003856
10,8,ptf3,Precious Metals,52491.641217005264
10,8,ptf3,Bonds,354947.78226961923
10,8,ptf3,Crypto,86697.24146968737
10,8,ptf3,Stocks,242546.781620179
10,8,ptf4,Cash,42491.958918966586
10,8,ptf4,Real Estate,163591.35535003856
10,8,ptf4,Precious Metals,52491.641217005264
10,8,ptf4,Bonds,354947.78226961923
10,8,ptf4,Crypto,86697.24146968737
10,8,ptf4,Stocks,242546.781620179
10,8,ptf5,Cash,42491.958918966586
10,8,ptf5,Real Estate,163591.35535003856
10,8,ptf5,Precious Metals,52491.641217005264
10,8,ptf5,Bonds,354947.78226961923
10,8,ptf5,Crypto,86697.24146968737
10,8,ptf5,Stocks,242546.781620179
10,8,returns,Cash,0.0
10,8,returns,Money Market,0.011150695907107454
10,8,returns,Bonds,0.25214176413452555
10,8,returns,Stocks,-0.3582796466262698
10,8,returns,Crypto,0.835040120864724
10,8,returns,Precious Metals,0.11104189718561784
10,8,returns,Real Estate,-0.13435336752058352
10,8,contributions,,0.0
10,8,withdrawals,,50000.0
10,8,availableCash,,42491.958918966586
10,8,cashBuffer,,150000.0
10,8,cashDepletion,,50000.0
10,8,shortfall,,0.0
10,8,cashReplenishment,,0
10,8,financialGainLoss,,-44633.600717365975
10,9,ptf_bop,Cash,42491.958918966586
10,9,ptf_bop,Real Estate,163591.35535003856
10,9,ptf_bop,Precious Metals,52491.641217005264
10,9,ptf_bop,Bonds,354947.78226961923
10,9,ptf_bop,Crypto,86697.24146968737
10,9,ptf_bop,Stocks,242546.781620179
10,9,ptf_eop,Cash,0.0
10,9,ptf_eop,Real Estate,161204.2315705773
10,9,ptf_eop,Precious Metals,46661.14910696084
10,9,ptf_eop,Bonds,274550.28188934067
10,9,ptf_eop,Crypto,52277.70305945996
10,9,ptf_eop,Stocks,335030.30088349694
10,9,ptf1,Cash,0.0
10,9,ptf1,Real Estate,163591.35535003856
10,9,ptf1,Precious Metals,52491.641217005264
10,9,ptf1,Bonds,347439.7411885858
10,9,ptf1,Crypto,86697.24146968737
10,9,ptf1,Stocks,242546.781620179
10,9,ptf2,Cash,0.0
10,9,ptf2,Real Estate,178553.35216909915
10,9,ptf2,Precious Metals,44638.33804227479
10,9,ptf2,Bonds,267830.0282536488
10,9,ptf2,Crypto,44638.33804227479
10,9,ptf2,Stocks,357106.7043381983
10,9,ptf3,Cash,0.0
10,9,ptf3,Real Estate,161204.2315705773
10,9,ptf3,Precious Metals,46661.14910696084
10,9,ptf3,Bonds,274550.28188934067
10,9,ptf3,Crypto,52277.70305945996
10,9,ptf3,Stocks,335030.30088349694
10,9,ptf4,Cash,0.0
10,9,ptf4,Real Estate,161204.2315705773
10,9,ptf4,Precious Metals,46661.14910696084
10,9,ptf4,Bonds,274550.28188934067
10,9,ptf4,Crypto,52277.70305945996
10,9,ptf4,Stocks,335030.30088349694
10,9,ptf5,Cash,0.0
10,9,ptf5,Real Estate,161204.2315705773
10,9,ptf5,Precious Metals,46661.14910696084
10,9,ptf5,Bonds,274550.28188934067
10,9,ptf5,Crypto,52277.70305945996
10,9,ptf5,Stocks,335030.30088349694
10,9,returns,Cash,0.0
10,9,returns,Money Market,-0.004168438203025406
10,9,returns,Bonds,0.025091486863928047
10,9,returns,Stocks,-0.06182018759802906
10,9,returns,Crypto,0.17113910042865613
10,9,returns,Precious Metals,0.04531555504531438
10,9,returns,Real Estate,-0.09716491114706904
10,9,contributions,,0.0
10,9,withdrawals,,50000.0
10,9,availableCash,,0.0
10,9,cashBuffer,,150000.0
10,9,cashDepletion,,42491.958918966586
10,9,shortfall,,7508.041081033414
10,9,cashReplenishment,,0
10,9,financialGainLoss,,-23043.094335660106
10,10,ptf_bop,Cash,0.0
10,10,ptf_bop,Real Estate,161204.2315705773
10,10,ptf_bop,Precious Metals,46661.14910696084
10,10,ptf_bop,Bonds,274550.28188934067
10,10,ptf_bop,Crypto,52277.70305945996
10,10,ptf_bop,Stocks,335030.30088349694
10,10,ptf_eop,Cash,62460.064499481115
10,10,ptf_eop,Real Estate,163944.73330196715
10,10,ptf_eop,Precious Metals,40986.18332549179
10,10,ptf_eop,Bonds,245917.09995295072
10,10,ptf_eop,Crypto,40986.18332549179
10,10,ptf_eop,Stocks,327889.4666039343
10,10,ptf1,Cash,0.0
10,10,ptf1,Real Estate,161204.2315705773
10,10,ptf1,Precious Metals,46661.14910696084
10,10,ptf1,Bonds,224550.28188934067
10,10,ptf1,Crypto,52277.70305945996
10,10,ptf1,Stocks,335030.30088349694
10,10,ptf2,Cash,0.0
10,10,ptf2,Real Estate,163944.73330196715
10,10,ptf2,Precious Metals,40986.18332549179
10,10,ptf2,Bonds,245917.09995295072
10,10,ptf2,Crypto,40986.18332549179
10,10,ptf2,Stocks,327889.4666039343
10,10,ptf3,Cash,0.0
10,10,ptf3,Real Estate,161993.95419947355
10,10,ptf3,Precious Metals,43900.23923031396
10,10,ptf3,Bonds,253289.90374086986
10,10,ptf3,Crypto,46453.101990135794
10,10,ptf3,Stocks,376546.53184852377
10,10,ptf4,Cash,62460.064499481115
10,10,ptf4,Real Estate,161993.95419947355
10,10,ptf4,Precious Metals,43900.23923031396
10,10,ptf4,Bonds,190829.83924138875
10,10,ptf4,Crypto,46453.101990135794
10,10,ptf4,Stocks,376546.53184852377
10,10,ptf5,Cash,62460.064499481115
10,10,ptf5,Real Estate,163944.73330196715
10,10,ptf5,Precious Metals,40986.18332549179
10,10,ptf5,Bonds,245917.09995295072
10,10,ptf5,Crypto,40986.18332549179
10,10,ptf5,Stocks,327889.4666039343
10,10,returns,Cash,0.0
10,10,returns,Money Market,0.004010356041040307
10,10,returns,Bonds,0.029980850413939216
10,10,returns,Stocks,0.14839471895376108
10,10,returns,Crypto,0.13338442911916124
10,10,returns,Precious Metals,0.07109849389195848
10,10,returns,Real Estate,-0.011899004397417734
10,10,contributions,,0.0
10,10,withdrawals,,50000.0
10,10,availableCash,,0.0
10,10,cashBuffer,,150000.0
10,10,cashDepletion,,0.0
10,10,shortfall,,50000.0
10,10,cashReplenishment,,62460.064499481115
10,10,financialGainLoss,,62460.064499481115
10,11,ptf_bop,Cash,62460.064499481115
10,11,ptf_bop,Real Estate,163944.73330196715
10,11,ptf_bop,Precious Metals,40986.18332549179
10,11,ptf_bop,Bonds,245917.09995295072
10,11,ptf_bop,Crypto,40986.18332549179
10,11,ptf_bop,Stocks,327889.4666039343
10,11,ptf_eop,Cash,122911.51713310508
10,11,ptf_eop,Real Estate,163944.73330196715
10,11,ptf_eop,Precious Metals,40986.18332549179
10,11,ptf_eop,Bonds,245917.09995295072
10,11,ptf_eop,Crypto,40986.18332549179
10,11,ptf_eop,Stocks,327889.4666039343
10,11,ptf1,Cash,12460.064499481115
10,11,ptf1,Real Estate,163944.73330196715
10,11,ptf1,Precious Metals,40986.18332549179
10,11,ptf1,Bonds,245917.09995295072
10,11,ptf1,Crypto,40986.18332549179
10,11,ptf1,Stocks,327889.4666039343
10,11,ptf2,Cash,12460.064499481115
10,11,ptf2,Real Estate,163944.73330196715
10,11,ptf2,Precious Metals,40986.18332549179
10,11,ptf2,Bonds,245917.09995295072
10,11,ptf2,Crypto,40986.18332549179
10,11,ptf2,Stocks,327889.4666039343
10,11,ptf3,Cash,12460.064499481115
10,11,ptf3,Real Estate,162953.69605657767
10,11,ptf3,Precious Metals,38852.83467619779
10,11,ptf3,Bonds,269754.95879444695
10,11,ptf3,Crypto,33404.423499207645
10,11,ptf3,Stocks,425209.2061170296
10,11,ptf4,Cash,122911.51713310508
10,11,ptf4,Real Estate,162953.69605657767
10,11,ptf4,Precious Metals,38852.83467619779
10,11,ptf4,Bonds,159303.506160823
10,11,ptf4,Crypto,33404.423499207645
10,11,ptf4,Stocks,425209.2061170296
10,11,ptf5,Cash,122911.51713310508
10,11,ptf5,Real Estate,163944.73330196715
10,11,ptf5,Precious Metals,40986.18332549179
10,11,ptf5,Bonds,245917.09995295072
10,11,ptf5,Crypto,40986.18332549179
10,11,ptf5,Stocks,327889.4666039343
10,11,returns,Cash,0.0
10,11,returns,Money Market,0.07138213573113777
10,11,returns,Bonds,0.09693453137686207
10,11,returns,Stocks,0.296806544354931
10,11,returns,Crypto,-0.18498330927946116
10,11,returns,Precious Metals,-0.05205043446841608
10,11,returns,Real Estate,-0.006044947132056437
10,11,contributions,,0.0
10,11,withdrawals,,50000.0
10,11,availableCash,,12460.064499481115
10,11,cashBuffer,,150000.0
10,11,cashDepletion,,50000.0
10,11,shortfall,,0.0
10,11,cashReplenishment,,110451.45263362397
10,11,financialGainLoss,,110451.45263362397
10,12,ptf_bop,Cash,122911.51713310508
10,12,ptf_bop,Real Estate,163944.73330196715
10,12,ptf_bop,Precious Metals,40986.18332549179
10,12,ptf_bop,Bonds,245917.09995295072
10,12,ptf_bop,Crypto,40986.18332549179
10,12,ptf_bop,Stocks,327889.4666039343
10,12,ptf_eop,Cash,72911.51713310508
10,12,ptf_eop,Real Estate,132818.66004762045
10,12,ptf_eop,Precious Metals,38095.25891632154
10,12,ptf_eop,Bonds,232907.0193512129
10,12,ptf_eop,Crypto,36337.1912993194
10,12,ptf_eop,Stocks,281388.6173861377
10,12,ptf1,Cash,72911.51713310508
10,12,ptf1,Real Estate,163944.73330196715
10,12,ptf1,Precious Metals,40986.18332549179
10,12,ptf1,Bonds,245917.09995295072
10,12,ptf1,Crypto,40986.18332549179
10,12,ptf1,Stocks,327889.4666039343
10,12,ptf2,Cash,72911.51713310508
10,12,ptf2,Real Estate,163944.73330196715
10,12,ptf2,Precious Metals,40986.18332549179
10,12,ptf2,Bonds,245917.09995295072
10,12,ptf2,Crypto,40986.18332549179
10,12,ptf2,Stocks,327889.4666039343
10,12,ptf3,Cash,72911.51713310508
10,12,ptf3,Real Estate,132818.66004762045
10,12,ptf3,Precious Metals,38095.25891632154
10,12,ptf3,Bonds,232907.0193512129
10,12,ptf3,Crypto,36337.1912993194
10,12,ptf3,Stocks,281388.6173861377
10,12,ptf4,Cash,72911.51713310508
10,12,ptf4,Real Estate,132818.66004762045
10,12,ptf4,Precious Metals,38095.25891632154
10,12,ptf4,Bonds,232907.0193512129
10,12,ptf4,Crypto,36337.1912993194
10,12,ptf4,Stocks,281388.6173861377
10,12,ptf5,Cash,72911.51713310508
10,12,ptf5,Real Estate,132818.66004762045
10,12,ptf5,Precious Metals,38095.25891632154
10,12,ptf5,Bonds,232907.0193512129
10,12,ptf5,Crypto,36337.1912993194
10,12,ptf5,Stocks,281388.6173861377
10,12,returns,Cash,0.0
10,12,returns,Money Market,0.04017640725915092
10,12,returns,Bonds,-0.052904334851976334
10,12,returns,Stocks,-0.14181867352868063
10,12,returns,Crypto,-0.11342827384663785
10,12,returns,Precious Metals,-0.07053412088195596
10,12,returns,Real Estate,-0.18985710993848212
10,12,contributions,,0.0
10,12,withdrawals,,50000.0
10,12,availableCash,,72911.51713310508
10,12,cashBuffer,,150000.0
10,12,cashDepletion,,50000.0
10,12,shortfall,,0.0
10,12,cashReplenishment,,0
10,12,financialGainLoss,,-98176.91950922378
10,13,ptf_bop,Cash,72911.51713310508
10,13,ptf_bop,Real Estate,132818.66004762045
10,13,ptf_bop,Precious Metals,38095.25891632154
10,13,ptf_bop,Bonds,232907.0193512129
10,13,ptf_bop,Crypto,36337.1912993194
10,13,ptf_bop,Stocks,281388.6173861377
10,13,ptf_eop,Cash,22911.51713310508
10,13,ptf_eop,Real Estate,127265.43823100012
10,13,ptf_eop,Precious Metals,37952.08514363271
10,13,ptf_eop,Bonds,249363.15772778593
10,13,ptf_eop,Crypto,33804.32378859052
10,13,ptf_eop,Stocks,193554.10214406598
10,13,ptf1,Cash,22911.51713310508
10,13,ptf1,Real Estate,132818.66004762045
10,13,ptf1,Precious Metals,38095.25891632154
10,13,ptf1,Bonds,232907.0193512129
10,13,ptf1,Crypto,36337.1912993194
10,13,ptf1,Stocks,281388.6173861377
10,13,ptf2,Cash,22911.51713310508
10,13,ptf2,Real Estate,144309.3494001224
10,13,ptf2,Precious Metals,36077.3373500306
10,13,ptf2,Bonds,216464.0241001836
10,13,ptf2,Crypto,36077.3373500306
10,13,ptf2,Stocks,288618.6988002448
10,13,ptf3,Cash,22911.51713310508
10,13,ptf3,Real Estate,127265.43823100012
10,13,ptf3,Precious Metals,37952.08514363271
10,13,ptf3,Bonds,249363.15772778593
10,13,ptf3,Crypto,33804.32378859052
10,13,ptf3,Stocks,193554.10214406598
10,13,ptf4,Cash,22911.51713310508
10,13,ptf4,Real Estate,127265.43823100012
10,13,ptf4,Precious Metals,37952.08514363271
10,13,ptf4,Bonds,249363.15772778593
10,13,ptf4,Crypto,33804.32378859052
10,13,ptf4,Stocks,193554.10214406598
10,13,ptf5,Cash,22911.51713310508
10,13,ptf5,Real Estate,127265.43823100012
10,13,ptf5,Precious Metals,37952.08514363271
10,13,ptf5,Bonds,249363.15772778593
10,13,ptf5,Crypto,33804.32378859052
10,13,ptf5,Stocks,193554.10214406598
10,13,returns,Cash,0.0
10,13,returns,Money Market,0.017787615707003795
10,13,returns,Bonds,0.1519843020768014
10,13,returns,Stocks,-0.32937781596047505
10,13,returns,Crypto,-0.06300391681866044
10,13,returns,Precious Metals,0.05196469394104326
10,13,returns,Real Estate,-0.11810677021254597
10,13,contributions,,0.0
10,13,withdrawals,,50000.0
10,13,availableCash,,22911.51713310508
10,13,cashBuffer,,150000.0
10,13,cashDepletion,,50000.0
10,13,shortfall,,0.0
10,13,cashReplenishment,,0
10,13,financialGainLoss,,-79607.63996553677
10,14,ptf_bop,Cash,22911.51713310508
10,14,ptf_bop,Real Estate,127265.43823100012
10,14,ptf_bop,Precious Metals,37952.08514363271
10,14,ptf_bop,Bonds,249363.15772778593
10,14,ptf_bop,Crypto,33804.32378859052
10,14,ptf_bop,Stocks,193554.10214406598
10,14,ptf_eop,Cash,52929.68967228511
10,14,ptf_eop,Real Estate,122970.12483363606
10,14,ptf_eop,Precious Metals,30742.531208409015
10,14,ptf_eop,Bonds,184455.1872504541
10,14,ptf_eop,Crypto,30742.531208409015
10,14,ptf_eop,Stocks,245940.24966727212
10,14,ptf1,Cash,0.0
10,14,ptf1,Real Estate,127265.43823100012
10,14,ptf1,Precious Metals,37952.08514363271
10,14,ptf1,Bonds,222274.674860891
10,14,ptf1,Crypto,33804.32378859052
10,14,ptf1,Stocks,193554.10214406598
10,14,ptf2,Cash,0.0
10,14,ptf2,Real Estate,122970.12483363606
10,14,ptf2,Precious Metals,30742.531208409015
10,14,ptf2,Bonds,184455.1872504541
10,14,ptf2,Crypto,30742.531208409015
10,14,ptf2,Stocks,245940.24966727212
10,14,ptf3,Cash,0.0
10,14,ptf3,Real Estate,117249.41142653745
10,14,ptf3,Precious Metals,32329.629955916498
10,14,ptf3,Bonds,200828.71958256178
10,14,ptf3,Crypto,28228.45263886797
10,14,ptf3,Stocks,289144.1002365817
10,14,ptf4,Cash,52929.68967228511
10,14,ptf4,Real Estate,117249.41142653745
10,14,ptf4,Precious Metals,32329.629955916498
10,14,ptf4,Bonds,147899.02991027667
10,14,ptf4,Crypto,28228.45263886797
10,14,ptf4,Stocks,289144.1002365817
10,14,ptf5,Cash,52929.68967228511
10,14,ptf5,Real Estate,122970.12483363606
10,14,ptf5,Precious Metals,30742.531208409015
10,14,ptf5,Bonds,184455.1872504541
10,14,ptf5,Crypto,30742.531208409015
10,14,ptf5,Stocks,245940.24966727212
10,14,returns,Cash,0.0
10,14,returns,Money Market,0.0013334857686945927
10,14,returns,Bonds,0.08876699309017329
10,14,returns,Stocks,0.17566807640375764
10,14,returns,Crypto,-0.08177851564979037
10,14,returns,Precious Metals,0.051625506590471076
10,14,returns,Real Estate,-0.04652116450916873
10,14,contributions,,0.0
10,14,withdrawals,,50000.0
10,14,availableCash,,0.0
10,14,cashBuffer,,150000.0
10,14,cashDepletion,,22911.51713310508
10,14,shortfall,,27088.48286689492
10,14,cashReplenishment,,52929.68967228511
10,14,financialGainLoss,,52929.68967228511
10,15,ptf_bop,Cash,52929.68967228511
10,15,ptf_bop,Real Estate,122970.12483363606
10,15,ptf_bop,Precious Metals,30742.531208409015
10,15,ptf_bop,Bonds,184455.1872504541
10,15,ptf_bop,Crypto,30742.531208409015
10,15,ptf_bop,Stocks,245940.24966727212
10,15,ptf_eop,Cash,2929.689672285109
10,15,ptf_eop,Real Estate,120049.65336273634
10,15,ptf_eop,Precious Metals,29840.50803174917
10,15,ptf_eop,Bonds,201007.07775871234
10,15,ptf_eop,Crypto,36033.44923473147
10,15,ptf_eop,Stocks,226369.95971293325
10,15,ptf1,Cash,2929.689672285109
10,15,ptf1,Real Estate,122970.12483363606
10,15,ptf1,Precious Metals,30742.531208409015
10,15,ptf1,Bonds,184455.1872504541
10,15,ptf1,Crypto,30742.531208409015
10,15,ptf1,Stocks,245940.24966727212
10,15,ptf2,Cash,2929.689672285109
10,15,ptf2,Real Estate,122970.12483363606
10,15,ptf2,Precious Metals,30742.531208409015
10,15,ptf2,Bonds,184455.1872504541
10,15,ptf2,Crypto,30742.531208409015
10,15,ptf2,Stocks,245940.24966727212
10,15,ptf3,Cash,2929.689672285109
10,15,ptf3,Real Estate,120049.65336273634
10,15,ptf3,Precious Metals,29840.50803174917
10,15,ptf3,Bonds,201007.07775871234
10,15,ptf3,Crypto,36033.44923473147
10,15,ptf3,Stocks,226369.95971293325
10,15,ptf4,Cash,2929.689672285109
10,15,ptf4,Real Estate,120049.65336273634
10,15,ptf4,Precious Metals,29840.50803174917
10,15,ptf4,Bonds,201007.07775871234
10,15,ptf4,Crypto,36033.44923473147
10,15,ptf4,Stocks,226369.95971293325
10,15,ptf5,Cash,2929.689672285109
10,15,ptf5,Real Estate,120049.65336273634
10,15,ptf5,Precious Metals,29840.50803174917
10,15,ptf5,Bonds,201007.07775871234
10,15,ptf5,Crypto,36033.44923473147
10,15,ptf5,Stocks,226369.95971293325
10,15,returns,Cash,0.0
10,15,returns,Money Market,0.02021875246859783
10,15,returns,Bonds,0.0897339389311075
10,15,returns,Stocks,-0.07957335157956098
10,15,returns,Crypto,0.17210417679840326
10,15,returns,Precious Metals,-0.029341213660803354
10,15,returns,Real Estate,-0.023749438937715778
10,15,contributions,,0.0
10,15,withdrawals,,50000.0
10,15,availableCash,,2929.689672285109
10,15,cashBuffer,,150000.0
10,15,cashDepletion,,50000.0
10,15,shortfall,,0.0
10,15,cashReplenishment,,0
10,15,financialGainLoss,,-1549.9760673176497
10,16,ptf_bop,Cash,2929.689672285109
10,16,ptf_bop,Real Estate,120049.65336273634
10,16,ptf_bop,Precious Metals,29840.50803174917
10,16,ptf_bop,Bonds,201007.07775871234
10,16,ptf_bop,Crypto,36033.44923473147
10,16,ptf_bop,Stocks,226369.95971293325
10,16,ptf_eop,Cash,51176.342889621155
10,16,ptf_eop,Real Estate,113246.06755462955
10,16,ptf_eop,Precious Metals,28311.51688865739
10,16,ptf_eop,Bonds,169869.10133194432
10,16,ptf_eop,Crypto,28311.51688865739
10,16,ptf_eop,Stocks,226492.1351092591
10,16,ptf1,Cash,0.0
10,16,ptf1,Real Estate,120049.65336273634
10,16,ptf1,Precious Metals,29840.50803174917
10,16,ptf1,Bonds,153936.76743099745
10,16,ptf1,Crypto,36033.44923473147
10,16,ptf1,Stocks,226369.95971293325
10,16,ptf2,Cash,0.0
10,16,ptf2,Real Estate,113246.06755462955
10,16,ptf2,Precious Metals,28311.51688865739
10,16,ptf2,Bonds,169869.10133194432
10,16,ptf2,Crypto,28311.51688865739
10,16,ptf2,Stocks,226492.1351092591
10,16,ptf3,Cash,0.0
10,16,ptf3,Real Estate,117638.494718324
10,16,ptf3,Precious Metals,30629.69775544492
10,16,ptf3,Bonds,167919.24438286747
10,16,ptf3,Crypto,39846.99458716354
10,16,ptf3,Stocks,261372.2492189689
10,16,ptf4,Cash,51176.342889621155
10,16,ptf4,Real Estate,117638.494718324
10,16,ptf4,Precious Metals,30629.69775544492
10,16,ptf4,Bonds,116742.90149324632
10,16,ptf4,Crypto,39846.99458716354
10,16,ptf4,Stocks,261372.2492189689
10,16,ptf5,Cash,51176.342889621155
10,16,ptf5,Real Estate,113246.06755462955
10,16,ptf5,Precious Metals,28311.51688865739
10,16,ptf5,Bonds,169869.10133194432
10,16,ptf5,Crypto,28311.51688865739
10,16,ptf5,Stocks,226492.1351092591
10,16,returns,Cash,0.0
10,16,returns,Money Market,-0.009843541809679713
10,16,returns,Bonds,-0.011478585179929697
10,16,returns,Stocks,0.15400143626569526
10,16,returns,Crypto,0.4074482389577537
10,16,returns,Precious Metals,0.08188119611903515
10,16,returns,Real Estate,0.038786575627233665
10,16,contributions,,0.0
10,16,withdrawals,,50000.0
10,16,availableCash,,0.0
10,16,cashBuffer,,150000.0
10,16,cashDepletion,,2929.689672285109
10,16,shortfall,,47070.31032771489
10,16,cashReplenishment,,51176.342889621155
10,16,financialGainLoss,,51176.342889621155
10,17,ptf_bop,Cash,51176.342889621155
10,17,ptf_bop,Real Estate,113246.06755462955
10,17,ptf_bop,Precious Metals,28311.51688865739
10,17,ptf_bop,Bonds,169869.10133194432
10,17,ptf_bop,Crypto,28311.51688865739
10,17,ptf_bop,Stocks,226492.1351092591
10,17,ptf_eop,Cash,5557.746703041485
10,17,ptf_eop,Real Estate,113246.06755462952
10,17,ptf_eop,Precious Metals,28311.51688865738
10,17,ptf_eop,Bonds,169869.1013319443
10,17,ptf_eop,Crypto,28311.51688865738
10,17,ptf_eop,Stocks,226492.13510925905
10,17,ptf1,Cash,1176.3428896211553
10,17,ptf1,Real Estate,113246.06755462955
10,17,ptf1,Precious Metals,28311.51688865739
10,17,ptf1,Bonds,169869.10133194432
10,17,ptf1,Crypto,28311.51688865739
10,17,ptf1,Stocks,226492.1351092591
10,17,ptf2,Cash,1176.3428896211553
10,17,ptf2,Real Estate,113246.06755462955
10,17,ptf2,Precious Metals,28311.51688865739
10,17,ptf2,Bonds,169869.10133194432
10,17,ptf2,Crypto,28311.51688865739
10,17,ptf2,Stocks,226492.1351092591
10,17,ptf3,Cash,1176.3428896211553
10,17,ptf3,Real Estate,116383.4865801372
10,17,ptf3,Precious Metals,32215.099051822042
10,17,ptf3,Bonds,177484.0323104631
10,17,ptf3,Crypto,27877.83323538187
10,17,ptf3,Stocks,216651.29040876374
10,17,ptf4,Cash,5557.746703041485
10,17,ptf4,Real Estate,116383.4865801372
10,17,ptf4,Precious Metals,32215.099051822042
10,17,ptf4,Bonds,173102.62849704278
10,17,ptf4,Crypto,27877.83323538187
10,17,ptf4,Stocks,216651.29040876374
10,17,ptf5,Cash,5557.746703041485
10,17,ptf5,Real Estate,113246.06755462952
10,17,ptf5,Precious Metals,28311.51688865738
10,17,ptf5,Bonds,169869.1013319443
10,17,ptf5,Crypto,28311.51688865738
10,17,ptf5,Stocks,226492.13510925905
10,17,returns,Cash,0.0
10,17,returns,Money Market,0.005174634243609925
10,17,returns,Bonds,0.04482822902346628
10,17,returns,Stocks,-0.0434489466742329
10,17,returns,Crypto,-0.015318276833456039
10,17,returns,Precious Metals,0.1378796543652726
10,17,returns,Real Estate,0.02770444125129698
10,17,contributions,,0.0
10,17,withdrawals,,50000.0
10,17,availableCash,,1176.3428896211553
10,17,cashBuffer,,150000.0
10,17,cashDepletion,,50000.0
10,17,shortfall,,0.0
10,17,cashReplenishment,,4381.403813420329
10,17,financialGainLoss,,4381.403813420329
10,18,ptf_bop,Cash,5557.746703041485
10,18,ptf_bop,Real Estate,113246.06755462952
10,18,ptf_bop,Precious Metals,28311.51688865738
10,18,ptf_bop,Bonds,169869.1013319443
10,18,ptf_bop,Crypto,28311.51688865738
10,18,ptf_bop,Stocks,226492.13510925905
10,18,ptf_eop,Cash,16691.271995274234
10,18,ptf_eop,Real Estate,104357.61689523782
10,18,ptf_eop,Precious Metals,26089.404223809455
10,18,ptf_eop,Bonds,156536.42534285673
10,18,ptf_eop,Crypto,26089.404223809455
10,18,ptf_eop,Stocks,208715.23379047564
10,18,ptf1,Cash,0.0
10,18,ptf1,Real Estate,113246.06755462952
10,18,ptf1,Precious Metals,28311.51688865738
10,18,ptf1,Bonds,125426.84803498577
10,18,ptf1,Crypto,28311.51688865738
10,18,ptf1,Stocks,226492.13510925905
10,18,ptf2,Cash,0.0
10,18,ptf2,Real Estate,104357.61689523782
10,18,ptf2,Precious Metals,26089.404223809455
10,18,ptf2,Bonds,156536.42534285673
10,18,ptf2,Crypto,26089.404223809455
10,18,ptf2,Stocks,208715.23379047564
10,18,ptf3,Cash,0.0
10,18,ptf3,Real Estate,98918.89626665055
10,18,ptf3,Precious Metals,29390.69236789744
10,18,ptf3,Bonds,153229.5950437932
10,18,ptf3,Crypto,36014.137348198405
10,18,ptf3,Stocks,220926.03544492373
10,18,ptf4,Cash,16691.271995274234
10,18,ptf4,Real Estate,98918.89626665055
10,18,ptf4,Precious Metals,29390.69236789744
10,18,ptf4,Bonds,136538.32304851897
10,18,ptf4,Crypto,36014.137348198405
10,18,ptf4,Stocks,220926.03544492373
10,18,ptf5,Cash,16691.271995274234
10,18,ptf5,Real Estate,104357.61689523782
10,18,ptf5,Precious Metals,26089.404223809455
10,18,ptf5,Bonds,156536.42534285673
10,18,ptf5,Crypto,26089.404223809455
10,18,ptf5,Stocks,208715.23379047564
10,18,returns,Cash,0.0
10,18,returns,Money Market,-0.002541872557495173
10,18,returns,Bonds,-0.021124989227399756
10,18,returns,Stocks,0.058504601857218716
10,18,returns,Crypto,0.38041240954561695
10,18,returns,Precious Metals,0.1265375060222801
10,18,returns,Real Estate,-0.05211618270324317
10,18,contributions,,0.0
10,18,withdrawals,,50000.0
10,18,availableCash,,0.0
10,18,cashBuffer,,150000.0
10,18,cashDepletion,,5557.746703041485
10,18,shortfall,,44442.253296958515
10,18,cashReplenishment,,16691.271995274234
10,18,financialGainLoss,,16691.271995274234
10,19,ptf_bop,Cash,16691.271995274234
10,19,ptf_bop,Real Estate,104357.61689523782
10,19,ptf_bop,Precious Metals,26089.404223809455
10,19,ptf_bop,Bonds,156536.42534285673
10,19,ptf_bop,Crypto,26089.404223809455
10,19,ptf_bop,Stocks,208715.23379047564
10,19,ptf_eop,Cash,0.0
10,19,ptf_eop,Real Estate,94921.37992514095
10,19,ptf_eop,Precious Metals,27586.370882672072
10,19,ptf_eop,Bonds,157915.37975522628
10,19,ptf_eop,Crypto,26560.488880391127
10,19,ptf_eop,Stocks,145645.1441158726
10,19,ptf1,Cash,0.0
10,19,ptf1,Real Estate,104357.61689523782
10,19,ptf1,Precious Metals,26089.404223809455
10,19,ptf1,Bonds,123227.69733813097
10,19,ptf1,Crypto,26089.404223809455
10,19,ptf1,Stocks,208715.23379047564
10,19,ptf2,Cash,0.0
10,19,ptf2,Real Estate,97695.87129429266
10,19,ptf2,Precious Metals,24423.967823573166
10,19,ptf2,Bonds,146543.80694143902
10,19,ptf2,Crypto,24423.967823573166
10,19,ptf2,Stocks,195391.74258858533
10,19,ptf3,Cash,0.0
10,19,ptf3,Real Estate,94921.37992514095
10,19,ptf3,Precious Metals,27586.370882672072
10,19,ptf3,Bonds,157915.37975522628
10,19,ptf3,Crypto,26560.488880391127
10,19,ptf3,Stocks,145645.1441158726
10,19,ptf4,Cash,0.0
10,19,ptf4,Real Estate,94921.37992514095
10,19,ptf4,Precious Metals,27586.370882672072
10,19,ptf4,Bonds,157915.37975522628
10,19,ptf4,Crypto,26560.488880391127
10,19,ptf4,Stocks,145645.1441158726
10,19,ptf5,Cash,0.0
10,19,ptf5,Real Estate,94921.37992514095
10,19,ptf5,Precious Metals,27586.370882672072
10,19,ptf5,Bonds,157915.37975522628
10,19,ptf5,Crypto,26560.488880391127
10,19,ptf5,Stocks,145645.1441158726
10,19,returns,Cash,0.0
10,19,returns,Money Market,0.01358298109141332
10,19,returns,Bonds,0.07759845367147808
10,19,returns,Stocks,-0.2545992876344761
10,19,returns,Crypto,0.08747641137800166
10,19,returns,Precious Metals,0.1294794966134317
10,19,returns,Real Estate,-0.02839926941020897
10,19,contributions,,0.0
10,19,withdrawals,,50000.0
10,19,availableCash,,0.0
10,19,cashBuffer,,150000.0
10,19,cashDepletion,,16691.271995274234
10,19,shortfall,,33308.72800472577
10,19,cashReplenishment,,0
10,19,financialGainLoss,,-35850.592912160326
10,20,ptf_bop,Cash,0.0
10,20,ptf_bop,Real Estate,94921.37992514095
10,20,ptf_bop,Precious Metals,27586.370882672072
10,20,ptf_bop,Bonds,157915.37975522628
10,20,ptf_bop,Crypto,26560.488880391127
10,20,ptf_bop,Stocks,145645.1441158726
10,20,ptf_eop,Cash,0.0
10,20,ptf_eop,Real Estate,83068.6143119351
10,20,ptf_eop,Precious Metals,13997.454932828878
10,20,ptf_eop,Bonds,125301.83813341071
10,20,ptf_eop,Crypto,16087.628281510677
10,20,ptf_eop,Stocks,132326.05680926275
10,20,ptf1,Cash,0.0
10,20,ptf1,Real Estate,94921.37992514095
10,20,ptf1,Precious Metals,27586.370882672072
10,20,ptf1,Bonds,107915.37975522628
10,20,ptf1,Crypto,26560.488880391127
10,20,ptf1,Stocks,145645.1441158726
10,20,ptf2,Cash,0.0
10,20,ptf2,Real Estate,80525.75271186061
10,20,ptf2,Precious Metals,20131.438177965152
10,20,ptf2,Bonds,120788.6290677909
10,20,ptf2,Crypto,20131.438177965152
10,20,ptf2,Stocks,161051.50542372122
10,20,ptf3,Cash,0.0
10,20,ptf3,Real Estate,83068.6143119351
10,20,ptf3,Precious Metals,13997.454932828878
10,20,ptf3,Bonds,125301.83813341071
10,20,ptf3,Crypto,16087.628281510677
10,20,ptf3,Stocks,132326.05680926275
10,20,ptf4,Cash,0.0
10,20,ptf4,Real Estate,83068.6143119351
10,20,ptf4,Precious Metals,13997.454932828878
10,20,ptf4,Bonds,125301.83813341071
10,20,ptf4,Crypto,16087.628281510677
10,20,ptf4,Stocks,132326.05680926275
10,20,ptf5,Cash,0.0
10,20,ptf5,Real Estate,83068.6143119351
10,20,ptf5,Precious Metals,13997.454932828878
10,20,ptf5,Bonds,125301.83813341071
10,20,ptf5,Crypto,16087.628281510677
10,20,ptf5,Stocks,132326.05680926275
10,20,returns,Cash,0.0
10,20,returns,Money Market,-0.025233964623497928
10,20,returns,Bonds,0.03736451932976937
10,20,returns,Stocks,-0.17836187584141336
10,20,returns,Crypto,-0.20087039290022624
10,20,returns,Precious Metals,-0.3046967231506698
10,20,returns,Real Estate,0.031578240680014844
10,20,contributions,,0.0
10,20,withdrawals,,50000.0
10,20,availableCash,,0.0
10,20,cashBuffer,,150000.0
10,20,cashDepletion,,0.0
10,20,shortfall,,50000.0
10,20,cashReplenishment,,0
10,20,financialGainLoss,,-31847.17109035491
11,1,ptf_bop,Cash,150000.0
11,1,ptf_bop,Real Estate,170000.0
11,1,ptf_bop,Precious Metals,42500.0
11,1,ptf_bop,Bonds,255000.0
11,1,ptf_bop,Crypto,42500.0
11,1,ptf_bop,Stocks,340000.0
11,1,ptf_eop,Cash,150000.0
11,1,ptf_eop,Real Estate,178109.15654276218
11,1,ptf_eop,Precious Metals,44527.289135690546
11,1,ptf_eop,Bonds,267163.7348141433
11,1,ptf_eop,Crypto,44527.289135690546
11,1,ptf_eop,Stocks,356218.31308552437
11,1,ptf1,Cash,100000.0
11,1,ptf1,Real Estate,170000.0
11,1,ptf1,Precious Metals,42500.0
11,1,ptf1,Bonds,255000.0
11,1,ptf1,Crypto,42500.0
11,1,ptf1,Stocks,340000.0
11,1,ptf2,Cash,100000.0
11,1,ptf2,Real Estate,170000.0
11,1,ptf2,Precious Metals,42500.0
11,1,ptf2,Bonds,255000.0
11,1,ptf2,Crypto,42500.0
11,1,ptf2,Stocks,340000.0
11,1,ptf3,Cash,100000.0
11,1,ptf3,Real Estate,214778.81200675538
11,1,ptf3,Precious Metals,46234.787027894105
11,1,ptf3,Bonds,321676.5510618814
11,1,ptf3,Crypto,53355.14754169007
11,1,ptf3,Stocks,304500.48507558997
11,1,ptf4,Cash,150000.0
11,1,ptf4,Real Estate,214778.81200675538
11,1,ptf4,Precious Metals,46234.787027894105
11,1,ptf4,Bonds,271676.5510618814
11,1,ptf4,Crypto,53355.14754169007
11,1,ptf4,Stocks,304500.48507558997
11,1,ptf5,Cash,150000.0
11,1,ptf5,Real Estate,178109.15654276218
11,1,ptf5,Precious Metals,44527.289135690546
11,1,ptf5,Bonds,267163.7348141433
11,1,ptf5,Crypto,44527.289135690546
11,1,ptf5,Stocks,356218.31308552437
11,1,returns,Cash,0.0
11,1,returns,Money Market,0.11539519113281921
11,1,returns,Bonds,0.26147667083090753
11,1,returns,Stocks,-0.1044103380129706
11,1,returns,Crypto,0.25541523627506046
11,1,returns,Precious Metals,0.08787734183280244
11,1,returns,Real Estate,0.2634047765103258
11,1,contributions,,0.0
11,1,withdrawals,,50000.0
11,1,availableCash,,100000.0
11,1,cashBuffer,,150000.0
11,1,cashDepletion,,50000.0
11,1,shortfall,,0.0
11,1,cashReplenishment,,50000.0
11,1,financialGainLoss,,90545.78271381091
11,2,ptf_bop,Cash,150000.0
11,2,ptf_bop,Real Estate,178109.15654276218
11,2,ptf_bop,Precious Metals,44527.289135690546
11,2,ptf_bop,Bonds,267163.7348141433
11,2,ptf_bop,Crypto,44527.289135690546
11,2,ptf_bop,Stocks,356218.31308552437
11,2,ptf_eop,Cash,150000.0
11,2,ptf_eop,Real Estate,194766.83050416422
11,2,ptf_eop,Precious Metals,48691.707626041054
11,2,ptf_eop,Bonds,292150.2457562463
11,2,ptf_eop,Crypto,48691.707626041054
11,2,ptf_eop,Stocks,389533.66100832843
11,2,ptf1,Cash,100000.0
11,2,ptf1,Real Estate,178109.15654276218
11,2,ptf1,Precious Metals,44527.289135690546
11,2,ptf1,Bonds,267163.7348141433
11,2,ptf1,Crypto,44527.289135690546
11,2,ptf1,Stocks,356218.31308552437
11,2,ptf2,Cash,100000.0
11,2,ptf2,Real Estate,178109.15654276218
11,2,ptf2,Precious Metals,44527.289135690546
11,2,ptf2,Bonds,267163.7348141433
11,2,ptf2,Crypto,44527.289135690546
11,2,ptf2,Stocks,356218.31308552437
11,2,ptf3,Cash,100000.0
11,2,ptf3,Real Estate,180582.9088234004
11,2,ptf3,Precious Metals,62216.619624028215
11,2,ptf3,Bonds,246753.54327306725
11,2,ptf3,Crypto,51731.82061974801
11,2,ptf3,Stocks,482549.2601805772
11,2,ptf4,Cash,150000.0
11,2,ptf4,Real Estate,180582.9088234004
11,2,ptf4,Precious Metals,62216.619624028215
11,2,ptf4,Bonds,196753.54327306725
11,2,ptf4,Crypto,51731.82061974801
11,2,ptf4,Stocks,482549.2601805772
11,2,ptf5,Cash,150000.0
11,2,ptf5,Real Estate,194766.83050416422
11,2,ptf5,Precious Metals,48691.707626041054
11,2,ptf5,Bonds,292150.2457562463
11,2,ptf5,Crypto,48691.707626041054
11,2,ptf5,Stocks,389533.66100832843
11,2,returns,Cash,0.0
11,2,returns,Money Market,-0.046105417935038376
11,2,returns,Bonds,-0.07639581605368212
11,2,returns,Stocks,0.3546447289606981
11,2,returns,Crypto,0.1618003616187521
11,2,returns,Precious Metals,0.3972694235759999
11,2,returns,Real Estate,0.013888967466107086
11,2,contributions,,0.0
11,2,withdrawals,,50000.0
11,2,availableCash,,100000.0
11,2,cashBuffer,,150000.0
11,2,cashDepletion,,50000.0
11,2,shortfall,,0.0
11,2,cashReplenishment,,50000.0
11,2,financialGainLoss,,133288.36980701005
11,3,ptf_bop,Cash,150000.0
11,3,ptf_bop,Real Estate,194766.83050416422
11,3,ptf_bop,Precious Metals,48691.707626041054
11,3,ptf_bop,Bonds,292150.2457562463
11,3,ptf_bop,Crypto,48691.707626041054
11,3,ptf_bop,Stocks,389533.66100832843
11,3,ptf_eop,Cash,100000.0
11,3,ptf_eop,Real Estate,176217.9577804291
11,3,ptf_eop,Precious Metals,39450.780780361085
11,3,ptf_eop,Bonds,279498.65810762765
11,3,ptf_eop,Crypto,57617.311016255226
11,3,ptf_eop,Stocks,371720.6975459334
11,3,ptf1,Cash,100000.0
11,3,ptf1,Real Estate,194766.83050416422
11,3,ptf1,Precious Metals,48691.707626041054
11,3,ptf1,Bonds,292150.2457562463
11,3,ptf1,Crypto,48691.707626041054
11,3,ptf1,Stocks,389533.66100832843
11,3,ptf2,Cash,100000.0
11,3,ptf2,Real Estate,194766.83050416422
11,3,ptf2,Precious Metals,48691.707626041054
11,3,ptf2,Bonds,292150.2457562463
11,3,ptf2,Crypto,48691.707626041054
11,3,ptf2,Stocks,389533.66100832843
11,3,ptf3,Cash,100000.0
11,3,ptf3,Real Estate,176217.9577804291
11,3,ptf3,Precious Metals,39450.780780361085
11,3,ptf3,Bonds,279498.65810762765
11,3,ptf3,Crypto,57617.311016255226
11,3,ptf3,Stocks,371720.6975459334
11,3,ptf4,Cash,100000.0
11,3,ptf4,Real Estate,176217.9577804291
11,3,ptf4,Precious Metals,39450.780780361085
11,3,ptf4,Bonds,279498.65810762765
11,3,ptf4,Crypto,57617.311016255226
11,3,ptf4,Stocks,371720.6975459334
11,3,ptf5,Cash,100000.0
11,3,ptf5,Real Estate,176217.9577804291
11,3,ptf5,Precious Metals,39450.780780361085
11,3,ptf5,Bonds,279498.65810762765
11,3,ptf5,Crypto,57617.311016255226
11,3,ptf5,Stocks,371720.6975459334
11,3,returns,Cash,0.0
11,3,returns,Money Market,-0.05816549326846027
11,3,returns,Bonds,-0.043305072757578514
11,3,returns,Stocks,-0.0457289452631262
11,3,returns,Crypto,0.18330848978976097
11,3,returns,Precious Metals,-0.18978440675466846
11,3,returns,Real Estate,-0.09523630217589098
11,3,contributions,,0.0
11,3,withdrawals,,50000.0
11,3,availableCash,,100000.0
11,3,cashBuffer,,150000.0
11,3,cashDepletion,,50000.0
11,3,shortfall,,0.0
11,3,cashReplenishment,,0
11,3,financialGainLoss,,-49328.747290214524
11,4,ptf_bop,Cash,100000.0
11,4,ptf_bop,Real Estate,176217.9577804291
11,4,ptf_bop,Precious Metals,39450.780780361085
11,4,ptf_bop,Bonds,279498.65810762765
11,4,ptf_bop,Crypto,57617.311016255226
11,4,ptf_bop,Stocks,371720.6975459334
11,4,ptf_eop,Cash,56534.233404273866
11,4,ptf_eop,Real Estate,184901.08104612128
11,4,ptf_eop,Precious Metals,46225.27026153032
11,4,ptf_eop,Bonds,277351.62156918197
11,4,ptf_eop,Crypto,46225.27026153032
11,4,ptf_eop,Stocks,369802.16209224256
11,4,ptf1,Cash,50000.0
11,4,ptf1,Real Estate,176217.9577804291
11,4,ptf1,Precious Metals,39450.780780361085
11,4,ptf1,Bonds,279498.65810762765
11,4,ptf1,Crypto,57617.311016255226
11,4,ptf1,Stocks,371720.6975459334
11,4,ptf2,Cash,50000.0
11,4,ptf2,Real Estate,184901.08104612128
11,4,ptf2,Precious Metals,46225.27026153032
11,4,ptf2,Bonds,277351.62156918197
11,4,ptf2,Crypto,46225.27026153032
11,4,ptf2,Stocks,369802.16209224256
11,4,ptf3,Cash,50000.0
11,4,ptf3,Real Estate,202511.2954610909
11,4,ptf3,Precious Metals,40004.63398643801
11,4,ptf3,Bonds,241957.25698163966
11,4,ptf3,Crypto,54582.12979396934
11,4,ptf3,Stocks,391984.3224117424
11,4,ptf4,Cash,56534.233404273866
11,4,ptf4,Real Estate,202511.2954610909
11,4,ptf4,Precious Metals,40004.63398643801
11,4,ptf4,Bonds,235423.0235773658
11,4,ptf4,Crypto,54582.12979396934
11,4,ptf4,Stocks,391984.3224117424
11,4,ptf5,Cash,56534.233404273866
11,4,ptf5,Real Estate,184901.08104612128
11,4,ptf5,Precious Metals,46225.27026153032
11,4,ptf5,Bonds,277351.62156918197
11,4,ptf5,Crypto,46225.27026153032
11,4,ptf5,Stocks,369802.16209224256
11,4,returns,Cash,0.0
11,4,returns,Money Market,-0.08390768992459893
11,4,returns,Bonds,-0.12761549540359776
11,4,returns,Stocks,0.05998385783901057
11,4,returns,Crypto,0.18078552023943015
11,4,returns,Precious Metals,-0.13457219914340357
11,4,returns,Real Estate,0.09524127341676795
11,4,contributions,,0.0
11,4,withdrawals,,50000.0
11,4,availableCash,,50000.0
11,4,cashBuffer,,150000.0
11,4,cashDepletion,,50000.0
11,4,shortfall,,0.0
11,4,cashReplenishment,,6534.233404273866
11,4,financialGainLoss,,6534.233404273866
11,5,ptf_bop,Cash,56534.233404273866
11,5,ptf_bop,Real Estate,184901.08104612128
11,5,ptf_bop,Precious Metals,46225.27026153032
11,5,ptf_bop,Bonds,277351.62156918197
11,5,ptf_bop,Crypto,46225.27026153032
11,5,ptf_bop,Stocks,369802.16209224256
11,5,ptf_eop,Cash,6534.233404273866
11,5,ptf_eop,Real Estate,188697.47940949423
11,5,ptf_eop,Precious Metals,53817.29952243218
11,5,ptf_eop,Bonds,269091.4309275787
11,5,ptf_eop,Crypto,21637.10886596351
11,5,ptf_eop,Stocks,359104.06797585246
11,5,ptf1,Cash,6534.233404273866
11,5,ptf1,Real Estate,184901.08104612128
11,5,ptf1,Precious Metals,46225.27026153032
11,5,ptf1,Bonds,277351.62156918197
11,5,ptf1,Crypto,46225.27026153032
11,5,ptf1,Stocks,369802.16209224256
11,5,ptf2,Cash,6534.233404273866
11,5,ptf2,Real Estate,184901.08104612128
11,5,ptf2,Precious Metals,46225.27026153032
11,5,ptf2,Bonds,277351.62156918197
11,5,ptf2,Crypto,46225.27026153032
11,5,ptf2,Stocks,369802.16209224256
11,5,ptf3,Cash,6534.233404273866
11,5,ptf3,Real Estate,188697.47940949423
11,5,ptf3,Precious Metals,53817.29952243218
11,5,ptf3,Bonds,269091.4309275787
11,5,ptf3,Crypto,21637.10886596351
11,5,ptf3,Stocks,359104.06797585246
11,5,ptf4,Cash,6534.233404273866
11,5,ptf4,Real Estate,188697.47940949423
11,5,ptf4,Precious Metals,53817.29952243218
11,5,ptf4,Bonds,269091.4309275787
11,5,ptf4,Crypto,21637.10886596351
11,5,ptf4,Stocks,359104.06797585246
11,5,ptf5,Cash,6534.233404273866
11,5,ptf5,Real Estate,188697.47940949423
11,5,ptf5,Precious Metals,53817.29952243218
11,5,ptf5,Bonds,269091.4309275787
11,5,ptf5,Crypto,21637.10886596351
11,5,ptf5,Stocks,359104.06797585246
11,5,returns,Cash,0.0
11,5,returns,Money Market,0.013951115139145778
11,5,returns,Bonds,-0.02978237731176501
11,5,returns,Stocks,-0.028929236259363958
11,5,returns,Crypto,-0.5319203383009664
11,5,returns,Precious Metals,0.16423980255709003
11,5,returns,Real Estate,0.020532050661326195
11,5,contributions,,0.0
11,5,withdrawals,,50000.0
11,5,availableCash,,6534.233404273866
11,5,cashBuffer,,150000.0
11,5,cashDepletion,,50000.0
11,5,shortfall,,0.0
11,5,cashReplenishment,,0
11,5,financialGainLoss,,-32158.018529285444
11,6,ptf_bop,Cash,6534.233404273866
11,6,ptf_bop,Real Estate,188697.47940949423
11,6,ptf_bop,Precious Metals,53817.29952243218
11,6,ptf_bop,Bonds,269091.4309275787
11,6,ptf_bop,Crypto,21637.10886596351
11,6,ptf_bop,Stocks,359104.06797585246
11,6,ptf_eop,Cash,0.0
11,6,ptf_eop,Real Estate,164927.4337154251
11,6,ptf_eop,Precious Metals,54882.27295597016
11,6,ptf_eop,Bonds,248099.20364672795
11,6,ptf_eop,Crypto,36866.69665433745
11,6,ptf_eop,Stocks,318299.60319357895
11,6,ptf1,Cash,0.0
11,6,ptf1,Real Estate,188697.47940949423
11,6,ptf1,Precious Metals,53817.29952243218
11,6,ptf1,Bonds,225625.66433185257
11,6,ptf1,Crypto,21637.10886596351
11,6,ptf1,Stocks,359104.06797585246
11,6,ptf2,Cash,0.0
11,6,ptf2,Real Estate,169776.32402111898
11,6,ptf2,Precious Metals,42444.081005279746
11,6,ptf2,Bonds,254664.4860316785
11,6,ptf2,Crypto,42444.081005279746
11,6,ptf2,Stocks,339552.64804223797
11,6,ptf3,Cash,0.0
11,6,ptf3,Real Estate,164927.4337154251
11,6,ptf3,Precious Metals,54882.27295597016
11,6,ptf3,Bonds,248099.20364672795
11,6,ptf3,Crypto,36866.69665433745
11,6,ptf3,Stocks,318299.60319357895
11,6,ptf4,Cash,0.0
11,6,ptf4,Real Estate,164927.4337154251
11,6,ptf4,Precious Metals,54882.27295597016
11,6,ptf4,Bonds,248099.20364672795
11,6,ptf4,Crypto,36866.69665433745
11,6,ptf4,Stocks,318299.60319357895
11,6,ptf5,Cash,0.0
11,6,ptf5,Real Estate,164927.4337154251
11,6,ptf5,Precious Metals,54882.27295597016
11,6,ptf5,Bonds,248099.20364672795
11,6,ptf5,Crypto,36866.69665433745
11,6,ptf5,Stocks,318299.60319357895
11,6,returns,Cash,0.0
11,6,returns,Money Market,-0.021278785239474084
11,6,returns,Bonds,-0.025780125400500058
11,6,returns,Stocks,-0.06259130939251367
11,6,returns,Crypto,-0.13140546853278576
11,6,returns,Precious Metals,0.29304891650600695
11,6,returns,Real Estate,-0.028560462323891
11,6,contributions,,0.0
11,6,withdrawals,,50000.0
11,6,availableCash,,0.0
11,6,cashBuffer,,150000.0
11,6,cashDepletion,,6534.233404273866
11,6,shortfall,,43465.766595726134
11,6,cashReplenishment,,0
11,6,financialGainLoss,,-25806.40993955522
11,7,ptf_bop,Cash,0.0
11,7,ptf_bop,Real Estate,164927.4337154251
11,7,ptf_bop,Precious Metals,54882.27295597016
11,7,ptf_bop,Bonds,248099.20364672795
11,7,ptf_bop,Crypto,36866.69665433745
11,7,ptf_bop,Stocks,318299.60319357895
11,7,ptf_eop,Cash,0.0
11,7,ptf_eop,Real Estate,161293.40448031665
11,7,ptf_eop,Precious Metals,43954.69114905561
11,7,ptf_eop,Bonds,218496.94681563624
11,7,ptf_eop,Crypto,1342.2520042469919
11,7,ptf_eop,Stocks,277199.99782418343
11,7,ptf1,Cash,0.0
11,7,ptf1,Real Estate,164927.4337154251
11,7,ptf1,Precious Metals,54882.27295597016
11,7,ptf1,Bonds,198099.20364672795
11,7,ptf1,Crypto,36866.69665433745
11,7,ptf1,Stocks,318299.60319357895
11,7,ptf2,Cash,0.0
11,7,ptf2,Real Estate,154615.04203320795
11,7,ptf2,Precious Metals,38653.76050830199
11,7,ptf2,Bonds,231922.5630498119
11,7,ptf2,Crypto,38653.76050830199
11,7,ptf2,Stocks,309230.0840664159
11,7,ptf3,Cash,0.0
11,7,ptf3,Real Estate,161293.40448031665
11,7,ptf3,Precious Metals,43954.69114905561
11,7,ptf3,Bonds,218496.94681563624
11,7,ptf3,Crypto,1342.2520042469919
11,7,ptf3,Stocks,277199.99782418343
11,7,ptf4,Cash,0.0
11,7,ptf4,Real Estate,161293.40448031665
11,7,ptf4,Precious Metals,43954.69114905561
11,7,ptf4,Bonds,218496.94681563624
11,7,ptf4,Crypto,1342.2520042469919
11,7,ptf4,Stocks,277199.99782418343
11,7,ptf5,Cash,0.0
11,7,ptf5,Real Estate,161293.40448031665
11,7,ptf5,Precious Metals,43954.69114905561
11,7,ptf5,Bonds,218496.94681563624
11,7,ptf5,Crypto,1342.2520042469919
11,7,ptf5,Stocks,277199.99782418343
11,7,returns,Cash,0.0
11,7,returns,Money Market,-0.09041094735733894
11,7,returns,Bonds,-0.05788835746564309
11,7,returns,Stocks,-0.10358011038587403
11,7,returns,Crypto,-0.965274995586556
11,7,returns,Precious Metals,0.13713880799812736
11,7,returns,Real Estate,0.04319348466544634
11,7,contributions,,0.0
11,7,withdrawals,,50000.0
11,7,availableCash,,0.0
11,7,cashBuffer,,150000.0
11,7,cashDepletion,,0.0
11,7,shortfall,,50000.0
11,7,cashReplenishment,,0
11,7,financialGainLoss,,-70787.91789260076
11,8,ptf_bop,Cash,0.0
11,8,ptf_bop,Real Estate,161293.40448031665
11,8,ptf_bop,Precious Metals,43954.69114905561
11,8,ptf_bop,Bonds,218496.94681563624
11,8,ptf_bop,Crypto,1342.2520042469919
11,8,ptf_bop,Stocks,277199.99782418343
11,8,ptf_eop,Cash,23408.86553681572
11,8,ptf_eop,Real Estate,130457.4584546878
11,8,ptf_eop,Precious Metals,32614.36461367195
11,8,ptf_eop,Bonds,195686.18768203168
11,8,ptf_eop,Crypto,32614.36461367195
11,8,ptf_eop,Stocks,260914.9169093756
11,8,ptf1,Cash,0.0
11,8,ptf1,Real Estate,161293.40448031665
11,8,ptf1,Precious Metals,43954.69114905561
11,8,ptf1,Bonds,168496.94681563624
11,8,ptf1,Crypto,1342.2520042469919
11,8,ptf1,Stocks,277199.99782418343
11,8,ptf2,Cash,0.0
11,8,ptf2,Real Estate,130457.45845468779
11,8,ptf2,Precious Metals,32614.364613671947
11,8,ptf2,Bonds,195686.18768203165
11,8,ptf2,Crypto,32614.364613671947
11,8,ptf2,Stocks,260914.91690937558
11,8,ptf3,Cash,0.0
11,8,ptf3,Real Estate,163070.86708186698
11,8,ptf3,Precious Metals,34212.419849182814
11,8,ptf3,Bonds,181888.55647829856
11,8,ptf3,Crypto,23716.83284595785
11,8,ptf3,Stocks,272807.48155494855
11,8,ptf4,Cash,23408.86553681572
11,8,ptf4,Real Estate,163070.86708186698
11,8,ptf4,Precious Metals,34212.419849182814
11,8,ptf4,Bonds,158479.69094148284
11,8,ptf4,Crypto,23716.83284595785
11,8,ptf4,Stocks,272807.48155494855
11,8,ptf5,Cash,23408.86553681572
11,8,ptf5,Real Estate,130457.4584546878
11,8,ptf5,Precious Metals,32614.36461367195
11,8,ptf5,Bonds,195686.18768203168
11,8,ptf5,Crypto,32614.36461367195
11,8,ptf5,Stocks,260914.9169093756
11,8,returns,Cash,0.0
11,8,returns,Money Market,-0.03166417018251423
11,8,returns,Bonds,-0.0705089682985327
11,8,returns,Stocks,0.04558024043410144
11,8,returns,Crypto,-0.2728102133249669
11,8,returns,Precious Metals,0.04899850892207668
11,8,returns,Real Estate,0.24999267204417377
11,8,contributions,,0.0
11,8,withdrawals,,50000.0
11,8,availableCash,,0.0
11,8,cashBuffer,,150000.0
11,8,cashDepletion,,0.0
11,8,shortfall,,50000.0
11,8,cashReplenishment,,23408.86553681572
11,8,financialGainLoss,,23408.86553681572
11,9,ptf_bop,Cash,23408.86553681572
11,9,ptf_bop,Real Estate,130457.4584546878
11,9,ptf_bop,Precious Metals,32614.36461367195
11,9,ptf_bop,Bonds,195686.18768203168
11,9,ptf_bop,Crypto,32614.36461367195
11,9,ptf_bop,Stocks,260914.9169093756
11,9,ptf_eop,Cash,71679.2137609584
11,9,ptf_eop,Real Estate,125139.23156205095
11,9,ptf_eop,Precious Metals,31284.807890512737
11,9,ptf_eop,Bonds,187708.84734307643
11,9,ptf_eop,Crypto,31284.807890512737
11,9,ptf_eop,Stocks,250278.4631241019
11,9,ptf1,Cash,0.0
11,9,ptf1,Real Estate,130457.4584546878
11,9,ptf1,Precious Metals,32614.36461367195
11,9,ptf1,Bonds,169095.0532188474
11,9,ptf1,Crypto,32614.36461367195
11,9,ptf1,Stocks,260914.9169093756
11,9,ptf2,Cash,0.0
11,9,ptf2,Real Estate,125139.23156205095
11,9,ptf2,Precious Metals,31284.807890512737
11,9,ptf2,Bonds,187708.84734307643
11,9,ptf2,Crypto,31284.807890512737
11,9,ptf2,Stocks,250278.4631241019
11,9,ptf3,Cash,0.0
11,9,ptf3,Real Estate,113669.57778459703
11,9,ptf3,Precious Metals,24301.307777157454
11,9,ptf3,Bonds,170105.28492633265
11,9,ptf3,Crypto,26638.137241969627
11,9,ptf3,Stocks,362661.06384115637
11,9,ptf4,Cash,71679.2137609584
11,9,ptf4,Real Estate,113669.57778459703
11,9,ptf4,Precious Metals,24301.307777157454
11,9,ptf4,Bonds,98426.07116537425
11,9,ptf4,Crypto,26638.137241969627
11,9,ptf4,Stocks,362661.06384115637
11,9,ptf5,Cash,71679.2137609584
11,9,ptf5,Real Estate,125139.23156205095
11,9,ptf5,Precious Metals,31284.807890512737
11,9,ptf5,Bonds,187708.84734307643
11,9,ptf5,Crypto,31284.807890512737
11,9,ptf5,Stocks,250278.4631241019
11,9,returns,Cash,0.0
11,9,returns,Money Market,-0.026887015023330005
11,9,returns,Bonds,-0.09378120779022027
11,9,returns,Stocks,0.4490302494039568
11,9,returns,Crypto,-0.14852802244479293
11,9,returns,Precious Metals,-0.22322336572420068
11,9,returns,Real Estate,-0.09165513991323036
11,9,contributions,,0.0
11,9,withdrawals,,50000.0
11,9,availableCash,,0.0
11,9,cashBuffer,,150000.0
11,9,cashDepletion,,23408.86553681572
11,9,shortfall,,26591.13446318428
11,9,cashReplenishment,,71679.2137609584
11,9,financialGainLoss,,71679.2137609584
11,10,ptf_bop,Cash,71679.2137609584
11,10,ptf_bop,Real Estate,125139.23156205095
11,10,ptf_bop,Precious Metals,31284.807890512737
11,10,ptf_bop,Bonds,187708.84734307643
11,10,ptf_bop,Crypto,31284.807890512737
11,10,ptf_bop,Stocks,250278.4631241019
11,10,ptf_eop,Cash,27986.02969460492
11,10,ptf_eop,Real Estate,125139.23156205099
11,10,ptf_eop,Precious Metals,31284.807890512748
11,10,ptf_eop,Bonds,187708.84734307646
11,10,ptf_eop,Crypto,31284.807890512748
11,10,ptf_eop,Stocks,250278.46312410198
11,10,ptf1,Cash,21679.213760958402
11,10,ptf1,Real Estate,125139.23156205095
11,10,ptf1,Precious Metals,31284.807890512737
11,10,ptf1,Bonds,187708.84734307643
11,10,ptf1,Crypto,31284.807890512737
11,10,ptf1,Stocks,250278.4631241019
11,10,ptf2,Cash,21679.213760958402
11,10,ptf2,Real Estate,125139.23156205098
11,10,ptf2,Precious Metals,31284.807890512744
11,10,ptf2,Bonds,187708.84734307646
11,10,ptf2,Crypto,31284.807890512744
11,10,ptf2,Stocks,250278.46312410195
11,10,ptf3,Cash,21679.213760958402
11,10,ptf3,Real Estate,118482.21424395464
11,10,ptf3,Precious Metals,34438.93656880144
11,10,ptf3,Bonds,190582.2158187926
11,10,ptf3,Crypto,39052.864831074956
11,10,ptf3,Stocks,249446.7422812779
11,10,ptf4,Cash,27986.02969460492
11,10,ptf4,Real Estate,118482.21424395464
11,10,ptf4,Precious Metals,34438.93656880144
11,10,ptf4,Bonds,184275.3998851461
11,10,ptf4,Crypto,39052.864831074956
11,10,ptf4,Stocks,249446.7422812779
11,10,ptf5,Cash,27986.02969460492
11,10,ptf5,Real Estate,125139.23156205099
11,10,ptf5,Precious Metals,31284.807890512748
11,10,ptf5,Bonds,187708.84734307646
11,10,ptf5,Crypto,31284.807890512748
11,10,ptf5,Stocks,250278.46312410198
11,10,returns,Cash,0.0
11,10,returns,Money Market,0.021796985557267695
11,10,returns,Bonds,0.015307581482637875
11,10,returns,Stocks,-0.0033231818369111464
11,10,returns,Crypto,0.2483012511295591
11,10,returns,Precious Metals,0.10081981929782574
11,10,returns,Real Estate,-0.05319688506154369
11,10,contributions,,0.0
11,10,withdrawals,,50000.0
11,10,availableCash,,21679.213760958402
11,10,cashBuffer,,150000.0
11,10,cashDepletion,,50000.0
11,10,shortfall,,0.0
11,10,cashReplenishment,,6306.815933646518
11,10,financialGainLoss,,6306.815933646518
11,11,ptf_bop,Cash,27986.02969460492
11,11,ptf_bop,Real Estate,125139.23156205099
11,11,ptf_bop,Precious Metals,31284.807890512748
11,11,ptf_bop,Bonds,187708.84734307646
11,11,ptf_bop,Crypto,31284.807890512748
11,11,ptf_bop,Stocks,250278.46312410198
11,11,ptf_eop,Cash,82760.45546074258
11,11,ptf_eop,Real Estate,120736.43750097197
11,11,ptf_eop,Precious Metals,30184.10937524299
11,11,ptf_eop,Bonds,181104.65625145796
11,11,ptf_eop,Crypto,30184.10937524299
11,11,ptf_eop,Stocks,241472.87500194393
11,11,ptf1,Cash,0.0
11,11,ptf1,Real Estate,125139.23156205099
11,11,ptf1,Precious Metals,31284.807890512748
11,11,ptf1,Bonds,165694.87703768138
11,11,ptf1,Crypto,31284.807890512748
11,11,ptf1,Stocks,250278.46312410198
11,11,ptf2,Cash,0.0
11,11,ptf2,Real Estate,120736.43750097197
11,11,ptf2,Precious Metals,30184.10937524299
11,11,ptf2,Bonds,181104.65625145796
11,11,ptf2,Crypto,30184.10937524299
11,11,ptf2,Stocks,241472.87500194393
11,11,ptf3,Cash,0.0
11,11,ptf3,Real Estate,147897.0496546879
11,11,ptf3,Precious Metals,34712.052680958
11,11,ptf3,Bonds,171790.67365401224
11,11,ptf3,Crypto,28573.827611535304
11,11,ptf3,Stocks,303469.039364409
11,11,ptf4,Cash,82760.45546074258
11,11,ptf4,Real Estate,147897.0496546879
11,11,ptf4,Precious Metals,34712.052680958
11,11,ptf4,Bonds,89030.21819326965
11,11,ptf4,Crypto,28573.827611535304
11,11,ptf4,Stocks,303469.039364409
11,11,ptf5,Cash,82760.45546074258
11,11,ptf5,Real Estate,120736.43750097197
11,11,ptf5,Precious Metals,30184.10937524299
11,11,ptf5,Bonds,181104.65625145796
11,11,ptf5,Crypto,30184.10937524299
11,11,ptf5,Stocks,241472.87500194393
11,11,returns,Cash,0.0
11,11,returns,Money Market,-0.0536885476381386
11,11,returns,Bonds,-0.051428730714209475
11,11,returns,Stocks,0.2567417328425231
11,11,returns,Crypto,-0.05334865917986772
11,11,returns,Precious Metals,0.15001083018301095
11,11,returns,Real Estate,0.22495787283352034
11,11,contributions,,0.0
11,11,withdrawals,,50000.0
11,11,availableCash,,0.0
11,11,cashBuffer,,150000.0
11,11,cashDepletion,,27986.02969460492
11,11,shortfall,,22013.97030539508
11,11,cashReplenishment,,82760.45546074258
11,11,financialGainLoss,,82760.45546074258
11,12,ptf_bop,Cash,82760.45546074258
11,12,ptf_bop,Real Estate,120736.43750097197
11,12,ptf_bop,Precious Metals,30184.10937524299
11,12,ptf_bop,Bonds,181104.65625145796
11,12,ptf_bop,Crypto,30184.10937524299
11,12,ptf_bop,Stocks,241472.87500194393
11,12,ptf_eop,Cash,32760.45546074258
11,12,ptf_eop,Real Estate,117171.58109334452
11,12,ptf_eop,Precious Metals,36262.62320994305
11,12,ptf_eop,Bonds,163932.84651036077
11,12,ptf_eop,Crypto,24815.562766780804
11,12,ptf_eop,Stocks,257280.12515558474
11,12,ptf1,Cash,32760.45546074258
11,12,ptf1,Real Estate,120736.43750097197
11,12,ptf1,Precious Metals,30184.10937524299
11,12,ptf1,Bonds,181104.65625145796
11,12,ptf1,Crypto,30184.10937524299
11,12,ptf1,Stocks,241472.87500194393
11,12,ptf2,Cash,32760.45546074258
11,12,ptf2,Real Estate,120736.43750097197
11,12,ptf2,Precious Metals,30184.10937524299
11,12,ptf2,Bonds,181104.65625145796
11,12,ptf2,Crypto,30184.10937524299
11,12,ptf2,Stocks,241472.87500194393
11,12,ptf3,Cash,32760.45546074258
11,12,ptf3,Real Estate,117171.58109334452
11,12,ptf3,Precious Metals,36262.62320994305
11,12,ptf3,Bonds,163932.84651036077
11,12,ptf3,Crypto,24815.562766780804
11,12,ptf3,Stocks,257280.12515558474
11,12,ptf4,Cash,32760.45546074258
11,12,ptf4,Real Estate,117171.58109334452
11,12,ptf4,Precious Metals,36262.62320994305
11,12,ptf4,Bonds,163932.84651036077
11,12,ptf4,Crypto,24815.562766780804
11,12,ptf4,Stocks,257280.12515558474
11,12,ptf5,Cash,32760.45546074258
11,12,ptf5,Real Estate,117171.58109334452
11,12,ptf5,Precious Metals,36262.62320994305
11,12,ptf5,Bonds,163932.84651036077
11,12,ptf5,Crypto,24815.562766780804
11,12,ptf5,Stocks,257280.12515558474
11,12,returns,Cash,0.0
11,12,returns,Money Market,-0.023977236729533745
11,12,returns,Bonds,-0.09481705272809039
11,12,returns,Stocks,0.0654618045754147
11,12,returns,Crypto,-0.17786003031334993
11,12,returns,Precious Metals,0.2013812552536554
11,12,returns,Real Estate,-0.029525936671758686
11,12,contributions,,0.0
11,12,withdrawals,,50000.0
11,12,availableCash,,32760.45546074258
11,12,cashBuffer,,150000.0
11,12,cashDepletion,,50000.0
11,12,shortfall,,0.0
11,12,cashReplenishment,,0
11,12,financialGainLoss,,-4219.448768845992
11,13,ptf_bop,Cash,32760.45546074258
11,13,ptf_bop,Real Estate,117171.58109334452
11,13,ptf_bop,Precious Metals,36262.62320994305
11,13,ptf_bop,Bonds,163932.84651036077
11,13,ptf_bop,Crypto,24815.562766780804
11,13,ptf_bop,Stocks,257280.12515558474
11,13,ptf_eop,Cash,0.0
11,13,ptf_eop,Real Estate,115144.51821420874
11,13,ptf_eop,Precious Metals,25594.09384304785
11,13,ptf_eop,Bonds,148139.94195268658
11,13,ptf_eop,Crypto,16510.769125720362
11,13,ptf_eop,Stocks,275493.5393950133
11,13,ptf1,Cash,0.0
11,13,ptf1,Real Estate,117171.58109334452
11,13,ptf1,Precious Metals,36262.62320994305
11,13,ptf1,Bonds,146693.30197110336
11,13,ptf1,Crypto,24815.562766780804
11,13,ptf1,Stocks,257280.12515558474
11,13,ptf2,Cash,0.0
11,13,ptf2,Real Estate,116444.63883935129
11,13,ptf2,Precious Metals,29111.159709837822
11,13,ptf2,Bonds,174666.95825902693
11,13,ptf2,Crypto,29111.159709837822
11,13,ptf2,Stocks,232889.27767870258
11,13,ptf3,Cash,0.0
11,13,ptf3,Real Estate,115144.51821420874
11,13,ptf3,Precious Metals,25594.09384304785
11,13,ptf3,Bonds,148139.94195268658
11,13,ptf3,Crypto,16510.769125720362
11,13,ptf3,Stocks,275493.5393950133
11,13,ptf4,Cash,0.0
11,13,ptf4,Real Estate,115144.51821420874
11,13,ptf4,Precious Metals,25594.09384304785
11,13,ptf4,Bonds,148139.94195268658
11,13,ptf4,Crypto,16510.769125720362
11,13,ptf4,Stocks,275493.5393950133
11,13,ptf5,Cash,0.0
11,13,ptf5,Real Estate,115144.51821420874
11,13,ptf5,Precious Metals,25594.09384304785
11,13,ptf5,Bonds,148139.94195268658
11,13,ptf5,Crypto,16510.769125720362
11,13,ptf5,Stocks,275493.5393950133
11,13,returns,Cash,0.0
11,13,returns,Money Market,-0.02731629729280337
11,13,returns,Bonds,-0.15187197722308426
11,13,returns,Stocks,0.18293784128219165
11,13,returns,Crypto,-0.4328371219048098
11,13,returns,Precious Metals,-0.12081503800762075
11,13,returns,Real Estate,-0.01116513940101794
11,13,contributions,,0.0
11,13,withdrawals,,50000.0
11,13,availableCash,,0.0
11,13,cashBuffer,,150000.0
11,13,cashDepletion,,32760.45546074258
11,13,shortfall,,17239.54453925742
11,13,cashReplenishment,,0
11,13,financialGainLoss,,-1340.3316660795826
11,14,ptf_bop,Cash,0.0
11,14,ptf_bop,Real Estate,115144.51821420874
11,14,ptf_bop,Precious Metals,25594.09384304785
11,14,ptf_bop,Bonds,148139.94195268658
11,14,ptf_bop,Crypto,16510.769125720362
11,14,ptf_bop,Stocks,275493.5393950133
11,14,ptf_eop,Cash,0.0
11,14,ptf_eop,Real Estate,129444.97998074853
11,14,ptf_eop,Precious Metals,13361.74676011203
11,14,ptf_eop,Bonds,170177.5982110577
11,14,ptf_eop,Crypto,5512.668301607067
11,14,ptf_eop,Stocks,206898.9440094729
11,14,ptf1,Cash,0.0
11,14,ptf1,Real Estate,115144.51821420874
11,14,ptf1,Precious Metals,25594.09384304785
11,14,ptf1,Bonds,98139.94195268658
11,14,ptf1,Crypto,16510.769125720362
11,14,ptf1,Stocks,275493.5393950133
11,14,ptf2,Cash,0.0
11,14,ptf2,Real Estate,106176.57250613537
11,14,ptf2,Precious Metals,26544.143126533843
11,14,ptf2,Bonds,159264.85875920308
11,14,ptf2,Crypto,26544.143126533843
11,14,ptf2,Stocks,212353.14501227075
11,14,ptf3,Cash,0.0
11,14,ptf3,Real Estate,129444.97998074853
11,14,ptf3,Precious Metals,13361.74676011203
11,14,ptf3,Bonds,170177.5982110577
11,14,ptf3,Crypto,5512.668301607067
11,14,ptf3,Stocks,206898.9440094729
11,14,ptf4,Cash,0.0
11,14,ptf4,Real Estate,129444.97998074853
11,14,ptf4,Precious Metals,13361.74676011203
11,14,ptf4,Bonds,170177.5982110577
11,14,ptf4,Crypto,5512.668301607067
11,14,ptf4,Stocks,206898.9440094729
11,14,ptf5,Cash,0.0
11,14,ptf5,Real Estate,129444.97998074853
11,14,ptf5,Precious Metals,13361.74676011203
11,14,ptf5,Bonds,170177.5982110577
11,14,ptf5,Crypto,5512.668301607067
11,14,ptf5,Stocks,206898.9440094729
11,14,returns,Cash,0.0
11,14,returns,Money Market,-0.0013891001666592729
11,14,returns,Bonds,0.06851944325241179
11,14,returns,Stocks,-0.025684578405856372
11,14,returns,Crypto,-0.7923207287073231
11,14,returns,Precious Metals,-0.4966216578769322
11,14,returns,Real Estate,0.21914822569045156
11,14,contributions,,0.0
11,14,withdrawals,,50000.0
11,14,availableCash,,0.0
11,14,cashBuffer,,150000.0
11,14,cashDepletion,,0.0
11,14,shortfall,,50000.0
11,14,cashReplenishment,,0
11,14,financialGainLoss,,-5486.9252676786855
11,15,ptf_bop,Cash,0.0
11,15,ptf_bop,Real Estate,129444.97998074853
11,15,ptf_bop,Precious Metals,13361.74676011203
11,15,ptf_bop,Bonds,170177.5982110577
11,15,ptf_bop,Crypto,5512.668301607067
11,15,ptf_bop,Stocks,206898.9440094729
11,15,ptf_eop,Cash,23740.42756882531
11,15,ptf_eop,Real Estate,95079.18745259962
11,15,ptf_eop,Precious Metals,23769.796863149906
11,15,ptf_eop,Bonds,142618.78117889946
11,15,ptf_eop,Crypto,23769.796863149906
11,15,ptf_eop,Stocks,190158.37490519925
11,15,ptf1,Cash,0.0
11,15,ptf1,Real Estate,129444.97998074853
11,15,ptf1,Precious Metals,13361.74676011203
11,15,ptf1,Bonds,120177.59821105769
11,15,ptf1,Crypto,5512.668301607067
11,15,ptf1,Stocks,206898.9440094729
11,15,ptf2,Cash,0.0
11,15,ptf2,Real Estate,95079.18745259962
11,15,ptf2,Precious Metals,23769.796863149906
11,15,ptf2,Bonds,142618.78117889946
11,15,ptf2,Crypto,23769.796863149906
11,15,ptf2,Stocks,190158.37490519925
11,15,ptf3,Cash,0.0
11,15,ptf3,Real Estate,105935.96338626853
11,15,ptf3,Precious Metals,28949.646591476834
11,15,ptf3,Bonds,136732.17614601474
11,15,ptf3,Crypto,11959.116260816298
11,15,ptf3,Stocks,215559.46244724715
11,15,ptf4,Cash,23740.42756882531
11,15,ptf4,Real Estate,105935.96338626853
11,15,ptf4,Precious Metals,28949.646591476834
11,15,ptf4,Bonds,112991.74857718943
11,15,ptf4,Crypto,11959.116260816298
11,15,ptf4,Stocks,215559.46244724715
11,15,ptf5,Cash,23740.42756882531
11,15,ptf5,Real Estate,95079.18745259962
11,15,ptf5,Precious Metals,23769.796863149906
11,15,ptf5,Bonds,142618.78117889946
11,15,ptf5,Crypto,23769.796863149906
11,15,ptf5,Stocks,190158.37490519925
11,15,returns,Cash,0.0
11,15,returns,Money Market,-0.01331771399247893
11,15,returns,Bonds,-0.04127510405169301
11,15,returns,Stocks,0.13357858971350203
11,15,returns,Crypto,-0.49687764141744084
11,15,returns,Precious Metals,0.21791729050731606
11,15,returns,Real Estate,0.11418667138990228
11,15,contributions,,0.0
11,15,withdrawals,,50000.0
11,15,availableCash,,0.0
11,15,cashBuffer,,150000.0
11,15,cashDepletion,,0.0
11,15,shortfall,,50000.0
11,15,cashReplenishment,,23740.42756882531
11,15,financialGainLoss,,23740.42756882531
11,16,ptf_bop,Cash,23740.42756882531
11,16,ptf_bop,Real Estate,95079.18745259962
11,16,ptf_bop,Precious Metals,23769.796863149906
11,16,ptf_bop,Bonds,142618.78117889946
11,16,ptf_bop,Crypto,23769.796863149906
11,16,ptf_bop,Stocks,190158.37490519925
11,16,ptf_eop,Cash,38276.03278522304
11,16,ptf_eop,Real Estate,89827.27296636468
11,16,ptf_eop,Precious Metals,22456.81824159117
11,16,ptf_eop,Bonds,134740.909449547
11,16,ptf_eop,Crypto,22456.81824159117
11,16,ptf_eop,Stocks,179654.54593272935
11,16,ptf1,Cash,0.0
11,16,ptf1,Real Estate,95079.18745259962
11,16,ptf1,Precious Metals,23769.796863149906
11,16,ptf1,Bonds,116359.20874772477
11,16,ptf1,Crypto,23769.796863149906
11,16,ptf1,Stocks,190158.37490519925
11,16,ptf2,Cash,0.0
11,16,ptf2,Real Estate,89827.27296636469
11,16,ptf2,Precious Metals,22456.818241591172
11,16,ptf2,Bonds,134740.90944954703
11,16,ptf2,Crypto,22456.818241591172
11,16,ptf2,Stocks,179654.54593272938
11,16,ptf3,Cash,0.0
11,16,ptf3,Real Estate,96679.01078838363
11,16,ptf3,Precious Metals,26452.45764111451
11,16,ptf3,Bonds,147525.6655182851
11,16,ptf3,Crypto,4713.191273021448
11,16,ptf3,Stocks,212042.07239624177
11,16,ptf4,Cash,38276.03278522304
11,16,ptf4,Real Estate,96679.01078838363
11,16,ptf4,Precious Metals,26452.45764111451
11,16,ptf4,Bonds,109249.63273306206
11,16,ptf4,Crypto,4713.191273021448
11,16,ptf4,Stocks,212042.07239624177
11,16,ptf5,Cash,38276.03278522304
11,16,ptf5,Real Estate,89827.27296636468
11,16,ptf5,Precious Metals,22456.81824159117
11,16,ptf5,Bonds,134740.909449547
11,16,ptf5,Crypto,22456.81824159117
11,16,ptf5,Stocks,179654.54593272935
11,16,returns,Cash,0.0
11,16,returns,Money Market,-0.012538581245585288
11,16,returns,Bonds,0.09488399715399895
11,16,returns,Stocks,0.1802766876583223
11,16,returns,Crypto,-0.7901220367766802
11,16,returns,Precious Metals,0.17792544591749915
11,16,returns,Real Estate,0.07627680987916158
11,16,contributions,,0.0
11,16,withdrawals,,50000.0
11,16,availableCash,,0.0
11,16,cashBuffer,,150000.0
11,16,cashDepletion,,23740.42756882531
11,16,shortfall,,26259.57243117469
11,16,cashReplenishment,,38276.03278522304
11,16,financialGainLoss,,38276.03278522304
11,17,ptf_bop,Cash,38276.03278522304
11,17,ptf_bop,Real Estate,89827.27296636468
11,17,ptf_bop,Precious Metals,22456.81824159117
11,17,ptf_bop,Bonds,134740.909449547
11,17,ptf_bop,Crypto,22456.81824159117
11,17,ptf_bop,Stocks,179654.54593272935
11,17,ptf_eop,Cash,21520.63923019718
11,17,ptf_eop,Real Estate,87482.4795234093
11,17,ptf_eop,Precious Metals,21870.619880852326
11,17,ptf_eop,Bonds,131223.71928511394
11,17,ptf_eop,Crypto,21870.619880852326
11,17,ptf_eop,Stocks,174964.9590468186
11,17,ptf1,Cash,0.0
11,17,ptf1,Real Estate,89827.27296636468
11,17,ptf1,Precious Metals,22456.81824159117
11,17,ptf1,Bonds,123016.94223477005
11,17,ptf1,Crypto,22456.81824159117
11,17,ptf1,Stocks,179654.54593272935
11,17,ptf2,Cash,0.0
11,17,ptf2,Real Estate,87482.47952340929
11,17,ptf2,Precious Metals,21870.619880852322
11,17,ptf2,Bonds,131223.7192851139
11,17,ptf2,Crypto,21870.619880852322
11,17,ptf2,Stocks,174964.95904681858
11,17,ptf3,Cash,0.0
11,17,ptf3,Real Estate,115071.95719108768
11,17,ptf3,Precious Metals,23531.606153887133
11,17,ptf3,Bonds,109141.78070364076
11,17,ptf3,Crypto,30441.543237820686
11,17,ptf3,Stocks,180746.1495608074
11,17,ptf4,Cash,21520.63923019718
11,17,ptf4,Real Estate,115071.95719108768
11,17,ptf4,Precious Metals,23531.606153887133
11,17,ptf4,Bonds,87621.14147344358
11,17,ptf4,Crypto,30441.543237820686
11,17,ptf4,Stocks,180746.1495608074
11,17,ptf5,Cash,21520.63923019718
11,17,ptf5,Real Estate,87482.4795234093
11,17,ptf5,Precious Metals,21870.619880852326
11,17,ptf5,Bonds,131223.71928511394
11,17,ptf5,Crypto,21870.619880852326
11,17,ptf5,Stocks,174964.9590468186
11,17,returns,Cash,0.0
11,17,returns,Money Market,-0.07505976138951474
11,17,returns,Bonds,-0.1682770363602865
11,17,returns,Stocks,0.033041990496176114
11,17,returns,Crypto,0.39189210930743607
11,17,returns,Precious Metals,0.07594600802737203
11,17,returns,Real Estate,0.31537146429755425
11,17,contributions,,0.0
11,17,withdrawals,,50000.0
11,17,availableCash,,0.0
11,17,cashBuffer,,150000.0
11,17,cashDepletion,,38276.03278522304
11,17,shortfall,,11723.96721477696
11,17,cashReplenishment,,21520.63923019718
11,17,financialGainLoss,,21520.63923019718
11,18,ptf_bop,Cash,21520.63923019718
11,18,ptf_bop,Real Estate,87482.4795234093
11,18,ptf_bop,Precious Metals,21870.619880852326
11,18,ptf_bop,Bonds,131223.71928511394
11,18,ptf_bop,Crypto,21870.619880852326
11,18,ptf_bop,Stocks,174964.9590468186
11,18,ptf_eop,Cash,62376.03915182332
11,18,ptf_eop,Real Estate,81786.60736944873
11,18,ptf_eop,Precious Metals,20446.651842362182
11,18,ptf_eop,Bonds,122679.91105417309
11,18,ptf_eop,Crypto,20446.651842362182
11,18,ptf_eop,Stocks,163573.21473889746
11,18,ptf1,Cash,0.0
11,18,ptf1,Real Estate,87482.4795234093
11,18,ptf1,Precious Metals,21870.619880852326
11,18,ptf1,Bonds,102744.35851531112
11,18,ptf1,Crypto,21870.619880852326
11,18,ptf1,Stocks,174964.9590468186
11,18,ptf2,Cash,0.0
11,18,ptf2,Real Estate,81786.60736944873
11,18,ptf2,Precious Metals,20446.651842362182
11,18,ptf2,Bonds,122679.91105417309
11,18,ptf2,Crypto,20446.651842362182
11,18,ptf2,Stocks,163573.21473889746
11,18,ptf3,Cash,0.0
11,18,ptf3,Real Estate,77586.09836930003
11,18,ptf3,Precious Metals,22625.77333976322
11,18,ptf3,Bonds,113676.4433987332
11,18,ptf3,Crypto,29751.958938166837
11,18,ptf3,Stocks,227668.80195310368
11,18,ptf4,Cash,62376.03915182332
11,18,ptf4,Real Estate,77586.09836930003
11,18,ptf4,Precious Metals,22625.77333976322
11,18,ptf4,Bonds,51300.40424690988
11,18,ptf4,Crypto,29751.958938166837
11,18,ptf4,Stocks,227668.80195310368
11,18,ptf5,Cash,62376.03915182332
11,18,ptf5,Real Estate,81786.60736944873
11,18,ptf5,Precious Metals,20446.651842362182
11,18,ptf5,Bonds,122679.91105417309
11,18,ptf5,Crypto,20446.651842362182
11,18,ptf5,Stocks,163573.21473889746
11,18,returns,Cash,0.0
11,18,returns,Money Market,0.011406218628435503
11,18,returns,Bonds,-0.07338991019861543
11,18,returns,Stocks,0.3918464726423477
11,18,returns,Crypto,0.4551017529689409
11,18,returns,Precious Metals,0.10657595748200911
11,18,returns,Real Estate,-0.05135937453884162
11,18,contributions,,0.0
11,18,withdrawals,,50000.0
11,18,availableCash,,0.0
11,18,cashBuffer,,150000.0
11,18,cashDepletion,,21520.63923019718
11,18,shortfall,,28479.36076980282
11,18,cashReplenishment,,62376.03915182332
11,18,financialGainLoss,,62376.03915182332
11,19,ptf_bop,Cash,62376.03915182332
11,19,ptf_bop,Real Estate,81786.60736944873
11,19,ptf_bop,Precious Metals,20446.651842362182
11,19,ptf_bop,Bonds,122679.91105417309
11,19,ptf_bop,Crypto,20446.651842362182
11,19,ptf_bop,Stocks,163573.21473889746
11,19,ptf_eop,Cash,25271.651247902948
11,19,ptf_eop,Real Estate,81786.60736944873
11,19,ptf_eop,Precious Metals,20446.651842362182
11,19,ptf_eop,Bonds,122679.91105417309
11,19,ptf_eop,Crypto,20446.651842362182
11,19,ptf_eop,Stocks,163573.21473889746
11,19,ptf1,Cash,12376.039151823323
11,19,ptf1,Real Estate,81786.60736944873
11,19,ptf1,Precious Metals,20446.651842362182
11,19,ptf1,Bonds,122679.91105417309
11,19,ptf1,Crypto,20446.651842362182
11,19,ptf1,Stocks,163573.21473889746
11,19,ptf2,Cash,12376.039151823323
11,19,ptf2,Real Estate,81786.60736944873
11,19,ptf2,Precious Metals,20446.651842362182
11,19,ptf2,Bonds,122679.91105417309
11,19,ptf2,Crypto,20446.651842362182
11,19,ptf2,Stocks,163573.21473889746
11,19,ptf3,Cash,12376.039151823323
11,19,ptf3,Real Estate,79524.89316410804
11,19,ptf3,Precious Metals,22073.80797237549
11,19,ptf3,Bonds,112295.67456368152
11,19,ptf3,Crypto,14943.557059160144
11,19,ptf3,Stocks,192990.7161839981
11,19,ptf4,Cash,25271.651247902948
11,19,ptf4,Real Estate,79524.89316410804
11,19,ptf4,Precious Metals,22073.80797237549
11,19,ptf4,Bonds,99400.06246760189
11,19,ptf4,Crypto,14943.557059160144
11,19,ptf4,Stocks,192990.7161839981
11,19,ptf5,Cash,25271.651247902948
11,19,ptf5,Real Estate,81786.60736944873
11,19,ptf5,Precious Metals,20446.651842362182
11,19,ptf5,Bonds,122679.91105417309
11,19,ptf5,Crypto,20446.651842362182
11,19,ptf5,Stocks,163573.21473889746
11,19,returns,Cash,0.0
11,19,returns,Money Market,0.046068069433975484
11,19,returns,Bonds,-0.08464496266145882
11,19,returns,Stocks,0.17984302315056971
11,19,returns,Crypto,-0.26914405476404246
11,19,returns,Precious Metals,0.07958056617573449
11,19,returns,Real Estate,-0.027653845514388493
11,19,contributions,,0.0
11,19,withdrawals,,50000.0
11,19,availableCash,,12376.039151823323
11,19,cashBuffer,,150000.0
11,19,cashDepletion,,50000.0
11,19,shortfall,,0.0
11,19,cashReplenishment,,12895.612096079625
11,19,financialGainLoss,,12895.612096079625
11,20,ptf_bop,Cash,25271.651247902948
11,20,ptf_bop,Real Estate,81786.60736944873
11,20,ptf_bop,Precious Metals,20446.651842362182
11,20,ptf_bop,Bonds,122679.91105417309
11,20,ptf_bop,Crypto,20446.651842362182
11,20,ptf_bop,Stocks,163573.21473889746
11,20,ptf_eop,Cash,0.0
11,20,ptf_eop,Real Estate,77028.58120838234
11,20,ptf_eop,Precious Metals,21314.605333490417
11,20,ptf_eop,Bonds,119727.28951057543
11,20,ptf_eop,Crypto,14954.581217856135
11,20,ptf_eop,Stocks,93817.52665870263
11,20,ptf1,Cash,0.0
11,20,ptf1,Real Estate,81786.60736944873
11,20,ptf1,Precious Metals,20446.651842362182
11,20,ptf1,Bonds,97951.56230207604
11,20,ptf1,Crypto,20446.651842362182
11,20,ptf1,Stocks,163573.21473889746
11,20,ptf2,Cash,0.0
11,20,ptf2,Real Estate,76840.93761902931
11,20,ptf2,Precious Metals,19210.234404757328
11,20,ptf2,Bonds,115261.40642854397
11,20,ptf2,Crypto,19210.234404757328
11,20,ptf2,Stocks,153681.87523805862
11,20,ptf3,Cash,0.0
11,20,ptf3,Real Estate,77028.58120838234
11,20,ptf3,Precious Metals,21314.605333490417
11,20,ptf3,Bonds,119727.28951057543
11,20,ptf3,Crypto,14954.581217856135
11,20,ptf3,Stocks,93817.52665870263
11,20,ptf4,Cash,0.0
11,20,ptf4,Real Estate,77028.58120838234
11,20,ptf4,Precious Metals,21314.605333490417
11,20,ptf4,Bonds,119727.28951057543
11,20,ptf4,Crypto,14954.581217856135
11,20,ptf4,Stocks,93817.52665870263
11,20,ptf5,Cash,0.0
11,20,ptf5,Real Estate,77028.58120838234
11,20,ptf5,Precious Metals,21314.605333490417
11,20,ptf5,Bonds,119727.28951057543
11,20,ptf5,Crypto,14954.581217856135
11,20,ptf5,Stocks,93817.52665870263
11,20,returns,Cash,0.0
11,20,returns,Money Market,0.005285879902466239
11,20,returns,Bonds,0.03874569311975279
11,20,returns,Stocks,-0.38953421466665483
11,20,returns,Crypto,-0.2215305184327839
11,20,returns,Precious Metals,0.10954426085565883
11,20,returns,Real Estate,0.002441974228416428
11,20,contributions,,0.0
11,20,withdrawals,,50000.0
11,20,availableCash,,0.0
11,20,cashBuffer,,150000.0
11,20,cashDepletion,,25271.651247902948
11,20,shortfall,,24728.348752097052
11,20,cashReplenishment,,0
11,20,financialGainLoss,,-57362.104166139616
12,1,ptf_bop,Cash,150000.0
12,1,ptf_bop,Real Estate,170000.0
12,1,ptf_bop,Precious Metals,42500.0
12,1,ptf_bop,Bonds,255000.0
12,1,ptf_bop,Crypto,42500.0
12,1,ptf_bop,Stocks,340000.0
12,1,ptf_eop,Cash,100000.0
12,1,ptf_eop,Real Estate,175713.37809824967
12,1,ptf_eop,Precious Metals,25264.772452758527
12,1,ptf_eop,Bonds,227019.22654876034
12,1,ptf_eop,Crypto,57829.94523874958
12,1,ptf_eop,Stocks,358048.7873581134
12,1,ptf1,Cash,100000.0
12,1,ptf1,Real Estate,170000.0
12,1,ptf1,Precious Metals,42500.0
12,1,ptf1,Bonds,255000.0
12,1,ptf1,Crypto,42500.0
12,1,ptf1,Stocks,340000.0
12,1,ptf2,Cash,100000.0
12,1,ptf2,Real Estate,170000.0
12,1,ptf2,Precious Metals,42500.0
12,1,ptf2,Bonds,255000.0
12,1,ptf2,Crypto,42500.0
12,1,ptf2,Stocks,340000.0
12,1,ptf3,Cash,100000.0
12,1,ptf3,Real Estate,175713.37809824967
12,1,ptf3,Precious Metals,25264.772452758527
12,1,ptf3,Bonds,227019.22654876034
12,1,ptf3,Crypto,57829.94523874958
12,1,ptf3,Stocks,358048.7873581134
12,1,ptf4,Cash,100000.0
12,1,ptf4,Real Estate,175713.37809824967
12,1,ptf4,Precious Metals,25264.772452758527
12,1,ptf4,Bonds,227019.22654876034
12,1,ptf4,Crypto,57829.94523874958
12,1,ptf4,Stocks,358048.7873581134
12,1,ptf5,Cash,100000.0
12,1,ptf5,Real Estate,175713.37809824967
12,1,ptf5,Precious Metals,25264.772452758527
12,1,ptf5,Bonds,227019.22654876034
12,1,ptf5,Crypto,57829.94523874958
12,1,ptf5,Stocks,358048.7873581134
12,1,returns,Cash,0.0
12,1,returns,Money Market,-0.06275037744604867
12,1,returns,Bonds,-0.10972852333819468
12,1,returns,Stocks,0.05308466870033346
12,1,returns,Crypto,0.3607045938529312
12,1,returns,Precious Metals,-0.40553476581744635
12,1,returns,Real Estate,0.03360810646029224
12,1,contributions,,0.0
12,1,withdrawals,,50000.0
12,1,availableCash,,100000.0
12,1,cashBuffer,,150000.0
12,1,cashDepletion,,50000.0
12,1,shortfall,,0.0
12,1,cashReplenishment,,0
12,1,financialGainLoss,,-6123.890303368447
12,2,ptf_bop,Cash,100000.0
12,2,ptf_bop,Real Estate,175713.37809824967
12,2,ptf_bop,Precious Metals,25264.772452758527
12,2,ptf_bop,Bonds,227019.22654876034
12,2,ptf_bop,Crypto,57829.94523874958
12,2,ptf_bop,Stocks,358048.7873581134
12,2,ptf_eop,Cash,101354.2290887069
12,2,ptf_eop,Real Estate,168775.2219393263
12,2,ptf_eop,Precious Metals,42193.80548483157
12,2,ptf_eop,Bonds,253162.83290898945
12,2,ptf_eop,Crypto,42193.80548483157
12,2,ptf_eop,Stocks,337550.4438786526
12,2,ptf1,Cash,50000.0
12,2,ptf1,Real Estate,175713.37809824967
12,2,ptf1,Precious Metals,25264.772452758527
12,2,ptf1,Bonds,227019.22654876034
12,2,ptf1,Crypto,57829.94523874958
12,2,ptf1,Stocks,358048.7873581134
12,2,ptf2,Cash,50000.0
12,2,ptf2,Real Estate,168775.2219393263
12,2,ptf2,Precious Metals,42193.80548483157
12,2,ptf2,Bonds,253162.83290898945
12,2,ptf2,Crypto,42193.80548483157
12,2,ptf2,Stocks,337550.4438786526
12,2,ptf3,Cash,50000.0
12,2,ptf3,Real Estate,132810.21117811257
12,2,ptf3,Precious Metals,36813.96949877417
12,2,ptf3,Bonds,265833.6240095785
12,2,ptf3,Crypto,54363.40699585327
12,2,ptf3,Stocks,405409.1271030199
12,2,ptf4,Cash,101354.2290887069
12,2,ptf4,Real Estate,132810.21117811257
12,2,ptf4,Precious Metals,36813.96949877417
12,2,ptf4,Bonds,214479.3949208716
12,2,ptf4,Crypto,54363.40699585327
12,2,ptf4,Stocks,405409.1271030199
12,2,ptf5,Cash,101354.2290887069
12,2,ptf5,Real Estate,168775.2219393263
12,2,ptf5,Precious Metals,42193.80548483157
12,2,ptf5,Bonds,253162.83290898945
12,2,ptf5,Crypto,42193.80548483157
12,2,ptf5,Stocks,337550.4438786526
12,2,returns,Cash,0.0
12,2,returns,Money Market,0.03562728934756059
12,2,returns,Bonds,0.05004996568806803
12,2,returns,Stocks,0.2010327180869064
12,2,returns,Crypto,0.2884215199645029
12,2,returns,Precious Metals,-0.12750298116607245
12,2,returns,Real Estate,-0.21309413993330695
12,2,contributions,,0.0
12,2,withdrawals,,50000.0
12,2,availableCash,,50000.0
12,2,cashBuffer,,150000.0
12,2,cashDepletion,,50000.0
12,2,shortfall,,0.0
12,2,cashReplenishment,,51354.229088706896
12,2,financialGainLoss,,51354.229088706896
12,3,ptf_bop,Cash,101354.2290887069
12,3,ptf_bop,Real Estate,168775.2219393263
12,3,ptf_bop,Precious Metals,42193.80548483157
12,3,ptf_bop,Bonds,253162.83290898945
12,3,ptf_bop,Crypto,42193.80548483157
12,3,ptf_bop,Stocks,337550.4438786526
12,3,ptf_eop,Cash,53767.22578868386
12,3,ptf_eop,Real Estate,168775.2219393263
12,3,ptf_eop,Precious Metals,42193.80548483157
12,3,ptf_eop,Bonds,253162.83290898945
12,3,ptf_eop,Crypto,42193.80548483157
12,3,ptf_eop,Stocks,337550.4438786526
12,3,ptf1,Cash,51354.229088706896
12,3,ptf1,Real Estate,168775.2219393263
12,3,ptf1,Precious Metals,42193.80548483157
12,3,ptf1,Bonds,253162.83290898945
12,3,ptf1,Crypto,42193.80548483157
12,3,ptf1,Stocks,337550.4438786526
12,3,ptf2,Cash,51354.229088706896
12,3,ptf2,Real Estate,168775.2219393263
12,3,ptf2,Precious Metals,42193.80548483157
12,3,ptf2,Bonds,253162.83290898943
12,3,ptf2,Crypto,42193.80548483157
12,3,ptf2,Stocks,337550.4438786526
12,3,ptf3,Cash,51354.229088706896
12,3,ptf3,Real Estate,184124.27102043506
12,3,ptf3,Precious Metals,43230.50921063655
12,3,ptf3,Bonds,281237.10035228066
12,3,ptf3,Crypto,47656.682501383635
12,3,ptf3,Stocks,290040.5433118727
12,3,ptf4,Cash,53767.22578868386
12,3,ptf4,Real Estate,184124.27102043506
12,3,ptf4,Precious Metals,43230.50921063655
12,3,ptf4,Bonds,278824.1036523037
12,3,ptf4,Crypto,47656.682501383635
12,3,ptf4,Stocks,290040.5433118727
12,3,ptf5,Cash,53767.22578868386
12,3,ptf5,Real Estate,168775.2219393263
12,3,ptf5,Precious Metals,42193.80548483157
12,3,ptf5,Bonds,253162.83290898945
12,3,ptf5,Crypto,42193.80548483157
12,3,ptf5,Stocks,337550.4438786526
12,3,returns,Cash,0.0
12,3,returns,Money Market,0.016856299088731774
12,3,returns,Bonds,0.11089411159095292
12,3,returns,Stocks,-0.14074903893137652
12,3,returns,Crypto,0.12947106699147892
12,3,returns,Precious Metals,0.024570045623821778
12,3,returns,Real Estate,0.090943735133269
12,3,contributions,,0.0
12,3,withdrawals,,50000.0
12,3,availableCash,,51354.229088706896
12,3,cashBuffer,,150000.0
12,3,cashDepletion,,50000.0
12,3,shortfall,,0.0
12,3,cashReplenishment,,2412.9966999769676
12,3,financialGainLoss,,2412.9966999769676
12,4,ptf_bop,Cash,53767.22578868386
12,4,ptf_bop,Real Estate,168775.2219393263
12,4,ptf_bop,Precious Metals,42193.80548483157
12,4,ptf_bop,Bonds,253162.83290898945
12,4,ptf_bop,Crypto,42193.80548483157
12,4,ptf_bop,Stocks,337550.4438786526
12,4,ptf_eop,Cash,95793.6803609432
12,4,ptf_eop,Real Estate,168775.2219393263
12,4,ptf_eop,Precious Metals,42193.80548483157
12,4,ptf_eop,Bonds,253162.83290898943
12,4,ptf_eop,Crypto,42193.80548483157
12,4,ptf_eop,Stocks,337550.4438786526
12,4,ptf1,Cash,3767.2257886838634
12,4,ptf1,Real Estate,168775.2219393263
12,4,ptf1,Precious Metals,42193.80548483157
12,4,ptf1,Bonds,253162.83290898945
12,4,ptf1,Crypto,42193.80548483157
12,4,ptf1,Stocks,337550.4438786526
12,4,ptf2,Cash,3767.2257886838634
12,4,ptf2,Real Estate,168775.2219393263
12,4,ptf2,Precious Metals,42193.80548483157
12,4,ptf2,Bonds,253162.83290898943
12,4,ptf2,Crypto,42193.80548483157
12,4,ptf2,Stocks,337550.4438786526
12,4,ptf3,Cash,3767.2257886838634
12,4,ptf3,Real Estate,172712.56325969577
12,4,ptf3,Precious Metals,32637.10220595674
12,4,ptf3,Bonds,238850.64712040665
12,4,ptf3,Crypto,56851.71206990645
12,4,ptf3,Stocks,434850.5396129252
12,4,ptf4,Cash,95793.6803609432
12,4,ptf4,Real Estate,172712.56325969577
12,4,ptf4,Precious Metals,32637.10220595674
12,4,ptf4,Bonds,146824.19254814732
12,4,ptf4,Crypto,56851.71206990645
12,4,ptf4,Stocks,434850.5396129252
12,4,ptf5,Cash,95793.6803609432
12,4,ptf5,Real Estate,168775.2219393263
12,4,ptf5,Precious Metals,42193.80548483157
12,4,ptf5,Bonds,253162.83290898943
12,4,ptf5,Crypto,42193.80548483157
12,4,ptf5,Stocks,337550.4438786526
12,4,returns,Cash,0.0
12,4,returns,Money Market,-0.015903400564738036
12,4,returns,Bonds,-0.05653351885870199
12,4,returns,Stocks,0.2882534966218307
12,4,returns,Crypto,0.3473947518278318
12,4,returns,Precious Metals,-0.22649541014522645
12,4,returns,Real Estate,0.023328906193261868
12,4,contributions,,0.0
12,4,withdrawals,,50000.0
12,4,availableCash,,3767.2257886838634
12,4,cashBuffer,,150000.0
12,4,cashDepletion,,50000.0
12,4,shortfall,,0.0
12,4,cashReplenishment,,92026.45457225933
12,4,financialGainLoss,,92026.45457225933
12,5,ptf_bop,Cash,95793.6803609432
12,5,ptf_bop,Real Estate,168775.2219393263
12,5,ptf_bop,Precious Metals,42193.80548483157
12,5,ptf_bop,Bonds,253162.83290898943
12,5,ptf_bop,Crypto,42193.80548483157
12,5,ptf_bop,Stocks,337550.4438786526
12,5,ptf_eop,Cash,51143.4380305988
12,5,ptf_eop,Real Estate,168775.22193932626
12,5,ptf_eop,Precious Metals,42193.805484831566
12,5,ptf_eop,Bonds,253162.83290898943
12,5,ptf_eop,Crypto,42193.805484831566
12,5,ptf_eop,Stocks,337550.4438786525
12,5,ptf1,Cash,45793.680360943195
12,5,ptf1,Real Estate,168775.2219393263
12,5,ptf1,Precious Metals,42193.80548483157
12,5,ptf1,Bonds,253162.83290898943
12,5,ptf1,Crypto,42193.80548483157
12,5,ptf1,Stocks,337550.4438786526
12,5,ptf2,Cash,45793.680360943195
12,5,ptf2,Real Estate,168775.2219393263
12,5,ptf2,Precious Metals,42193.80548483157
12,5,ptf2,Bonds,253162.83290898943
12,5,ptf2,Crypto,42193.80548483157
12,5,ptf2,Stocks,337550.4438786526
12,5,ptf3,Cash,45793.680360943195
12,5,ptf3,Real Estate,141398.73267795643
12,5,ptf3,Precious Metals,33897.52225644054
12,5,ptf3,Bonds,291308.4282354907
12,5,ptf3,Crypto,38730.42002056901
12,5,ptf3,Stocks,343890.76417583035
12,5,ptf4,Cash,51143.4380305988
12,5,ptf4,Real Estate,141398.73267795643
12,5,ptf4,Precious Metals,33897.52225644054
12,5,ptf4,Bonds,285958.6705658351
12,5,ptf4,Crypto,38730.42002056901
12,5,ptf4,Stocks,343890.76417583035
12,5,ptf5,Cash,51143.4380305988
12,5,ptf5,Real Estate,168775.22193932626
12,5,ptf5,Precious Metals,42193.805484831566
12,5,ptf5,Bonds,253162.83290898943
12,5,ptf5,Crypto,42193.805484831566
12,5,ptf5,Stocks,337550.4438786525
12,5,returns,Cash,0.0
12,5,returns,Money Market,0.03261913403715207
12,5,returns,Bonds,0.15067612764553945
12,5,returns,Stocks,0.018783326795022752
12,5,returns,Crypto,-0.08208279448763241
12,5,returns,Precious Metals,-0.19662325151907661
12,5,returns,Real Estate,-0.16220680350348796
12,5,contributions,,0.0
12,5,withdrawals,,50000.0
12,5,availableCash,,45793.680360943195
12,5,cashBuffer,,150000.0
12,5,cashDepletion,,50000.0
12,5,shortfall,,0.0
12,5,cashReplenishment,,5349.757669655606
12,5,financialGainLoss,,5349.757669655606
12,6,ptf_bop,Cash,51143.4380305988
12,6,ptf_bop,Real Estate,168775.22193932626
12,6,ptf_bop,Precious Metals,42193.805484831566
12,6,ptf_bop,Bonds,253162.83290898943
12,6,ptf_bop,Crypto,42193.805484831566
12,6,ptf_bop,Stocks,337550.4438786525
12,6,ptf_eop,Cash,1143.4380305988016
12,6,ptf_eop,Real Estate,143426.64611820973
12,6,ptf_eop,Precious Metals,51743.50746705826
12,6,ptf_eop,Bonds,238161.2153448415
12,6,ptf_eop,Crypto,22811.92351026779
12,6,ptf_eop,Stocks,276778.24628534395
12,6,ptf1,Cash,1143.4380305988016
12,6,ptf1,Real Estate,168775.22193932626
12,6,ptf1,Precious Metals,42193.805484831566
12,6,ptf1,Bonds,253162.83290898943
12,6,ptf1,Crypto,42193.805484831566
12,6,ptf1,Stocks,337550.4438786525
12,6,ptf2,Cash,1143.4380305988016
12,6,ptf2,Real Estate,168775.22193932626
12,6,ptf2,Precious Metals,42193.805484831566
12,6,ptf2,Bonds,253162.83290898943
12,6,ptf2,Crypto,42193.805484831566
12,6,ptf2,Stocks,337550.4438786525
12,6,ptf3,Cash,1143.4380305988016
12,6,ptf3,Real Estate,143426.64611820973
12,6,ptf3,Precious Metals,51743.50746705826
12,6,ptf3,Bonds,238161.2153448415
12,6,ptf3,Crypto,22811.92351026779
12,6,ptf3,Stocks,276778.24628534395
12,6,ptf4,Cash,1143.4380305988016
12,6,ptf4,Real Estate,143426.64611820973
12,6,ptf4,Precious Metals,51743.50746705826
12,6,ptf4,Bonds,238161.2153448415
12,6,ptf4,Crypto,22811.92351026779
12,6,ptf4,Stocks,276778.24628534395
12,6,ptf5,Cash,1143.4380305988016
12,6,ptf5,Real Estate,143426.64611820973
12,6,ptf5,Precious Metals,51743.50746705826
12,6,ptf5,Bonds,238161.2153448415
12,6,ptf5,Crypto,22811.92351026779
12,6,ptf5,Stocks,276778.24628534395
12,6,returns,Cash,0.0
12,6,returns,Money Market,-0.060118028872479225
12,6,returns,Bonds,-0.05925679291770644
12,6,returns,Stocks,-0.18003886143653197
12,6,returns,Crypto,-0.45935373100042975
12,6,returns,Precious Metals,0.22632947828466818
12,6,returns,Real Estate,-0.15019133454452938
12,6,contributions,,0.0
12,6,withdrawals,,50000.0
12,6,availableCash,,1143.4380305988016
12,6,cashBuffer,,150000.0
12,6,cashDepletion,,50000.0
12,6,shortfall,,0.0
12,6,cashReplenishment,,0
12,6,financialGainLoss,,-110954.57097091002
12,7,ptf_bop,Cash,1143.4380305988016
12,7,ptf_bop,Real Estate,143426.64611820973
12,7,ptf_bop,Precious Metals,51743.50746705826
12,7,ptf_bop,Bonds,238161.2153448415
12,7,ptf_bop,Crypto,22811.92351026779
12,7,ptf_bop,Stocks,276778.24628534395
12,7,ptf_eop,Cash,12234.960820227978
12,7,ptf_eop,Real Estate,136812.995351264
12,7,ptf_eop,Precious Metals,34203.248837816
12,7,ptf_eop,Bonds,205219.493026896
12,7,ptf_eop,Crypto,34203.248837816
12,7,ptf_eop,Stocks,273625.990702528
12,7,ptf1,Cash,0.0
12,7,ptf1,Real Estate,143426.64611820973
12,7,ptf1,Precious Metals,51743.50746705826
12,7,ptf1,Bonds,189304.6533754403
12,7,ptf1,Crypto,22811.92351026779
12,7,ptf1,Stocks,276778.24628534395
12,7,ptf2,Cash,0.0
12,7,ptf2,Real Estate,136812.995351264
12,7,ptf2,Precious Metals,34203.248837816
12,7,ptf2,Bonds,205219.493026896
12,7,ptf2,Crypto,34203.248837816
12,7,ptf2,Stocks,273625.990702528
12,7,ptf3,Cash,0.0
12,7,ptf3,Real Estate,160774.206452234
12,7,ptf3,Precious Metals,23108.499114542563
12,7,ptf3,Bonds,245948.9805433253
12,7,ptf3,Crypto,23677.977856843823
12,7,ptf3,Stocks,242790.27360960224
12,7,ptf4,Cash,12234.960820227978
12,7,ptf4,Real Estate,160774.206452234
12,7,ptf4,Precious Metals,23108.499114542563
12,7,ptf4,Bonds,233714.01972309733
12,7,ptf4,Crypto,23677.977856843823
12,7,ptf4,Stocks,242790.27360960224
12,7,ptf5,Cash,12234.960820227978
12,7,ptf5,Real Estate,136812.995351264
12,7,ptf5,Precious Metals,34203.248837816
12,7,ptf5,Bonds,205219.493026896
12,7,ptf5,Crypto,34203.248837816
12,7,ptf5,Stocks,273625.990702528
12,7,returns,Cash,0.0
12,7,returns,Money Market,0.04265177653196739
12,7,returns,Bonds,0.19846792775719088
12,7,returns,Stocks,-0.11269293905069397
12,7,returns,Crypto,-0.30772722880450937
12,7,returns,Precious Metals,-0.3243770723618159
12,7,returns,Real Estate,0.17513841458883483
12,7,contributions,,0.0
12,7,withdrawals,,50000.0
12,7,availableCash,,0.0
12,7,cashBuffer,,150000.0
12,7,cashDepletion,,1143.4380305988016
12,7,shortfall,,48856.5619694012
12,7,cashReplenishment,,12234.960820227978
12,7,financialGainLoss,,12234.960820227978
12,8,ptf_bop,Cash,12234.960820227978
12,8,ptf_bop,Real Estate,136812.995351264
12,8,ptf_bop,Precious Metals,34203.248837816
12,8,ptf_bop,Bonds,205219.493026896
12,8,ptf_bop,Crypto,34203.248837816
12,8,ptf_bop,Stocks,273625.990702528
12,8,ptf_eop,Cash,111834.25145172502
12,8,ptf_eop,Real Estate,129259.98751530964
12,8,ptf_eop,Precious Metals,32314.99687882741
12,8,ptf_eop,Bonds,193889.98127296448
12,8,ptf_eop,Crypto,32314.99687882741
12,8,ptf_eop,Stocks,258519.97503061927
12,8,ptf1,Cash,0.0
12,8,ptf1,Real Estate,136812.995351264
12,8,ptf1,Precious Metals,34203.248837816
12,8,ptf1,Bonds,167454.45384712398
12,8,ptf1,Crypto,34203.248837816
12,8,ptf1,Stocks,273625.990702528
12,8,ptf2,Cash,0.0
12,8,ptf2,Real Estate,129259.9875153096
12,8,ptf2,Precious Metals,32314.9968788274
12,8,ptf2,Bonds,193889.9812729644
12,8,ptf2,Crypto,32314.9968788274
12,8,ptf2,Stocks,258519.9750306192
12,8,ptf3,Cash,0.0
12,8,ptf3,Real Estate,142072.54910343385
12,8,ptf3,Precious Metals,38109.29920363199
12,8,ptf3,Bonds,198986.40867205695
12,8,ptf3,Crypto,23323.152386790745
12,8,ptf3,Stocks,355642.7796623596
12,8,ptf4,Cash,111834.25145172502
12,8,ptf4,Real Estate,142072.54910343385
12,8,ptf4,Precious Metals,38109.29920363199
12,8,ptf4,Bonds,87152.15722033192
12,8,ptf4,Crypto,23323.152386790745
12,8,ptf4,Stocks,355642.7796623596
12,8,ptf5,Cash,111834.25145172502
12,8,ptf5,Real Estate,129259.98751530964
12,8,ptf5,Precious Metals,32314.99687882741
12,8,ptf5,Bonds,193889.98127296448
12,8,ptf5,Crypto,32314.99687882741
12,8,ptf5,Stocks,258519.97503061927
12,8,returns,Cash,0.0
12,8,returns,Money Market,0.02391079641556572
12,8,returns,Bonds,0.026285150814046726
12,8,returns,Stocks,0.3756878153041643
12,8,returns,Crypto,-0.2782560841875885
12,8,returns,Precious Metals,0.17930691271707933
12,8,returns,Real Estate,0.09912241084354667
12,8,contributions,,0.0
12,8,withdrawals,,50000.0
12,8,availableCash,,0.0
12,8,cashBuffer,,150000.0
12,8,cashDepletion,,12234.960820227978
12,8,shortfall,,37765.03917977202
12,8,cashReplenishment,,111834.25145172502
12,8,financialGainLoss,,111834.25145172502
12,9,ptf_bop,Cash,111834.25145172502
12,9,ptf_bop,Real Estate,129259.98751530964
12,9,ptf_bop,Precious Metals,32314.99687882741
12,9,ptf_bop,Bonds,193889.98127296448
12,9,ptf_bop,Crypto,32314.99687882741
12,9,ptf_bop,Stocks,258519.97503061927
12,9,ptf_eop,Cash,61834.251451725024
12,9,ptf_eop,Real Estate,109680.3188696057
12,9,ptf_eop,Precious Metals,34883.0718151447
12,9,ptf_eop,Bonds,192567.65009544618
12,9,ptf_eop,Crypto,25664.496042529252
12,9,ptf_eop,Stocks,253437.406489905
12,9,ptf1,Cash,61834.251451725024
12,9,ptf1,Real Estate,129259.98751530964
12,9,ptf1,Precious Metals,32314.99687882741
12,9,ptf1,Bonds,193889.98127296448
12,9,ptf1,Crypto,32314.99687882741
12,9,ptf1,Stocks,258519.97503061927
12,9,ptf2,Cash,61834.251451725024
12,9,ptf2,Real Estate,129259.98751530964
12,9,ptf2,Precious Metals,32314.99687882741
12,9,ptf2,Bonds,193889.98127296448
12,9,ptf2,Crypto,32314.99687882741
12,9,ptf2,Stocks,258519.97503061927
12,9,ptf3,Cash,61834.251451725024
12,9,ptf3,Real Estate,109680.3188696057
12,9,ptf3,Precious Metals,34883.0718151447
12,9,ptf3,Bonds,192567.65009544618
12,9,ptf3,Crypto,25664.496042529252
12,9,ptf3,Stocks,253437.406489905
12,9,ptf4,Cash,61834.251451725024
12,9,ptf4,Real Estate,109680.3188696057
12,9,ptf4,Precious Metals,34883.0718151447
12,9,ptf4,Bonds,192567.65009544618
12,9,ptf4,Crypto,25664.496042529252
12,9,ptf4,Stocks,253437.406489905
12,9,ptf5,Cash,61834.251451725024
12,9,ptf5,Real Estate,109680.3188696057
12,9,ptf5,Precious Metals,34883.0718151447
12,9,ptf5,Bonds,192567.65009544618
12,9,ptf5,Crypto,25664.496042529252
12,9,ptf5,Stocks,253437.406489905
12,9,returns,Cash,0.0
12,9,returns,Money Market,0.0031792976415146532
12,9,returns,Bonds,-0.0068200077633546515
12,9,returns,Stocks,-0.019660254648068472
12,9,returns,Crypto,-0.20580230477000366
12,9,returns,Precious Metals,0.07947006604849405
12,9,returns,Real Estate,-0.151475093121024
12,9,contributions,,0.0
12,9,withdrawals,,50000.0
12,9,availableCash,,61834.251451725024
12,9,cashBuffer,,150000.0
12,9,cashDepletion,,50000.0
12,9,shortfall,,0.0
12,9,cashReplenishment,,0
12,9,financialGainLoss,,-30066.994263917324
12,10,ptf_bop,Cash,61834.251451725024
12,10,ptf_bop,Real Estate,109680.3188696057
12,10,ptf_bop,Precious Metals,34883.0718151447
12,10,ptf_bop,Bonds,192567.65009544618
12,10,ptf_bop,Crypto,25664.496042529252
12,10,ptf_bop,Stocks,253437.406489905
12,10,ptf_eop,Cash,11834.251451725024
12,10,ptf_eop,Real Estate,98012.32006347443
12,10,ptf_eop,Precious Metals,34302.19303930697
12,10,ptf_eop,Bonds,172492.79418316626
12,10,ptf_eop,Crypto,16826.359821233887
12,10,ptf_eop,Stocks,239055.4121960628
12,10,ptf1,Cash,11834.251451725024
12,10,ptf1,Real Estate,109680.3188696057
12,10,ptf1,Precious Metals,34883.0718151447
12,10,ptf1,Bonds,192567.65009544618
12,10,ptf1,Crypto,25664.496042529252
12,10,ptf1,Stocks,253437.406489905
12,10,ptf2,Cash,11834.251451725024
12,10,ptf2,Real Estate,123246.58866252616
12,10,ptf2,Precious Metals,30811.64716563154
12,10,ptf2,Bonds,184869.88299378924
12,10,ptf2,Crypto,30811.64716563154
12,10,ptf2,Stocks,246493.17732505233
12,10,ptf3,Cash,11834.251451725024
12,10,ptf3,Real Estate,98012.32006347443
12,10,ptf3,Precious Metals,34302.19303930697
12,10,ptf3,Bonds,172492.79418316626
12,10,ptf3,Crypto,16826.359821233887
12,10,ptf3,Stocks,239055.4121960628
12,10,ptf4,Cash,11834.251451725024
12,10,ptf4,Real Estate,98012.32006347443
12,10,ptf4,Precious Metals,34302.19303930697
12,10,ptf4,Bonds,172492.79418316626
12,10,ptf4,Crypto,16826.359821233887
12,10,ptf4,Stocks,239055.4121960628
12,10,ptf5,Cash,11834.251451725024
12,10,ptf5,Real Estate,98012.32006347443
12,10,ptf5,Precious Metals,34302.19303930697
12,10,ptf5,Bonds,172492.79418316626
12,10,ptf5,Crypto,16826.359821233887
12,10,ptf5,Stocks,239055.4121960628
12,10,returns,Cash,0.0
12,10,returns,Money Market,-0.006401483893427262
12,10,returns,Bonds,-0.06695027124044219
12,10,returns,Stocks,-0.03017432453792132
12,10,returns,Crypto,-0.45389612795505996
12,10,returns,Precious Metals,0.113286571630254
12,10,returns,Real Estate,-0.20474618302132658
12,10,contributions,,0.0
12,10,withdrawals,,50000.0
12,10,availableCash,,11834.251451725024
12,10,cashBuffer,,150000.0
12,10,cashDepletion,,50000.0
12,10,shortfall,,0.0
12,10,cashReplenishment,,0
12,10,financialGainLoss,,-55543.864009386394
12,11,ptf_bop,Cash,11834.251451725024
12,11,ptf_bop,Real Estate,98012.32006347443
12,11,ptf_bop,Precious Metals,34302.19303930697
12,11,ptf_bop,Bonds,172492.79418316626
12,11,ptf_bop,Crypto,16826.359821233887
12,11,ptf_bop,Stocks,239055.4121960628
12,11,ptf_eop,Cash,32230.974714433192
12,11,ptf_eop,Real Estate,104504.66615099387
12,11,ptf_eop,Precious Metals,26126.166537748468
12,11,ptf_eop,Bonds,156756.99922649082
12,11,ptf_eop,Crypto,26126.166537748468
12,11,ptf_eop,Stocks,209009.33230198774
12,11,ptf1,Cash,0.0
12,11,ptf1,Real Estate,98012.32006347443
12,11,ptf1,Precious Metals,34302.19303930697
12,11,ptf1,Bonds,134327.04563489128
12,11,ptf1,Crypto,16826.359821233887
12,11,ptf1,Stocks,239055.4121960628
12,11,ptf2,Cash,0.0
12,11,ptf2,Real Estate,104504.66615099387
12,11,ptf2,Precious Metals,26126.166537748468
12,11,ptf2,Bonds,156756.99922649082
12,11,ptf2,Crypto,26126.166537748468
12,11,ptf2,Stocks,209009.33230198774
12,11,ptf3,Cash,0.0
12,11,ptf3,Real Estate,122616.67088793984
12,11,ptf3,Precious Metals,24580.220405910924
12,11,ptf3,Bonds,152378.2417132658
12,11,ptf3,Crypto,33244.14727424644
12,11,ptf3,Stocks,221935.0251880396
12,11,ptf4,Cash,32230.974714433192
12,11,ptf4,Real Estate,122616.67088793984
12,11,ptf4,Precious Metals,24580.220405910924
12,11,ptf4,Bonds,120147.26699883261
12,11,ptf4,Crypto,33244.14727424644
12,11,ptf4,Stocks,221935.0251880396
12,11,ptf5,Cash,32230.974714433192
12,11,ptf5,Real Estate,104504.66615099387
12,11,ptf5,Precious Metals,26126.166537748468
12,11,ptf5,Bonds,156756.99922649082
12,11,ptf5,Crypto,26126.166537748468
12,11,ptf5,Stocks,209009.33230198774
12,11,returns,Cash,0.0
12,11,returns,Money Market,-0.004279478013861019
12,11,returns,Bonds,-0.02793340989449769
12,11,returns,Stocks,0.06184265909895428
12,11,returns,Crypto,0.2724464274624268
12,11,returns,Precious Metals,-0.059172329381115975
12,11,returns,Real Estate,0.17331288069737266
12,11,contributions,,0.0
12,11,withdrawals,,50000.0
12,11,availableCash,,0.0
12,11,cashBuffer,,150000.0
12,11,cashDepletion,,11834.251451725024
12,11,shortfall,,38165.748548274976
12,11,cashReplenishment,,32230.974714433192
12,11,financialGainLoss,,32230.974714433192
12,12,ptf_bop,Cash,32230.974714433192
12,12,ptf_bop,Real Estate,104504.66615099387
12,12,ptf_bop,Precious Metals,26126.166537748468
12,12,ptf_bop,Bonds,156756.99922649082
12,12,ptf_bop,Crypto,26126.166537748468
12,12,ptf_bop,Stocks,209009.33230198774
12,12,ptf_eop,Cash,46801.552954008745
12,12,ptf_eop,Real Estate,100950.86109388054
12,12,ptf_eop,Precious Metals,25237.715273470134
12,12,ptf_eop,Bonds,151426.2916408208
12,12,ptf_eop,Crypto,25237.715273470134
12,12,ptf_eop,Stocks,201901.72218776107
12,12,ptf1,Cash,0.0
12,12,ptf1,Real Estate,104504.66615099387
12,12,ptf1,Precious Metals,26126.166537748468
12,12,ptf1,Bonds,138987.973940924
12,12,ptf1,Crypto,26126.166537748468
12,12,ptf1,Stocks,209009.33230198774
12,12,ptf2,Cash,0.0
12,12,ptf2,Real Estate,100950.86109388052
12,12,ptf2,Precious Metals,25237.71527347013
12,12,ptf2,Bonds,151426.29164082077
12,12,ptf2,Crypto,25237.71527347013
12,12,ptf2,Stocks,201901.72218776104
12,12,ptf3,Cash,0.0
12,12,ptf3,Real Estate,109375.72117086669
12,12,ptf3,Precious Metals,34842.463430633805
12,12,ptf3,Bonds,151366.15745720707
12,12,ptf3,Crypto,29014.949546810407
12,12,ptf3,Stocks,226956.56681789336
12,12,ptf4,Cash,46801.552954008745
12,12,ptf4,Real Estate,109375.72117086669
12,12,ptf4,Precious Metals,34842.463430633805
12,12,ptf4,Bonds,104564.60450319832
12,12,ptf4,Crypto,29014.949546810407
12,12,ptf4,Stocks,226956.56681789336
12,12,ptf5,Cash,46801.552954008745
12,12,ptf5,Real Estate,100950.86109388054
12,12,ptf5,Precious Metals,25237.715273470134
12,12,ptf5,Bonds,151426.2916408208
12,12,ptf5,Crypto,25237.715273470134
12,12,ptf5,Stocks,201901.72218776107
12,12,returns,Cash,0.0
12,12,returns,Money Market,0.0380162463195825
12,12,returns,Bonds,-0.0003971185119974674
12,12,returns,Stocks,0.12409425912094128
12,12,returns,Crypto,0.14966625276539613
12,12,returns,Precious Metals,0.38057122259637255
12,12,returns,Real Estate,0.08345505908217433
12,12,contributions,,0.0
12,12,withdrawals,,50000.0
12,12,availableCash,,0.0
12,12,cashBuffer,,150000.0
12,12,cashDepletion,,32230.974714433192
12,12,shortfall,,17769.025285566808
12,12,cashReplenishment,,46801.552954008745
12,12,financialGainLoss,,46801.552954008745
12,13,ptf_bop,Cash,46801.552954008745
12,13,ptf_bop,Real Estate,100950.86109388054
12,13,ptf_bop,Precious Metals,25237.715273470134
12,13,ptf_bop,Bonds,151426.2916408208
12,13,ptf_bop,Crypto,25237.715273470134
12,13,ptf_bop,Stocks,201901.72218776107
12,13,ptf_eop,Cash,55571.18661434192
12,13,ptf_eop,Real Estate,100311.1716846823
12,13,ptf_eop,Precious Metals,25077.792921170574
12,13,ptf_eop,Bonds,150466.75752702344
12,13,ptf_eop,Crypto,25077.792921170574
12,13,ptf_eop,Stocks,200622.3433693646
12,13,ptf1,Cash,0.0
12,13,ptf1,Real Estate,100950.86109388054
12,13,ptf1,Precious Metals,25237.715273470134
12,13,ptf1,Bonds,148227.84459482954
12,13,ptf1,Crypto,25237.715273470134
12,13,ptf1,Stocks,201901.72218776107
12,13,ptf2,Cash,0.0
12,13,ptf2,Real Estate,100311.1716846823
12,13,ptf2,Precious Metals,25077.792921170574
12,13,ptf2,Bonds,150466.75752702344
12,13,ptf2,Crypto,25077.792921170574
12,13,ptf2,Stocks,200622.3433693646
12,13,ptf3,Cash,0.0
12,13,ptf3,Real Estate,121650.12094651729
12,13,ptf3,Precious Metals,28028.826593375117
12,13,ptf3,Bonds,167609.6751585215
12,13,ptf3,Crypto,18024.19592334165
12,13,ptf3,Stocks,221814.2264159978
12,13,ptf4,Cash,55571.18661434192
12,13,ptf4,Real Estate,121650.12094651729
12,13,ptf4,Precious Metals,28028.826593375117
12,13,ptf4,Bonds,112038.48854417959
12,13,ptf4,Crypto,18024.19592334165
12,13,ptf4,Stocks,221814.2264159978
12,13,ptf5,Cash,55571.18661434192
12,13,ptf5,Real Estate,100311.1716846823
12,13,ptf5,Precious Metals,25077.792921170574
12,13,ptf5,Bonds,150466.75752702344
12,13,ptf5,Crypto,25077.792921170574
12,13,ptf5,Stocks,200622.3433693646
12,13,returns,Cash,0.0
12,13,returns,Money Market,-0.007469208589405179
12,13,returns,Bonds,0.11393159468076694
12,13,returns,Stocks,0.10563072233493438
12,13,returns,Crypto,-0.28126865151176456
12,13,returns,Precious Metals,0.11767517506348386
12,13,returns,Real Estate,0.212727544733619
12,13,contributions,,0.0
12,13,withdrawals,,50000.0
12,13,availableCash,,0.0
12,13,cashBuffer,,150000.0
12,13,cashDepletion,,46801.552954008745
12,13,shortfall,,3198.4470459912554
12,13,cashReplenishment,,55571.18661434192
12,13,financialGainLoss,,55571.18661434192
12,14,ptf_bop,Cash,55571.18661434192
12,14,ptf_bop,Real Estate,100311.1716846823
12,14,ptf_bop,Precious Metals,25077.792921170574
12,14,ptf_bop,Bonds,150466.75752702344
12,14,ptf_bop,Crypto,25077.792921170574
12,14,ptf_bop,Stocks,200622.3433693646
12,14,ptf_eop,Cash,5571.186614341917
12,14,ptf_eop,Real Estate,103272.41242490067
12,14,ptf_eop,Precious Metals,24968.341084915948
12,14,ptf_eop,Bonds,154431.3659249482
12,14,ptf_eop,Crypto,14217.96203444175
12,14,ptf_eop,Stocks,203680.15562512592
12,14,ptf1,Cash,5571.186614341917
12,14,ptf1,Real Estate,100311.1716846823
12,14,ptf1,Precious Metals,25077.792921170574
12,14,ptf1,Bonds,150466.75752702344
12,14,ptf1,Crypto,25077.792921170574
12,14,ptf1,Stocks,200622.3433693646
12,14,ptf2,Cash,5571.186614341917
12,14,ptf2,Real Estate,100311.17168468231
12,14,ptf2,Precious Metals,25077.792921170578
12,14,ptf2,Bonds,150466.75752702347
12,14,ptf2,Crypto,25077.792921170578
12,14,ptf2,Stocks,200622.34336936462
12,14,ptf3,Cash,5571.186614341917
12,14,ptf3,Real Estate,103272.41242490067
12,14,ptf3,Precious Metals,24968.341084915948
12,14,ptf3,Bonds,154431.3659249482
12,14,ptf3,Crypto,14217.96203444175
12,14,ptf3,Stocks,203680.15562512592
12,14,ptf4,Cash,5571.186614341917
12,14,ptf4,Real Estate,103272.41242490067
12,14,ptf4,Precious Metals,24968.341084915948
12,14,ptf4,Bonds,154431.3659249482
12,14,ptf4,Crypto,14217.96203444175
12,14,ptf4,Stocks,203680.15562512592
12,14,ptf5,Cash,5571.186614341917
12,14,ptf5,Real Estate,103272.41242490067
12,14,ptf5,Precious Metals,24968.341084915948
12,14,ptf5,Bonds,154431.3659249482
12,14,ptf5,Crypto,14217.96203444175
12,14,ptf5,Stocks,203680.15562512592
12,14,returns,Cash,0.0
12,14,returns,Money Market,0.05316603844698467
12,14,returns,Bonds,0.026348732856908155
12,14,returns,Stocks,0.015241633630664931
12,14,returns,Crypto,-0.4330457198073839
12,14,returns,Precious Metals,-0.004364492385700845
12,14,returns,Real Estate,0.02952054781621647
12,14,contributions,,0.0
12,14,withdrawals,,50000.0
12,14,availableCash,,5571.186614341917
12,14,cashBuffer,,150000.0
12,14,cashDepletion,,50000.0
12,14,shortfall,,0.0
12,14,cashReplenishment,,0
12,14,financialGainLoss,,-985.6213290790329
12,15,ptf_bop,Cash,5571.186614341917
12,15,ptf_bop,Real Estate,103272.41242490067
12,15,ptf_bop,Precious Metals,24968.341084915948
12,15,ptf_bop,Bonds,154431.3659249482
12,15,ptf_bop,Crypto,14217.96203444175
12,15,ptf_bop,Stocks,203680.15562512592
12,15,ptf_eop,Cash,0.0
12,15,ptf_eop,Real Estate,88951.43099148206
12,15,ptf_eop,Precious Metals,24633.95530458671
12,15,ptf_eop,Bonds,150456.72319937637
12,15,ptf_eop,Crypto,23857.946767440877
12,15,ptf_eop,Stocks,166137.2268433881
12,15,ptf1,Cash,0.0
12,15,ptf1,Real Estate,103272.41242490067
12,15,ptf1,Precious Metals,24968.341084915948
12,15,ptf1,Bonds,110002.5525392901
12,15,ptf1,Crypto,14217.96203444175
12,15,ptf1,Stocks,203680.15562512592
12,15,ptf2,Cash,0.0
12,15,ptf2,Real Estate,91228.28474173488
12,15,ptf2,Precious Metals,22807.07118543372
12,15,ptf2,Bonds,136842.42711260234
12,15,ptf2,Crypto,22807.07118543372
12,15,ptf2,Stocks,182456.56948346976
12,15,ptf3,Cash,0.0
12,15,ptf3,Real Estate,88951.43099148206
12,15,ptf3,Precious Metals,24633.95530458671
12,15,ptf3,Bonds,150456.72319937637
12,15,ptf3,Crypto,23857.946767440877
12,15,ptf3,Stocks,166137.2268433881
12,15,ptf4,Cash,0.0
12,15,ptf4,Real Estate,88951.43099148206
12,15,ptf4,Precious Metals,24633.95530458671
12,15,ptf4,Bonds,150456.72319937637
12,15,ptf4,Crypto,23857.946767440877
12,15,ptf4,Stocks,166137.2268433881
12,15,ptf5,Cash,0.0
12,15,ptf5,Real Estate,88951.43099148206
12,15,ptf5,Precious Metals,24633.95530458671
12,15,ptf5,Bonds,150456.72319937637
12,15,ptf5,Crypto,23857.946767440877
12,15,ptf5,Stocks,166137.2268433881
12,15,returns,Cash,0.0
12,15,returns,Money Market,-0.030429057748517594
12,15,returns,Bonds,0.09948885279249947
12,15,returns,Stocks,-0.08944234064183791
12,15,returns,Crypto,0.04607674407042331
12,15,returns,Precious Metals,0.0801016537502533
12,15,returns,Real Estate,-0.024957761254621236
12,15,contributions,,0.0
12,15,withdrawals,,50000.0
12,15,availableCash,,0.0
12,15,cashBuffer,,150000.0
12,15,cashDepletion,,5571.186614341917
12,15,shortfall,,44428.81338565808
12,15,cashReplenishment,,0
12,15,financialGainLoss,,-2104.1406024002936
12,16,ptf_bop,Cash,0.0
12,16,ptf_bop,Real Estate,88951.43099148206
12,16,ptf_bop,Precious Metals,24633.95530458671
12,16,ptf_bop,Bonds,150456.72319937637
12,16,ptf_bop,Crypto,23857.946767440877
12,16,ptf_bop,Stocks,166137.2268433881
12,16,ptf_eop,Cash,0.0
12,16,ptf_eop,Real Estate,89162.04328806292
12,16,ptf_eop,Precious Metals,11036.496834713023
12,16,ptf_eop,Bonds,122785.24233684601
12,16,ptf_eop,Crypto,30194.2581648214
12,16,ptf_eop,Stocks,130256.61380985273
12,16,ptf1,Cash,0.0
12,16,ptf1,Real Estate,88951.43099148206
12,16,ptf1,Precious Metals,24633.95530458671
12,16,ptf1,Bonds,100456.72319937637
12,16,ptf1,Crypto,23857.946767440877
12,16,ptf1,Stocks,166137.2268433881
12,16,ptf2,Cash,0.0
12,16,ptf2,Real Estate,80807.45662125484
12,16,ptf2,Precious Metals,20201.86415531371
12,16,ptf2,Bonds,121211.18493188225
12,16,ptf2,Crypto,20201.86415531371
12,16,ptf2,Stocks,161614.91324250968
12,16,ptf3,Cash,0.0
12,16,ptf3,Real Estate,89162.04328806292
12,16,ptf3,Precious Metals,11036.496834713023
12,16,ptf3,Bonds,122785.24233684601
12,16,ptf3,Crypto,30194.2581648214
12,16,ptf3,Stocks,130256.61380985273
12,16,ptf4,Cash,0.0
12,16,ptf4,Real Estate,89162.04328806292
12,16,ptf4,Precious Metals,11036.496834713023
12,16,ptf4,Bonds,122785.24233684601
12,16,ptf4,Crypto,30194.2581648214
12,16,ptf4,Stocks,130256.61380985273
12,16,ptf5,Cash,0.0
12,16,ptf5,Real Estate,89162.04328806292
12,16,ptf5,Precious Metals,11036.496834713023
12,16,ptf5,Bonds,122785.24233684601
12,16,ptf5,Crypto,30194.2581648214
12,16,ptf5,Stocks,130256.61380985273
12,16,returns,Cash,0.0
12,16,returns,Money Market,-0.02365299976952421
12,16,returns,Bonds,0.012986073899437204
12,16,returns,Stocks,-0.19403097649535944
12,16,returns,Crypto,0.49462732412639177
12,16,returns,Precious Metals,-0.4536891868065509
12,16,returns,Real Estate,0.10338880860916203
12,16,contributions,,0.0
12,16,withdrawals,,50000.0
12,16,availableCash,,0.0
12,16,cashBuffer,,150000.0
12,16,cashDepletion,,0.0
12,16,shortfall,,50000.0
12,16,cashReplenishment,,0
12,16,financialGainLoss,,-20602.628671978135
12,17,ptf_bop,Cash,0.0
12,17,ptf_bop,Real Estate,89162.04328806292
12,17,ptf_bop,Precious Metals,11036.496834713023
12,17,ptf_bop,Bonds,122785.24233684601
12,17,ptf_bop,Crypto,30194.2581648214
12,17,ptf_bop,Stocks,130256.61380985273
12,17,ptf_eop,Cash,0.0
12,17,ptf_eop,Real Estate,70272.70542565382
12,17,ptf_eop,Precious Metals,22075.927235835003
12,17,ptf_eop,Bonds,106880.20202662291
12,17,ptf_eop,Crypto,6484.006445338103
12,17,ptf_eop,Stocks,111435.64136715331
12,17,ptf1,Cash,0.0
12,17,ptf1,Real Estate,89162.04328806292
12,17,ptf1,Precious Metals,11036.496834713023
12,17,ptf1,Bonds,72785.24233684601
12,17,ptf1,Crypto,30194.2581648214
12,17,ptf1,Stocks,130256.61380985273
12,17,ptf2,Cash,0.0
12,17,ptf2,Real Estate,66686.93088685922
12,17,ptf2,Precious Metals,16671.732721714805
12,17,ptf2,Bonds,100030.39633028883
12,17,ptf2,Crypto,16671.732721714805
12,17,ptf2,Stocks,133373.86177371844
12,17,ptf3,Cash,0.0
12,17,ptf3,Real Estate,70272.70542565382
12,17,ptf3,Precious Metals,22075.927235835003
12,17,ptf3,Bonds,106880.20202662291
12,17,ptf3,Crypto,6484.006445338103
12,17,ptf3,Stocks,111435.64136715331
12,17,ptf4,Cash,0.0
12,17,ptf4,Real Estate,70272.70542565382
12,17,ptf4,Precious Metals,22075.927235835003
12,17,ptf4,Bonds,106880.20202662291
12,17,ptf4,Crypto,6484.006445338103
12,17,ptf4,Stocks,111435.64136715331
12,17,ptf5,Cash,0.0
12,17,ptf5,Real Estate,70272.70542565382
12,17,ptf5,Precious Metals,22075.927235835003
12,17,ptf5,Bonds,106880.20202662291
12,17,ptf5,Crypto,6484.006445338103
12,17,ptf5,Stocks,111435.64136715331
12,17,returns,Cash,0.0
12,17,returns,Money Market,0.049579711597785216
12,17,returns,Bonds,0.06847724239456981
12,17,returns,Stocks,-0.1644866551422603
12,17,returns,Crypto,-0.6110778313466642
12,17,returns,Precious Metals,0.32415314018807867
12,17,returns,Real Estate,0.05377027389186963
12,17,contributions,,0.0
12,17,withdrawals,,50000.0
12,17,availableCash,,0.0
12,17,cashBuffer,,150000.0
12,17,cashDepletion,,0.0
12,17,shortfall,,50000.0
12,17,cashReplenishment,,0
12,17,financialGainLoss,,-16286.171933692938
12,18,ptf_bop,Cash,0.0
12,18,ptf_bop,Real Estate,70272.70542565382
12,18,ptf_bop,Precious Metals,22075.927235835003
12,18,ptf_bop,Bonds,106880.20202662291
12,18,ptf_bop,Crypto,6484.006445338103
12,18,ptf_bop,Stocks,111435.64136715331
12,18,ptf_eop,Cash,0.0
12,18,ptf_eop,Real Estate,41348.92868395655
12,18,ptf_eop,Precious Metals,10842.311134493344
12,18,ptf_eop,Bonds,72201.7793059681
12,18,ptf_eop,Crypto,15521.315054106279
12,18,ptf_eop,Stocks,75375.6076409747
12,18,ptf1,Cash,0.0
12,18,ptf1,Real Estate,70272.70542565382
12,18,ptf1,Precious Metals,22075.927235835003
12,18,ptf1,Bonds,56880.20202662291
12,18,ptf1,Crypto,6484.006445338103
12,18,ptf1,Stocks,111435.64136715331
12,18,ptf2,Cash,0.0
12,18,ptf2,Real Estate,53429.696500120626
12,18,ptf2,Precious Metals,13357.424125030157
12,18,ptf2,Bonds,80144.54475018094
12,18,ptf2,Crypto,13357.424125030157
12,18,ptf2,Stocks,106859.39300024125
12,18,ptf3,Cash,0.0
12,18,ptf3,Real Estate,41348.92868395655
12,18,ptf3,Precious Metals,10842.311134493344
12,18,ptf3,Bonds,72201.7793059681
12,18,ptf3,Crypto,15521.315054106279
12,18,ptf3,Stocks,75375.6076409747
12,18,ptf4,Cash,0.0
12,18,ptf4,Real Estate,41348.92868395655
12,18,ptf4,Precious Metals,10842.311134493344
12,18,ptf4,Bonds,72201.7793059681
12,18,ptf4,Crypto,15521.315054106279
12,18,ptf4,Stocks,75375.6076409747
12,18,ptf5,Cash,0.0
12,18,ptf5,Real Estate,41348.92868395655
12,18,ptf5,Precious Metals,10842.311134493344
12,18,ptf5,Bonds,72201.7793059681
12,18,ptf5,Crypto,15521.315054106279
12,18,ptf5,Stocks,75375.6076409747
12,18,returns,Cash,0.0
12,18,returns,Money Market,-0.016890258411355625
12,18,returns,Bonds,-0.09910550329995998
12,18,returns,Stocks,-0.2946281508373855
12,18,returns,Crypto,0.16199911815491877
12,18,returns,Precious Metals,-0.18829326425473028
12,18,returns,Real Estate,-0.22610586635349508
12,18,contributions,,0.0
12,18,withdrawals,,50000.0
12,18,availableCash,,0.0
12,18,cashBuffer,,150000.0
12,18,cashDepletion,,0.0
12,18,shortfall,,50000.0
12,18,cashReplenishment,,0
12,18,financialGainLoss,,-51858.540681104176
12,19,ptf_bop,Cash,0.0
12,19,ptf_bop,Real Estate,41348.92868395655
12,19,ptf_bop,Precious Metals,10842.311134493344
12,19,ptf_bop,Bonds,72201.7793059681
12,19,ptf_bop,Crypto,15521.315054106279
12,19,ptf_bop,Stocks,75375.6076409747
12,19,ptf_eop,Cash,0.0
12,19,ptf_eop,Real Estate,21183.2532148543
12,19,ptf_eop,Precious Metals,9024.765346093624
12,19,ptf_eop,Bonds,50323.4923397782
12,19,ptf_eop,Crypto,8208.869489201914
12,19,ptf_eop,Stocks,64962.97791662781
12,19,ptf1,Cash,0.0
12,19,ptf1,Real Estate,41348.92868395655
12,19,ptf1,Precious Metals,10842.311134493344
12,19,ptf1,Bonds,22201.7793059681
12,19,ptf1,Crypto,15521.315054106279
12,19,ptf1,Stocks,75375.6076409747
12,19,ptf2,Cash,0.0
12,19,ptf2,Real Estate,33057.98836389979
12,19,ptf2,Precious Metals,8264.497090974948
12,19,ptf2,Bonds,49586.98254584969
12,19,ptf2,Crypto,8264.497090974948
12,19,ptf2,Stocks,66115.97672779959
12,19,ptf3,Cash,0.0
12,19,ptf3,Real Estate,21183.2532148543
12,19,ptf3,Precious Metals,9024.765346093624
12,19,ptf3,Bonds,50323.4923397782
12,19,ptf3,Crypto,8208.869489201914
12,19,ptf3,Stocks,64962.97791662781
12,19,ptf4,Cash,0.0
12,19,ptf4,Real Estate,21183.2532148543
12,19,ptf4,Precious Metals,9024.765346093624
12,19,ptf4,Bonds,50323.4923397782
12,19,ptf4,Crypto,8208.869489201914
12,19,ptf4,Stocks,64962.97791662781
12,19,ptf5,Cash,0.0
12,19,ptf5,Real Estate,21183.2532148543
12,19,ptf5,Precious Metals,9024.765346093624
12,19,ptf5,Bonds,50323.4923397782
12,19,ptf5,Crypto,8208.869489201914
12,19,ptf5,Stocks,64962.97791662781
12,19,returns,Cash,0.0
12,19,returns,Money Market,0.06696797119221239
12,19,returns,Bonds,0.014852885901002316
12,19,returns,Stocks,-0.01743903468171826
12,19,returns,Crypto,-0.0067309118946608845
12,19,returns,Precious Metals,0.09199207728549018
12,19,returns,Real Estate,-0.3592092482558019
12,19,contributions,,0.0
12,19,withdrawals,,50000.0
12,19,availableCash,,0.0
12,19,cashBuffer,,150000.0
12,19,cashDepletion,,0.0
12,19,shortfall,,50000.0
12,19,cashReplenishment,,0
12,19,financialGainLoss,,-11586.583512943122
12,20,ptf_bop,Cash,0.0
12,20,ptf_bop,Real Estate,21183.2532148543
12,20,ptf_bop,Precious Metals,9024.765346093624
12,20,ptf_bop,Bonds,50323.4923397782
12,20,ptf_bop,Crypto,8208.869489201914
12,20,ptf_bop,Stocks,64962.97791662781
12,20,ptf_eop,Cash,0.0
12,20,ptf_eop,Real Estate,21825.431002479534
12,20,ptf_eop,Precious Metals,5190.028108525838
12,20,ptf_eop,Bonds,31321.982780689465
12,20,ptf_eop,Crypto,1052.7294926067448
12,20,ptf_eop,Stocks,37002.67104039048
12,20,ptf1,Cash,0.0
12,20,ptf1,Real Estate,21183.2532148543
12,20,ptf1,Precious Metals,9024.765346093624
12,20,ptf1,Bonds,323.49233977819677
12,20,ptf1,Crypto,8208.869489201914
12,20,ptf1,Stocks,64962.97791662781
12,20,ptf2,Cash,0.0
12,20,ptf2,Real Estate,20740.671661311168
12,20,ptf2,Precious Metals,5185.167915327792
12,20,ptf2,Bonds,31111.007491966753
12,20,ptf2,Crypto,5185.167915327792
12,20,ptf2,Stocks,41481.343322622335
12,20,ptf3,Cash,0.0
12,20,ptf3,Real Estate,21825.431002479534
12,20,ptf3,Precious Metals,5190.028108525838
12,20,ptf3,Bonds,31321.982780689465
12,20,ptf3,Crypto,1052.7294926067448
12,20,ptf3,Stocks,37002.67104039048
12,20,ptf4,Cash,0.0
12,20,ptf4,Real Estate,21825.431002479534
12,20,ptf4,Precious Metals,5190.028108525838
12,20,ptf4,Bonds,31321.982780689465
12,20,ptf4,Crypto,1052.7294926067448
12,20,ptf4,Stocks,37002.67104039048
12,20,ptf5,Cash,0.0
12,20,ptf5,Real Estate,21825.431002479534
12,20,ptf5,Precious Metals,5190.028108525838
12,20,ptf5,Bonds,31321.982780689465
12,20,ptf5,Crypto,1052.7294926067448
12,20,ptf5,Stocks,37002.67104039048
12,20,returns,Cash,0.0
12,20,returns,Money Market,0.009303444635521263
12,20,returns,Bonds,0.006781371152225994
12,20,returns,Stocks,-0.10796835211914085
12,20,returns,Crypto,-0.796972921649309
12,20,returns,Precious Metals,0.0009373260957816565
12,20,returns,Real Estate,0.05230107100108214
12,20,contributions,,0.0
12,20,withdrawals,,50000.0
12,20,availableCash,,0.0
12,20,cashBuffer,,150000.0
12,20,cashDepletion,,0.0
12,20,shortfall,,50000.0
12,20,cashReplenishment,,0
12,20,financialGainLoss,,-7310.515881863772
13,1,ptf_bop,Cash,150000.0
13,1,ptf_bop,Real Estate,170000.0
13,1,ptf_bop,Precious Metals,42500.0
13,1,ptf_bop,Bonds,255000.0
13,1,ptf_bop,Crypto,42500.0
13,1,ptf_bop,Stocks,340000.0
13,1,ptf_eop,Cash,100000.0
13,1,ptf_eop,Real Estate,181172.87207081498
13,1,ptf_eop,Precious Metals,38969.484509043155
13,1,ptf_eop,Bonds,280871.93895080476
13,1,ptf_eop,Crypto,15606.54026278014
13,1,ptf_eop,Stocks,288883.1587374339
13,1,ptf1,Cash,100000.0
13,1,ptf1,Real Estate,170000.0
13,1,ptf1,Precious Metals,42500.0
13,1,ptf1,Bonds,255000.0
13,1,ptf1,Crypto,42500.0
13,1,ptf1,Stocks,340000.0
13,1,ptf2,Cash,100000.0
13,1,ptf2,Real Estate,170000.0
13,1,ptf2,Precious Metals,42500.0
13,1,ptf2,Bonds,255000.0
13,1,ptf2,Crypto,42500.0
13,1,ptf2,Stocks,340000.0
13,1,ptf3,Cash,100000.0
13,1,ptf3,Real Estate,181172.87207081498
13,1,ptf3,Precious Metals,38969.484509043155
13,1,ptf3,Bonds,280871.93895080476
13,1,ptf3,Crypto,15606.54026278014
13,1,ptf3,Stocks,288883.1587374339
13,1,ptf4,Cash,100000.0
13,1,ptf4,Real Estate,181172.87207081498
13,1,ptf4,Precious Metals,38969.484509043155
13,1,ptf4,Bonds,280871.93895080476
13,1,ptf4,Crypto,15606.54026278014
13,1,ptf4,Stocks,288883.1587374339
13,1,ptf5,Cash,100000.0
13,1,ptf5,Real Estate,181172.87207081498
13,1,ptf5,Precious Metals,38969.484509043155
13,1,ptf5,Bonds,280871.93895080476
13,1,ptf5,Crypto,15606.54026278014
13,1,ptf5,Stocks,288883.1587374339
13,1,returns,Cash,0.0
13,1,returns,Money Market,0.019979695900581983
13,1,returns,Bonds,0.10145858412080289
13,1,returns,Stocks,-0.1503436507722532
13,1,returns,Crypto,-0.6327872879345849
13,1,returns,Precious Metals,-0.08307095272839632
13,1,returns,Real Estate,0.06572277688714698
13,1,contributions,,0.0
13,1,withdrawals,,50000.0
13,1,availableCash,,100000.0
13,1,cashBuffer,,150000.0
13,1,cashDepletion,,50000.0
13,1,shortfall,,0.0
13,1,cashReplenishment,,0
13,1,financialGainLoss,,-44496.005469123134
13,2,ptf_bop,Cash,100000.0
13,2,ptf_bop,Real Estate,181172.87207081498
13,2,ptf_bop,Precious Metals,38969.484509043155
13,2,ptf_bop,Bonds,280871.93895080476
13,2,ptf_bop,Crypto,15606.54026278014
13,2,ptf_bop,Stocks,288883.1587374339
13,2,ptf_eop,Cash,50000.0
13,2,ptf_eop,Real Estate,168916.9197716839
13,2,ptf_eop,Precious Metals,41742.672382186254
13,2,ptf_eop,Bonds,230235.25094987982
13,2,ptf_eop,Crypto,33850.985549104626
13,2,ptf_eop,Stocks,324735.20912933786
13,2,ptf1,Cash,50000.0
13,2,ptf1,Real Estate,181172.87207081498
13,2,ptf1,Precious Metals,38969.484509043155
13,2,ptf1,Bonds,280871.93895080476
13,2,ptf1,Crypto,15606.54026278014
13,2,ptf1,Stocks,288883.1587374339
13,2,ptf2,Cash,50000.0
13,2,ptf2,Real Estate,161100.7989061754
13,2,ptf2,Precious Metals,40275.19972654385
13,2,ptf2,Bonds,241651.19835926304
13,2,ptf2,Crypto,40275.19972654385
13,2,ptf2,Stocks,322201.5978123508
13,2,ptf3,Cash,50000.0
13,2,ptf3,Real Estate,168916.9197716839
13,2,ptf3,Precious Metals,41742.672382186254
13,2,ptf3,Bonds,230235.25094987982
13,2,ptf3,Crypto,33850.985549104626
13,2,ptf3,Stocks,324735.20912933786
13,2,ptf4,Cash,50000.0
13,2,ptf4,Real Estate,168916.9197716839
13,2,ptf4,Precious Metals,41742.672382186254
13,2,ptf4,Bonds,230235.25094987982
13,2,ptf4,Crypto,33850.985549104626
13,2,ptf4,Stocks,324735.20912933786
13,2,ptf5,Cash,50000.0
13,2,ptf5,Real Estate,168916.9197716839
13,2,ptf5,Precious Metals,41742.672382186254
13,2,ptf5,Bonds,230235.25094987982
13,2,ptf5,Crypto,33850.985549104626
13,2,ptf5,Stocks,324735.20912933786
13,2,returns,Cash,0.0
13,2,returns,Money Market,-0.010463899077954973
13,2,returns,Bonds,-0.04724142684536215
13,2,returns,Stocks,0.007863434986634292
13,2,returns,Crypto,-0.15950794089309672
13,2,returns,Precious Metals,0.03643613602430504
13,2,returns,Real Estate,0.04851695906275789
13,2,contributions,,0.0
13,2,withdrawals,,50000.0
13,2,availableCash,,50000.0
13,2,cashBuffer,,150000.0
13,2,cashDepletion,,50000.0
13,2,shortfall,,0.0
13,2,cashReplenishment,,0
13,2,financialGainLoss,,-6022.956748684403
13,3,ptf_bop,Cash,50000.0
13,3,ptf_bop,Real Estate,168916.9197716839
13,3,ptf_bop,Precious Metals,41742.672382186254
13,3,ptf_bop,Bonds,230235.25094987982
13,3,ptf_bop,Crypto,33850.985549104626
13,3,ptf_bop,Stocks,324735.20912933786
13,3,ptf_eop,Cash,34557.04448436946
13,3,ptf_eop,Real Estate,159896.2075564385
13,3,ptf_eop,Precious Metals,39974.05188910962
13,3,ptf_eop,Bonds,239844.31133465774
13,3,ptf_eop,Crypto,39974.05188910962
13,3,ptf_eop,Stocks,319792.415112877
13,3,ptf1,Cash,0.0
13,3,ptf1,Real Estate,168916.9197716839
13,3,ptf1,Precious Metals,41742.672382186254
13,3,ptf1,Bonds,230235.25094987982
13,3,ptf1,Crypto,33850.985549104626
13,3,ptf1,Stocks,324735.20912933786
13,3,ptf2,Cash,0.0
13,3,ptf2,Real Estate,159896.2075564385
13,3,ptf2,Precious Metals,39974.05188910962
13,3,ptf2,Bonds,239844.31133465774
13,3,ptf2,Crypto,39974.05188910962
13,3,ptf2,Stocks,319792.415112877
13,3,ptf3,Cash,0.0
13,3,ptf3,Real Estate,183601.64776416006
13,3,ptf3,Precious Metals,40477.19653842749
13,3,ptf3,Bonds,273415.30662277155
13,3,ptf3,Crypto,43913.193123706325
13,3,ptf3,Stocks,292630.7382174966
13,3,ptf4,Cash,34557.04448436946
13,3,ptf4,Real Estate,183601.64776416006
13,3,ptf4,Precious Metals,40477.19653842749
13,3,ptf4,Bonds,238858.2621384021
13,3,ptf4,Crypto,43913.193123706325
13,3,ptf4,Stocks,292630.7382174966
13,3,ptf5,Cash,34557.04448436946
13,3,ptf5,Real Estate,159896.2075564385
13,3,ptf5,Precious Metals,39974.05188910962
13,3,ptf5,Bonds,239844.31133465774
13,3,ptf5,Crypto,39974.05188910962
13,3,ptf5,Stocks,319792.415112877
13,3,returns,Cash,0.0
13,3,returns,Money Market,0.0323184874593827
13,3,returns,Bonds,0.13996994592576267
13,3,returns,Stocks,-0.08493533808734373
13,3,returns,Crypto,0.09854245562906955
13,3,returns,Precious Metals,0.012586781312878268
13,3,returns,Real Estate,0.14825517484118117
13,3,contributions,,0.0
13,3,withdrawals,,50000.0
13,3,availableCash,,0.0
13,3,cashBuffer,,150000.0
13,3,cashDepletion,,50000.0
13,3,shortfall,,0.0
13,3,cashReplenishment,,34557.04448436946
13,3,financialGainLoss,,34557.04448436946
13,4,ptf_bop,Cash,34557.04448436946
13,4,ptf_bop,Real Estate,159896.2075564385
13,4,ptf_bop,Precious Metals,39974.05188910962
13,4,ptf_bop,Bonds,239844.31133465774
13,4,ptf_bop,Crypto,39974.05188910962
13,4,ptf_bop,Stocks,319792.415112877
13,4,ptf_eop,Cash,96511.19817911368
13,4,ptf_eop,Real Estate,156807.61645331242
13,4,ptf_eop,Precious Metals,39201.904113328106
13,4,ptf_eop,Bonds,235211.42467996865
13,4,ptf_eop,Crypto,39201.904113328106
13,4,ptf_eop,Stocks,313615.23290662485
13,4,ptf1,Cash,0.0
13,4,ptf1,Real Estate,159896.2075564385
13,4,ptf1,Precious Metals,39974.05188910962
13,4,ptf1,Bonds,224401.3558190272
13,4,ptf1,Crypto,39974.05188910962
13,4,ptf1,Stocks,319792.415112877
13,4,ptf2,Cash,0.0
13,4,ptf2,Real Estate,156807.61645331242
13,4,ptf2,Precious Metals,39201.904113328106
13,4,ptf2,Bonds,235211.42467996862
13,4,ptf2,Crypto,39201.904113328106
13,4,ptf2,Stocks,313615.23290662485
13,4,ptf3,Cash,0.0
13,4,ptf3,Real Estate,201841.54735107778
13,4,ptf3,Precious Metals,29766.900777279618
13,4,ptf3,Bonds,218204.5696243391
13,4,ptf3,Crypto,38084.51575082134
13,4,ptf3,Stocks,392651.746942158
13,4,ptf4,Cash,96511.19817911368
13,4,ptf4,Real Estate,201841.54735107778
13,4,ptf4,Precious Metals,29766.900777279618
13,4,ptf4,Bonds,121693.37144522544
13,4,ptf4,Crypto,38084.51575082134
13,4,ptf4,Stocks,392651.746942158
13,4,ptf5,Cash,96511.19817911368
13,4,ptf5,Real Estate,156807.61645331242
13,4,ptf5,Precious Metals,39201.904113328106
13,4,ptf5,Bonds,235211.42467996865
13,4,ptf5,Crypto,39201.904113328106
13,4,ptf5,Stocks,313615.23290662485
13,4,returns,Cash,0.0
13,4,returns,Money Market,0.02835687650351475
13,4,returns,Bonds,-0.07230454506522895
13,4,returns,Stocks,0.25201745879182247
13,4,returns,Crypto,-0.028503420631725566
13,4,returns,Precious Metals,-0.24067716988371277
13,4,returns,Real Estate,0.28719224178229674
13,4,contributions,,0.0
13,4,withdrawals,,50000.0
13,4,availableCash,,0.0
13,4,cashBuffer,,150000.0
13,4,cashDepletion,,34557.04448436946
13,4,shortfall,,15442.955515630543
13,4,cashReplenishment,,96511.19817911368
13,4,financialGainLoss,,96511.19817911368
13,5,ptf_bop,Cash,96511.19817911368
13,5,ptf_bop,Real Estate,156807.61645331242
13,5,ptf_bop,Precious Metals,39201.904113328106
13,5,ptf_bop,Bonds,235211.42467996865
13,5,ptf_bop,Crypto,39201.904113328106
13,5,ptf_bop,Stocks,313615.23290662485
13,5,ptf_eop,Cash,143981.890122856
13,5,ptf_eop,Real Estate,156807.61645331242
13,5,ptf_eop,Precious Metals,39201.904113328106
13,5,ptf_eop,Bonds,235211.42467996865
13,5,ptf_eop,Crypto,39201.904113328106
13,5,ptf_eop,Stocks,313615.23290662485
13,5,ptf1,Cash,46511.19817911368
13,5,ptf1,Real Estate,156807.61645331242
13,5,ptf1,Precious Metals,39201.904113328106
13,5,ptf1,Bonds,235211.42467996865
13,5,ptf1,Crypto,39201.904113328106
13,5,ptf1,Stocks,313615.23290662485
13,5,ptf2,Cash,46511.19817911368
13,5,ptf2,Real Estate,156807.61645331242
13,5,ptf2,Precious Metals,39201.904113328106
13,5,ptf2,Bonds,235211.42467996865
13,5,ptf2,Crypto,39201.904113328106
13,5,ptf2,Stocks,313615.23290662485
13,5,ptf3,Cash,46511.19817911368
13,5,ptf3,Real Estate,171375.94397207393
13,5,ptf3,Precious Metals,43327.966201542826
13,5,ptf3,Bonds,258696.4057532072
13,5,ptf3,Crypto,36657.90821965755
13,5,ptf3,Stocks,371450.550063823
13,5,ptf4,Cash,143981.890122856
13,5,ptf4,Real Estate,171375.94397207393
13,5,ptf4,Precious Metals,43327.966201542826
13,5,ptf4,Bonds,161225.71380946485
13,5,ptf4,Crypto,36657.90821965755
13,5,ptf4,Stocks,371450.550063823
13,5,ptf5,Cash,143981.890122856
13,5,ptf5,Real Estate,156807.61645331242
13,5,ptf5,Precious Metals,39201.904113328106
13,5,ptf5,Bonds,235211.42467996865
13,5,ptf5,Crypto,39201.904113328106
13,5,ptf5,Stocks,313615.23290662485
13,5,returns,Cash,0.0
13,5,returns,Money Market,-0.04603224910095477
13,5,returns,Bonds,0.09984626004112025
13,5,returns,Stocks,0.18441488514819024
13,5,returns,Crypto,-0.06489470221436608
13,5,returns,Precious Metals,0.10525157340028081
13,5,returns,Real Estate,0.09290573919984971
13,5,contributions,,0.0
13,5,withdrawals,,50000.0
13,5,availableCash,,46511.19817911368
13,5,cashBuffer,,150000.0
13,5,cashDepletion,,50000.0
13,5,shortfall,,0.0
13,5,cashReplenishment,,97470.69194374233
13,5,financialGainLoss,,97470.69194374233
13,6,ptf_bop,Cash,143981.890122856
13,6,ptf_bop,Real Estate,156807.61645331242
13,6,ptf_bop,Precious Metals,39201.904113328106
13,6,ptf_bop,Bonds,235211.42467996865
13,6,ptf_bop,Crypto,39201.904113328106
13,6,ptf_bop,Stocks,313615.23290662485
13,6,ptf_eop,Cash,150000.0
13,6,ptf_eop,Real Estate,160598.68923817753
13,6,ptf_eop,Precious Metals,40149.67230954438
13,6,ptf_eop,Bonds,240898.0338572663
13,6,ptf_eop,Crypto,40149.67230954438
13,6,ptf_eop,Stocks,321197.37847635505
13,6,ptf1,Cash,93981.89012285601
13,6,ptf1,Real Estate,156807.61645331242
13,6,ptf1,Precious Metals,39201.904113328106
13,6,ptf1,Bonds,235211.42467996865
13,6,ptf1,Crypto,39201.904113328106
13,6,ptf1,Stocks,313615.23290662485
13,6,ptf2,Cash,93981.89012285601
13,6,ptf2,Real Estate,156807.61645331242
13,6,ptf2,Precious Metals,39201.904113328106
13,6,ptf2,Bonds,235211.42467996865
13,6,ptf2,Crypto,39201.904113328106
13,6,ptf2,Stocks,313615.23290662485
13,6,ptf3,Cash,93981.89012285601
13,6,ptf3,Real Estate,189548.3701206092
13,6,ptf3,Precious Metals,38487.08318284852
13,6,ptf3,Bonds,241221.8434044841
13,6,ptf3,Crypto,42579.38054336407
13,6,ptf3,Stocks,347174.87881672574
13,6,ptf4,Cash,150000.0
13,6,ptf4,Real Estate,189548.3701206092
13,6,ptf4,Precious Metals,38487.08318284852
13,6,ptf4,Bonds,185203.7335273401
13,6,ptf4,Crypto,42579.38054336407
13,6,ptf4,Stocks,347174.87881672574
13,6,ptf5,Cash,150000.0
13,6,ptf5,Real Estate,160598.68923817753
13,6,ptf5,Precious Metals,40149.67230954438
13,6,ptf5,Bonds,240898.0338572663
13,6,ptf5,Crypto,40149.67230954438
13,6,ptf5,Stocks,321197.37847635505
13,6,returns,Cash,0.0
13,6,returns,Money Market,-0.025727293668792388
13,6,returns,Bonds,0.025553260147517475
13,6,returns,Stocks,0.10700897912089907
13,6,returns,Crypto,0.08615592804553752
13,6,returns,Precious Metals,-0.018234342097596206
13,6,returns,Real Estate,0.20879568485147484
13,6,contributions,,0.0
13,6,withdrawals,,50000.0
13,6,availableCash,,93981.89012285601
13,6,cashBuffer,,150000.0
13,6,cashDepletion,,50000.0
13,6,shortfall,,0.0
13,6,cashReplenishment,,56018.10987714399
13,6,financialGainLoss,,74973.47380146943
13,7,ptf_bop,Cash,150000.0
13,7,ptf_bop,Real Estate,160598.68923817753
13,7,ptf_bop,Precious Metals,40149.67230954438
13,7,ptf_bop,Bonds,240898.0338572663
13,7,ptf_bop,Crypto,40149.67230954438
13,7,ptf_bop,Stocks,321197.37847635505
13,7,ptf_eop,Cash,120749.85871418938
13,7,ptf_eop,Real Estate,160598.68923817753
13,7,ptf_eop,Precious Metals,40149.67230954438
13,7,ptf_eop,Bonds,240898.03385726627
13,7,ptf_eop,Crypto,40149.67230954438
13,7,ptf_eop,Stocks,321197.37847635505
13,7,ptf1,Cash,100000.0
13,7,ptf1,Real Estate,160598.68923817753
13,7,ptf1,Precious Metals,40149.67230954438
13,7,ptf1,Bonds,240898.0338572663
13,7,ptf1,Crypto,40149.67230954438
13,7,ptf1,Stocks,321197.37847635505
13,7,ptf2,Cash,100000.0
13,7,ptf2,Real Estate,160598.68923817753
13,7,ptf2,Precious Metals,40149.67230954438
13,7,ptf2,Bonds,240898.0338572663
13,7,ptf2,Crypto,40149.67230954438
13,7,ptf2,Stocks,321197.37847635505
13,7,ptf3,Cash,100000.0
13,7,ptf3,Real Estate,155041.86668299307
13,7,ptf3,Precious Metals,39328.167772280314
13,7,ptf3,Bonds,214726.33651592114
13,7,ptf3,Crypto,52550.71357470068
13,7,ptf3,Stocks,362096.2203591818
13,7,ptf4,Cash,120749.85871418938
13,7,ptf4,Real Estate,155041.86668299307
13,7,ptf4,Precious Metals,39328.167772280314
13,7,ptf4,Bonds,193976.47780173176
13,7,ptf4,Crypto,52550.71357470068
13,7,ptf4,Stocks,362096.2203591818
13,7,ptf5,Cash,120749.85871418938
13,7,ptf5,Real Estate,160598.68923817753
13,7,ptf5,Precious Metals,40149.67230954438
13,7,ptf5,Bonds,240898.03385726627
13,7,ptf5,Crypto,40149.67230954438
13,7,ptf5,Stocks,321197.37847635505
13,7,returns,Cash,0.0
13,7,returns,Money Market,0.01759805119159582
13,7,returns,Bonds,-0.10864222062041433
13,7,returns,Stocks,0.12733242742153172
13,7,returns,Crypto,0.3088702983562915
13,7,returns,Precious Metals,-0.02046105210848207
13,7,returns,Real Estate,-0.034600671907996455
13,7,contributions,,0.0
13,7,withdrawals,,50000.0
13,7,availableCash,,100000.0
13,7,cashBuffer,,150000.0
13,7,cashDepletion,,50000.0
13,7,shortfall,,0.0
13,7,cashReplenishment,,20749.85871418938
13,7,financialGainLoss,,20749.85871418938
13,8,ptf_bop,Cash,120749.85871418938
13,8,ptf_bop,Real Estate,160598.68923817753
13,8,ptf_bop,Precious Metals,40149.67230954438
13,8,ptf_bop,Bonds,240898.03385726627
13,8,ptf_bop,Crypto,40149.67230954438
13,8,ptf_bop,Stocks,321197.37847635505
13,8,ptf_eop,Cash,150000.0
13,8,ptf_eop,Real Estate,163543.69597759386
13,8,ptf_eop,Precious Metals,40885.923994398465
13,8,ptf_eop,Bonds,245315.54396639077
13,8,ptf_eop,Crypto,40885.923994398465
13,8,ptf_eop,Stocks,327087.3919551877
13,8,ptf1,Cash,70749.85871418938
13,8,ptf1,Real Estate,160598.68923817753
13,8,ptf1,Precious Metals,40149.67230954438
13,8,ptf1,Bonds,240898.03385726627
13,8,ptf1,Crypto,40149.67230954438
13,8,ptf1,Stocks,321197.37847635505
13,8,ptf2,Cash,70749.85871418938
13,8,ptf2,Real Estate,160598.68923817753
13,8,ptf2,Precious Metals,40149.67230954438
13,8,ptf2,Bonds,240898.03385726627
13,8,ptf2,Crypto,40149.67230954438
13,8,ptf2,Stocks,321197.37847635505
13,8,ptf3,Cash,70749.85871418938
13,8,ptf3,Real Estate,179632.22170125408
13,8,ptf3,Precious Metals,42093.27464155732
13,8,ptf3,Bonds,220013.70431066846
13,8,ptf3,Crypto,35558.06170349899
13,8,ptf3,Stocks,419671.35881680105
13,8,ptf4,Cash,150000.0
13,8,ptf4,Real Estate,179632.22170125408
13,8,ptf4,Precious Metals,42093.27464155732
13,8,ptf4,Bonds,140763.56302485784
13,8,ptf4,Crypto,35558.06170349899
13,8,ptf4,Stocks,419671.35881680105
13,8,ptf5,Cash,150000.0
13,8,ptf5,Real Estate,163543.69597759386
13,8,ptf5,Precious Metals,40885.923994398465
13,8,ptf5,Bonds,245315.54396639077
13,8,ptf5,Crypto,40885.923994398465
13,8,ptf5,Stocks,327087.3919551877
13,8,returns,Cash,0.0
13,8,returns,Money Market,-0.008318105564189677
13,8,returns,Bonds,-0.08669364881147984
13,8,returns,Stocks,0.30658401014220965
13,8,returns,Crypto,-0.11436234325015583
13,8,returns,Precious Metals,0.048408921423523224
13,8,returns,Real Estate,0.11851611338401813
13,8,contributions,,0.0
13,8,withdrawals,,50000.0
13,8,availableCash,,70749.85871418938
13,8,cashBuffer,,150000.0
13,8,cashDepletion,,50000.0
13,8,shortfall,,0.0
13,8,cashReplenishment,,79250.14128581062
13,8,financialGainLoss,,93975.17498289235
13,9,ptf_bop,Cash,150000.0
13,9,ptf_bop,Real Estate,163543.69597759386
13,9,ptf_bop,Precious Metals,40885.923994398465
13,9,ptf_bop,Bonds,245315.54396639077
13,9,ptf_bop,Crypto,40885.923994398465
13,9,ptf_bop,Stocks,327087.3919551877
13,9,ptf_eop,Cash,100145.19758960325
13,9,ptf_eop,Real Estate,163543.69597759386
13,9,ptf_eop,Precious Metals,40885.923994398465
13,9,ptf_eop,Bonds,245315.54396639077
13,9,ptf_eop,Crypto,40885.923994398465
13,9,ptf_eop,Stocks,327087.3919551877
13,9,ptf1,Cash,100000.0
13,9,ptf1,Real Estate,163543.69597759386
13,9,ptf1,Precious Metals,40885.923994398465
13,9,ptf1,Bonds,245315.54396639077
13,9,ptf1,Crypto,40885.923994398465
13,9,ptf1,Stocks,327087.3919551877
13,9,ptf2,Cash,100000.0
13,9,ptf2,Real Estate,163543.69597759386
13,9,ptf2,Precious Metals,40885.923994398465
13,9,ptf2,Bonds,245315.54396639075
13,9,ptf2,Crypto,40885.923994398465
13,9,ptf2,Stocks,327087.3919551877
13,9,ptf3,Cash,100000.0
13,9,ptf3,Real Estate,155244.4785112686
13,9,ptf3,Precious Metals,38513.51512557494
13,9,ptf3,Bonds,284902.4670961745
13,9,ptf3,Crypto,29234.595139662302
13,9,ptf3,Stocks,309968.62160489237
13,9,ptf4,Cash,100145.19758960325
13,9,ptf4,Real Estate,155244.4785112686
13,9,ptf4,Precious Metals,38513.51512557494
13,9,ptf4,Bonds,284757.26950657123
13,9,ptf4,Crypto,29234.595139662302
13,9,ptf4,Stocks,309968.62160489237
13,9,ptf5,Cash,100145.19758960325
13,9,ptf5,Real Estate,163543.69597759386
13,9,ptf5,Precious Metals,40885.923994398465
13,9,ptf5,Bonds,245315.54396639077
13,9,ptf5,Crypto,40885.923994398465
13,9,ptf5,Stocks,327087.3919551877
13,9,returns,Cash,0.0
13,9,returns,Money Market,0.03855057675099552
13,9,returns,Bonds,0.16137144222384583
13,9,returns,Stocks,-0.052336992410397444
13,9,returns,Crypto,-0.284971641006143
13,9,returns,Precious Metals,-0.05802507653119341
13,9,returns,Real Estate,-0.050746177752166464
13,9,contributions,,0.0
13,9,withdrawals,,50000.0
13,9,availableCash,,100000.0
13,9,cashBuffer,,150000.0
13,9,cashDepletion,,50000.0
13,9,shortfall,,0.0
13,9,cashReplenishment,,145.1975896032527
13,9,financialGainLoss,,145.1975896032527
13,10,ptf_bop,Cash,100145.19758960325
13,10,ptf_bop,Real Estate,163543.69597759386
13,10,ptf_bop,Precious Metals,40885.923994398465
13,10,ptf_bop,Bonds,245315.54396639077
13,10,ptf_bop,Crypto,40885.923994398465
13,10,ptf_bop,Stocks,327087.3919551877
13,10,ptf_eop,Cash,65445.86652507447
13,10,ptf_eop,Real Estate,163543.69597759386
13,10,ptf_eop,Precious Metals,40885.923994398465
13,10,ptf_eop,Bonds,245315.54396639075
13,10,ptf_eop,Crypto,40885.923994398465
13,10,ptf_eop,Stocks,327087.3919551877
13,10,ptf1,Cash,50145.19758960325
13,10,ptf1,Real Estate,163543.69597759386
13,10,ptf1,Precious Metals,40885.923994398465
13,10,ptf1,Bonds,245315.54396639077
13,10,ptf1,Crypto,40885.923994398465
13,10,ptf1,Stocks,327087.3919551877
13,10,ptf2,Cash,50145.19758960325
13,10,ptf2,Real Estate,163543.69597759386
13,10,ptf2,Precious Metals,40885.923994398465
13,10,ptf2,Bonds,245315.54396639075
13,10,ptf2,Crypto,40885.923994398465
13,10,ptf2,Stocks,327087.3919551877
13,10,ptf3,Cash,50145.19758960325
13,10,ptf3,Real Estate,161889.25879500768
13,10,ptf3,Precious Metals,46095.09722900908
13,10,ptf3,Bonds,240042.62439732748
13,10,ptf3,Crypto,32145.59195973572
13,10,ptf3,Stocks,352846.57644236047
13,10,ptf4,Cash,65445.86652507447
13,10,ptf4,Real Estate,161889.25879500768
13,10,ptf4,Precious Metals,46095.09722900908
13,10,ptf4,Bonds,224741.95546185627
13,10,ptf4,Crypto,32145.59195973572
13,10,ptf4,Stocks,352846.57644236047
13,10,ptf5,Cash,65445.86652507447
13,10,ptf5,Real Estate,163543.69597759386
13,10,ptf5,Precious Metals,40885.923994398465
13,10,ptf5,Bonds,245315.54396639075
13,10,ptf5,Crypto,40885.923994398465
13,10,ptf5,Stocks,327087.3919551877
13,10,returns,Cash,0.0
13,10,returns,Money Market,-0.014052870399665176
13,10,returns,Bonds,-0.02149443726152817
13,10,returns,Stocks,0.07875321739916502
13,10,returns,Crypto,-0.21377362135340774
13,10,returns,Precious Metals,0.1274074969009943
13,10,returns,Real Estate,-0.010116178264754607
13,10,contributions,,0.0
13,10,withdrawals,,50000.0
13,10,availableCash,,50145.19758960325
13,10,cashBuffer,,150000.0
13,10,cashDepletion,,50000.0
13,10,shortfall,,0.0
13,10,cashReplenishment,,15300.668935471214
13,10,financialGainLoss,,15300.668935471214
13,11,ptf_bop,Cash,65445.86652507447
13,11,ptf_bop,Real Estate,163543.69597759386
13,11,ptf_bop,Precious Metals,40885.923994398465
13,11,ptf_bop,Bonds,245315.54396639075
13,11,ptf_bop,Crypto,40885.923994398465
13,11,ptf_bop,Stocks,327087.3919551877
13,11,ptf_eop,Cash,15445.866525074467
13,11,ptf_eop,Real Estate,156060.01662076468
13,11,ptf_eop,Precious Metals,50228.704185827
13,11,ptf_eop,Bonds,191422.4624855599
13,11,ptf_eop,Crypto,21895.594568129178
13,11,ptf_eop,Stocks,311478.2283334956
13,11,ptf1,Cash,15445.866525074467
13,11,ptf1,Real Estate,163543.69597759386
13,11,ptf1,Precious Metals,40885.923994398465
13,11,ptf1,Bonds,245315.54396639075
13,11,ptf1,Crypto,40885.923994398465
13,11,ptf1,Stocks,327087.3919551877
13,11,ptf2,Cash,15445.866525074467
13,11,ptf2,Real Estate,163543.69597759386
13,11,ptf2,Precious Metals,40885.923994398465
13,11,ptf2,Bonds,245315.54396639075
13,11,ptf2,Crypto,40885.923994398465
13,11,ptf2,Stocks,327087.3919551877
13,11,ptf3,Cash,15445.866525074467
13,11,ptf3,Real Estate,156060.01662076468
13,11,ptf3,Precious Metals,50228.704185827
13,11,ptf3,Bonds,191422.4624855599
13,11,ptf3,Crypto,21895.594568129178
13,11,ptf3,Stocks,311478.2283334956
13,11,ptf4,Cash,15445.866525074467
13,11,ptf4,Real Estate,156060.01662076468
13,11,ptf4,Precious Metals,50228.704185827
13,11,ptf4,Bonds,191422.4624855599
13,11,ptf4,Crypto,21895.594568129178
13,11,ptf4,Stocks,311478.2283334956
13,11,ptf5,Cash,15445.866525074467
13,11,ptf5,Real Estate,156060.01662076468
13,11,ptf5,Precious Metals,50228.704185827
13,11,ptf5,Bonds,191422.4624855599
13,11,ptf5,Crypto,21895.594568129178
13,11,ptf5,Stocks,311478.2283334956
13,11,returns,Cash,0.0
13,11,returns,Money Market,-0.023864747707798083
13,11,returns,Bonds,-0.21968881632797982
13,11,returns,Stocks,-0.04772169152833211
13,11,returns,Crypto,-0.4644710837126009
13,11,returns,Precious Metals,0.22850847623520834
13,11,returns,Real Estate,-0.04575950978785797
13,11,contributions,,0.0
13,11,withdrawals,,50000.0
13,11,availableCash,,15445.866525074467
13,11,cashBuffer,,150000.0
13,11,cashDepletion,,50000.0
13,11,shortfall,,0.0
13,11,cashReplenishment,,0
13,11,financialGainLoss,,-86633.47369419294
13,12,ptf_bop,Cash,15445.866525074467
13,12,ptf_bop,Real Estate,156060.01662076468
13,12,ptf_bop,Precious Metals,50228.704185827
13,12,ptf_bop,Bonds,191422.4624855599
13,12,ptf_bop,Crypto,21895.594568129178
13,12,ptf_bop,Stocks,311478.2283334956
13,12,ptf_eop,Cash,80424.92459878244
13,12,ptf_eop,Real Estate,139306.17454377018
13,12,ptf_eop,Precious Metals,34826.543635942544
13,12,ptf_eop,Bonds,208959.26181565528
13,12,ptf_eop,Crypto,34826.543635942544
13,12,ptf_eop,Stocks,278612.34908754035
13,12,ptf1,Cash,0.0
13,12,ptf1,Real Estate,156060.01662076468
13,12,ptf1,Precious Metals,50228.704185827
13,12,ptf1,Bonds,156868.32901063436
13,12,ptf1,Crypto,21895.594568129178
13,12,ptf1,Stocks,311478.2283334956
13,12,ptf2,Cash,0.0
13,12,ptf2,Real Estate,139306.17454377018
13,12,ptf2,Precious Metals,34826.543635942544
13,12,ptf2,Bonds,208959.26181565528
13,12,ptf2,Crypto,34826.543635942544
13,12,ptf2,Stocks,278612.34908754035
13,12,ptf3,Cash,0.0
13,12,ptf3,Real Estate,169966.60124505442
13,12,ptf3,Precious Metals,42050.32000626656
13,12,ptf3,Bonds,217879.65717498894
13,12,ptf3,Crypto,35329.520949282916
13,12,ptf3,Stocks,311729.69794204045
13,12,ptf4,Cash,80424.92459878244
13,12,ptf4,Real Estate,169966.60124505442
13,12,ptf4,Precious Metals,42050.32000626656
13,12,ptf4,Bonds,137454.7325762065
13,12,ptf4,Crypto,35329.520949282916
13,12,ptf4,Stocks,311729.69794204045
13,12,ptf5,Cash,80424.92459878244
13,12,ptf5,Real Estate,139306.17454377018
13,12,ptf5,Precious Metals,34826.543635942544
13,12,ptf5,Bonds,208959.26181565528
13,12,ptf5,Crypto,34826.543635942544
13,12,ptf5,Stocks,278612.34908754035
13,12,returns,Cash,0.0
13,12,returns,Money Market,0.026936918167498616
13,12,returns,Bonds,0.042689638553582106
13,12,returns,Stocks,0.11886533013687271
13,12,returns,Crypto,0.014442355193160167
13,12,returns,Precious Metals,0.20742157033547115
13,12,returns,Real Estate,0.2200938099240583
13,12,contributions,,0.0
13,12,withdrawals,,50000.0
13,12,availableCash,,0.0
13,12,cashBuffer,,150000.0
13,12,cashDepletion,,15445.866525074467
13,12,shortfall,,34554.13347492553
13,12,cashReplenishment,,80424.92459878244
13,12,financialGainLoss,,80424.92459878244
13,13,ptf_bop,Cash,80424.92459878244
13,13,ptf_bop,Real Estate,139306.17454377018
13,13,ptf_bop,Precious Metals,34826.543635942544
13,13,ptf_bop,Bonds,208959.26181565528
13,13,ptf_bop,Crypto,34826.543635942544
13,13,ptf_bop,Stocks,278612.34908754035
13,13,ptf_eop,Cash,94069.45715158375
13,13,ptf_eop,Real Estate,139306.17454377018
13,13,ptf_eop,Precious Metals,34826.543635942544
13,13,ptf_eop,Bonds,208959.26181565528
13,13,ptf_eop,Crypto,34826.543635942544
13,13,ptf_eop,Stocks,278612.34908754035
13,13,ptf1,Cash,30424.92459878244
13,13,ptf1,Real Estate,139306.17454377018
13,13,ptf1,Precious Metals,34826.543635942544
13,13,ptf1,Bonds,208959.26181565528
13,13,ptf1,Crypto,34826.543635942544
13,13,ptf1,Stocks,278612.34908754035
13,13,ptf2,Cash,30424.92459878244
13,13,ptf2,Real Estate,139306.17454377018
13,13,ptf2,Precious Metals,34826.543635942544
13,13,ptf2,Bonds,208959.26181565528
13,13,ptf2,Crypto,34826.543635942544
13,13,ptf2,Stocks,278612.34908754035
13,13,ptf3,Cash,30424.92459878244
13,13,ptf3,Real Estate,145049.19178949826
13,13,ptf3,Precious Metals,35283.49761948986
13,13,ptf3,Bonds,230491.55160723155
13,13,ptf3,Crypto,31029.830668496037
13,13,ptf3,Stocks,318321.3335869365
13,13,ptf4,Cash,94069.45715158375
13,13,ptf4,Real Estate,145049.19178949826
13,13,ptf4,Precious Metals,35283.49761948986
13,13,ptf4,Bonds,166847.01905443025
13,13,ptf4,Crypto,31029.830668496037
13,13,ptf4,Stocks,318321.3335869365
13,13,ptf5,Cash,94069.45715158375
13,13,ptf5,Real Estate,139306.17454377018
13,13,ptf5,Precious Metals,34826.543635942544
13,13,ptf5,Bonds,208959.26181565528
13,13,ptf5,Crypto,34826.543635942544
13,13,ptf5,Stocks,278612.34908754035
13,13,returns,Cash,0.0
13,13,returns,Money Market,0.10779064815983727
13,13,returns,Bonds,0.10304539556888428
13,13,returns,Stocks,0.1425241365985524
13,13,returns,Crypto,-0.10901779421854918
13,13,returns,Precious Metals,0.013120853689187827
13,13,returns,Real Estate,0.041225862848768544
13,13,contributions,,0.0
13,13,withdrawals,,50000.0
13,13,availableCash,,30424.92459878244
13,13,cashBuffer,,150000.0
13,13,cashDepletion,,50000.0
13,13,shortfall,,0.0
13,13,cashReplenishment,,63644.532552801305
13,13,financialGainLoss,,63644.532552801305
13,14,ptf_bop,Cash,94069.45715158375
13,14,ptf_bop,Real Estate,139306.17454377018
13,14,ptf_bop,Precious Metals,34826.543635942544
13,14,ptf_bop,Bonds,208959.26181565528
13,14,ptf_bop,Crypto,34826.543635942544
13,14,ptf_bop,Stocks,278612.34908754035
13,14,ptf_eop,Cash,44069.457151583745
13,14,ptf_eop,Real Estate,171848.95315086833
13,14,ptf_eop,Precious Metals,37485.88916187534
13,14,ptf_eop,Bonds,207605.37010384203
13,14,ptf_eop,Crypto,24091.458713535605
13,14,ptf_eop,Stocks,234115.28003733972
13,14,ptf1,Cash,44069.457151583745
13,14,ptf1,Real Estate,139306.17454377018
13,14,ptf1,Precious Metals,34826.543635942544
13,14,ptf1,Bonds,208959.26181565528
13,14,ptf1,Crypto,34826.543635942544
13,14,ptf1,Stocks,278612.34908754035
13,14,ptf2,Cash,44069.457151583745
13,14,ptf2,Real Estate,139306.17454377018
13,14,ptf2,Precious Metals,34826.543635942544
13,14,ptf2,Bonds,208959.26181565528
13,14,ptf2,Crypto,34826.543635942544
13,14,ptf2,Stocks,278612.34908754035
13,14,ptf3,Cash,44069.457151583745
13,14,ptf3,Real Estate,171848.95315086833
13,14,ptf3,Precious Metals,37485.88916187534
13,14,ptf3,Bonds,207605.37010384203
13,14,ptf3,Crypto,24091.458713535605
13,14,ptf3,Stocks,234115.28003733972
13,14,ptf4,Cash,44069.457151583745
13,14,ptf4,Real Estate,171848.95315086833
13,14,ptf4,Precious Metals,37485.88916187534
13,14,ptf4,Bonds,207605.37010384203
13,14,ptf4,Crypto,24091.458713535605
13,14,ptf4,Stocks,234115.28003733972
13,14,ptf5,Cash,44069.457151583745
13,14,ptf5,Real Estate,171848.95315086833
13,14,ptf5,Precious Metals,37485.88916187534
13,14,ptf5,Bonds,207605.37010384203
13,14,ptf5,Crypto,24091.458713535605
13,14,ptf5,Stocks,234115.28003733972
13,14,returns,Cash,0.0
13,14,returns,Money Market,-0.046899471411248485
13,14,returns,Bonds,-0.006479213699595045
13,14,returns,Stocks,-0.15970960797656386
13,14,returns,Crypto,-0.30824433899113246
13,14,returns,Precious Metals,0.07635973163837675
13,14,returns,Real Estate,0.23360614641580849
13,14,contributions,,0.0
13,14,withdrawals,,50000.0
13,14,availableCash,,44069.457151583745
13,14,cashBuffer,,150000.0
13,14,cashDepletion,,50000.0
13,14,shortfall,,0.0
13,14,cashReplenishment,,0
13,14,financialGainLoss,,-21383.92155138997
13,15,ptf_bop,Cash,44069.457151583745
13,15,ptf_bop,Real Estate,171848.95315086833
13,15,ptf_bop,Precious Metals,37485.88916187534
13,15,ptf_bop,Bonds,207605.37010384203
13,15,ptf_bop,Crypto,24091.458713535605
13,15,ptf_bop,Stocks,234115.28003733972
13,15,ptf_eop,Cash,18756.154837714275
13,15,ptf_eop,Real Estate,133843.28166380897
13,15,ptf_eop,Precious Metals,33460.82041595224
13,15,ptf_eop,Bonds,200764.92249571346
13,15,ptf_eop,Crypto,33460.82041595224
13,15,ptf_eop,Stocks,267686.56332761794
13,15,ptf1,Cash,0.0
13,15,ptf1,Real Estate,171848.95315086833
13,15,ptf1,Precious Metals,37485.88916187534
13,15,ptf1,Bonds,201674.82725542577
13,15,ptf1,Crypto,24091.458713535605
13,15,ptf1,Stocks,234115.28003733972
13,15,ptf2,Cash,0.0
13,15,ptf2,Real Estate,133843.28166380897
13,15,ptf2,Precious Metals,33460.82041595224
13,15,ptf2,Bonds,200764.92249571346
13,15,ptf2,Crypto,33460.82041595224
13,15,ptf2,Stocks,267686.56332761794
13,15,ptf3,Cash,0.0
13,15,ptf3,Real Estate,112964.43700233941
13,15,ptf3,Precious Metals,39769.911131599314
13,15,ptf3,Bonds,174325.34153290172
13,15,ptf3,Crypto,58096.20821846111
13,15,ptf3,Stocks,302816.6652714575
13,15,ptf4,Cash,18756.154837714275
13,15,ptf4,Real Estate,112964.43700233941
13,15,ptf4,Precious Metals,39769.911131599314
13,15,ptf4,Bonds,155569.18669518744
13,15,ptf4,Crypto,58096.20821846111
13,15,ptf4,Stocks,302816.6652714575
13,15,ptf5,Cash,18756.154837714275
13,15,ptf5,Real Estate,133843.28166380897
13,15,ptf5,Precious Metals,33460.82041595224
13,15,ptf5,Bonds,200764.92249571346
13,15,ptf5,Crypto,33460.82041595224
13,15,ptf5,Stocks,267686.56332761794
13,15,returns,Cash,0.0
13,15,returns,Money Market,0.06705440299255312
13,15,returns,Bonds,-0.13169422543610057
13,15,returns,Stocks,0.131235955615913
13,15,returns,Crypto,0.7362457792805374
13,15,returns,Precious Metals,0.18855158472561687
13,15,returns,Real Estate,-0.15599471562505154
13,15,contributions,,0.0
13,15,withdrawals,,50000.0
13,15,availableCash,,0.0
13,15,cashBuffer,,150000.0
13,15,cashDepletion,,44069.457151583745
13,15,shortfall,,5930.542848416255
13,15,cashReplenishment,,18756.154837714275
13,15,financialGainLoss,,18756.154837714275
13,16,ptf_bop,Cash,18756.154837714275
13,16,ptf_bop,Real Estate,133843.28166380897
13,16,ptf_bop,Precious Metals,33460.82041595224
13,16,ptf_bop,Bonds,200764.92249571346
13,16,ptf_bop,Crypto,33460.82041595224
13,16,ptf_bop,Stocks,267686.56332761794
13,16,ptf_eop,Cash,125122.50300941418
13,16,ptf_eop,Real Estate,127594.51263135186
13,16,ptf_eop,Precious Metals,31898.628157837964
13,16,ptf_eop,Bonds,191391.76894702777
13,16,ptf_eop,Crypto,31898.628157837964
13,16,ptf_eop,Stocks,255189.0252627037
13,16,ptf1,Cash,0.0
13,16,ptf1,Real Estate,133843.28166380897
13,16,ptf1,Precious Metals,33460.82041595224
13,16,ptf1,Bonds,169521.07733342773
13,16,ptf1,Crypto,33460.82041595224
13,16,ptf1,Stocks,267686.56332761794
13,16,ptf2,Cash,0.0
13,16,ptf2,Real Estate,127594.51263135184
13,16,ptf2,Precious Metals,31898.62815783796
13,16,ptf2,Bonds,191391.76894702774
13,16,ptf2,Crypto,31898.62815783796
13,16,ptf2,Stocks,255189.02526270368
13,16,ptf3,Cash,0.0
13,16,ptf3,Real Estate,145812.2043355504
13,16,ptf3,Precious Metals,24618.50180532364
13,16,ptf3,Bonds,214124.3690554677
13,16,ptf3,Crypto,44181.04026773966
13,16,ptf3,Stocks,334358.950702092
13,16,ptf4,Cash,125122.50300941418
13,16,ptf4,Real Estate,145812.2043355504
13,16,ptf4,Precious Metals,24618.50180532364
13,16,ptf4,Bonds,89001.8660460535
13,16,ptf4,Crypto,44181.04026773966
13,16,ptf4,Stocks,334358.950702092
13,16,ptf5,Cash,125122.50300941418
13,16,ptf5,Real Estate,127594.51263135186
13,16,ptf5,Precious Metals,31898.628157837964
13,16,ptf5,Bonds,191391.76894702777
13,16,ptf5,Crypto,31898.628157837964
13,16,ptf5,Stocks,255189.0252627037
13,16,returns,Cash,0.0
13,16,returns,Money Market,-0.0008533712963915596
13,16,returns,Bonds,0.1187752233730164
13,16,returns,Stocks,0.31024032227830745
13,16,returns,Crypto,0.3850451514443493
13,16,returns,Precious Metals,-0.2282269418136556
13,16,returns,Real Estate,0.1427780186506406
13,16,contributions,,0.0
13,16,withdrawals,,50000.0
13,16,availableCash,,0.0
13,16,cashBuffer,,150000.0
13,16,cashDepletion,,18756.154837714275
13,16,shortfall,,31243.845162285725
13,16,cashReplenishment,,125122.50300941418
13,16,financialGainLoss,,125122.50300941418
13,17,ptf_bop,Cash,125122.50300941418
13,17,ptf_bop,Real Estate,127594.51263135186
13,17,ptf_bop,Precious Metals,31898.628157837964
13,17,ptf_bop,Bonds,191391.76894702777
13,17,ptf_bop,Crypto,31898.628157837964
13,17,ptf_bop,Stocks,255189.0252627037
13,17,ptf_eop,Cash,89148.28759295912
13,17,ptf_eop,Real Estate,127594.51263135186
13,17,ptf_eop,Precious Metals,31898.628157837964
13,17,ptf_eop,Bonds,191391.76894702777
13,17,ptf_eop,Crypto,31898.628157837964
13,17,ptf_eop,Stocks,255189.0252627037
13,17,ptf1,Cash,75122.50300941418
13,17,ptf1,Real Estate,127594.51263135186
13,17,ptf1,Precious Metals,31898.628157837964
13,17,ptf1,Bonds,191391.76894702777
13,17,ptf1,Crypto,31898.628157837964
13,17,ptf1,Stocks,255189.0252627037
13,17,ptf2,Cash,75122.50300941418
13,17,ptf2,Real Estate,127594.51263135186
13,17,ptf2,Precious Metals,31898.628157837964
13,17,ptf2,Bonds,191391.76894702777
13,17,ptf2,Crypto,31898.628157837964
13,17,ptf2,Stocks,255189.0252627037
13,17,ptf3,Cash,75122.50300941418
13,17,ptf3,Real Estate,136420.7635357258
13,17,ptf3,Precious Metals,32972.21673888379
13,17,ptf3,Bonds,194009.91466932523
13,17,ptf3,Crypto,40326.55816605499
13,17,ptf3,Stocks,248268.89463031437
13,17,ptf4,Cash,89148.28759295912
13,17,ptf4,Real Estate,136420.7635357258
13,17,ptf4,Precious Metals,32972.21673888379
13,17,ptf4,Bonds,179984.13008578029
13,17,ptf4,Crypto,40326.55816605499
13,17,ptf4,Stocks,248268.89463031437
13,17,ptf5,Cash,89148.28759295912
13,17,ptf5,Real Estate,127594.51263135186
13,17,ptf5,Precious Metals,31898.628157837964
13,17,ptf5,Bonds,191391.76894702777
13,17,ptf5,Crypto,31898.628157837964
13,17,ptf5,Stocks,255189.0252627037
13,17,returns,Cash,0.0
13,17,returns,Money Market,0.02711210401677343
13,17,returns,Bonds,0.013679510548972788
13,17,returns,Stocks,-0.027117665523685604
13,17,returns,Crypto,0.2642097950581037
13,17,returns,Precious Metals,0.03365626182209446
13,17,returns,Real Estate,0.06917422013182428
13,17,contributions,,0.0
13,17,withdrawals,,50000.0
13,17,availableCash,,75122.50300941418
13,17,cashBuffer,,150000.0
13,17,cashDepletion,,50000.0
13,17,shortfall,,0.0
13,17,cashReplenishment,,14025.78458354494
13,17,financialGainLoss,,14025.78458354494
13,18,ptf_bop,Cash,89148.28759295912
13,18,ptf_bop,Real Estate,127594.51263135186
13,18,ptf_bop,Precious Metals,31898.628157837964
13,18,ptf_bop,Bonds,191391.76894702777
13,18,ptf_bop,Crypto,31898.628157837964
13,18,ptf_bop,Stocks,255189.0252627037
13,18,ptf_eop,Cash,47780.26026415301
13,18,ptf_eop,Real Estate,127594.51263135186
13,18,ptf_eop,Precious Metals,31898.628157837964
13,18,ptf_eop,Bonds,191391.76894702777
13,18,ptf_eop,Crypto,31898.628157837964
13,18,ptf_eop,Stocks,255189.0252627037
13,18,ptf1,Cash,39148.287592959125
13,18,ptf1,Real Estate,127594.51263135186
13,18,ptf1,Precious Metals,31898.628157837964
13,18,ptf1,Bonds,191391.76894702777
13,18,ptf1,Crypto,31898.628157837964
13,18,ptf1,Stocks,255189.0252627037
13,18,ptf2,Cash,39148.287592959125
13,18,ptf2,Real Estate,127594.51263135186
13,18,ptf2,Precious Metals,31898.628157837964
13,18,ptf2,Bonds,191391.76894702777
13,18,ptf2,Crypto,31898.628157837964
13,18,ptf2,Stocks,255189.0252627037
13,18,ptf3,Cash,39148.287592959125
13,18,ptf3,Real Estate,112390.91587308836
13,18,ptf3,Precious Metals,36620.874566911436
13,18,ptf3,Bonds,177040.48412567214
13,18,ptf3,Crypto,46027.52104304726
13,18,ptf3,Stocks,274524.7402192339
13,18,ptf4,Cash,47780.26026415301
13,18,ptf4,Real Estate,112390.91587308836
13,18,ptf4,Precious Metals,36620.874566911436
13,18,ptf4,Bonds,168408.51145447826
13,18,ptf4,Crypto,46027.52104304726
13,18,ptf4,Stocks,274524.7402192339
13,18,ptf5,Cash,47780.26026415301
13,18,ptf5,Real Estate,127594.51263135186
13,18,ptf5,Precious Metals,31898.628157837964
13,18,ptf5,Bonds,191391.76894702777
13,18,ptf5,Crypto,31898.628157837964
13,18,ptf5,Stocks,255189.0252627037
13,18,returns,Cash,0.0
13,18,returns,Money Market,-0.021422811286887156
13,18,returns,Bonds,-0.07498381409143928
13,18,returns,Stocks,0.0757701665917064
13,18,returns,Crypto,0.44293105068023486
13,18,returns,Precious Metals,0.14803916913628
13,18,returns,Real Estate,-0.11915556903446133
13,18,contributions,,0.0
13,18,withdrawals,,50000.0
13,18,availableCash,,39148.287592959125
13,18,cashBuffer,,150000.0
13,18,cashDepletion,,50000.0
13,18,shortfall,,0.0
13,18,cashReplenishment,,8631.972671193886
13,18,financialGainLoss,,8631.972671193886
13,19,ptf_bop,Cash,47780.26026415301
13,19,ptf_bop,Real Estate,127594.51263135186
13,19,ptf_bop,Precious Metals,31898.628157837964
13,19,ptf_bop,Bonds,191391.76894702777
13,19,ptf_bop,Crypto,31898.628157837964
13,19,ptf_bop,Stocks,255189.0252627037
13,19,ptf_eop,Cash,0.0
13,19,ptf_eop,Real Estate,112761.30870357693
13,19,ptf_eop,Precious Metals,24601.5723002302
13,19,ptf_eop,Bonds,218574.80888315404
13,19,ptf_eop,Crypto,31258.815133209675
13,19,ptf_eop,Stocks,220706.67839799475
13,19,ptf1,Cash,0.0
13,19,ptf1,Real Estate,127594.51263135186
13,19,ptf1,Precious Metals,31898.628157837964
13,19,ptf1,Bonds,189172.02921118078
13,19,ptf1,Crypto,31898.628157837964
13,19,ptf1,Stocks,255189.0252627037
13,19,ptf2,Cash,0.0
13,19,ptf2,Real Estate,127150.56468418245
13,19,ptf2,Precious Metals,31787.641171045612
13,19,ptf2,Bonds,190725.8470262737
13,19,ptf2,Crypto,31787.641171045612
13,19,ptf2,Stocks,254301.1293683649
13,19,ptf3,Cash,0.0
13,19,ptf3,Real Estate,112761.30870357693
13,19,ptf3,Precious Metals,24601.5723002302
13,19,ptf3,Bonds,218574.80888315404
13,19,ptf3,Crypto,31258.815133209675
13,19,ptf3,Stocks,220706.67839799475
13,19,ptf4,Cash,0.0
13,19,ptf4,Real Estate,112761.30870357693
13,19,ptf4,Precious Metals,24601.5723002302
13,19,ptf4,Bonds,218574.80888315404
13,19,ptf4,Crypto,31258.815133209675
13,19,ptf4,Stocks,220706.67839799475
13,19,ptf5,Cash,0.0
13,19,ptf5,Real Estate,112761.30870357693
13,19,ptf5,Precious Metals,24601.5723002302
13,19,ptf5,Bonds,218574.80888315404
13,19,ptf5,Crypto,31258.815133209675
13,19,ptf5,Stocks,220706.67839799475
13,19,returns,Cash,0.0
13,19,returns,Money Market,-0.0031174092860690363
13,19,returns,Bonds,0.1460156674676817
13,19,returns,Stocks,-0.13210500108203338
13,19,returns,Crypto,-0.016636215156399407
13,19,returns,Precious Metals,-0.22606486691315053
13,19,returns,Real Estate,-0.11316706312980729
13,19,contributions,,0.0
13,19,withdrawals,,50000.0
13,19,availableCash,,0.0
13,19,cashBuffer,,150000.0
13,19,cashDepletion,,47780.26026415301
13,19,shortfall,,2219.73973584699
13,19,cashReplenishment,,0
13,19,financialGainLoss,,-27849.640002746717
13,20,ptf_bop,Cash,0.0
13,20,ptf_bop,Real Estate,112761.30870357693
13,20,ptf_bop,Precious Metals,24601.5723002302
13,20,ptf_bop,Bonds,218574.80888315404
13,20,ptf_bop,Crypto,31258.815133209675
13,20,ptf_bop,Stocks,220706.67839799475
13,20,ptf_eop,Cash,0.0
13,20,ptf_eop,Real Estate,100430.44151638313
13,20,ptf_eop,Precious Metals,29321.361277907865
13,20,ptf_eop,Bonds,177235.05612714443
13,20,ptf_eop,Crypto,26041.804679078003
13,20,ptf_eop,Stocks,183350.61541037503
13,20,ptf1,Cash,0.0
13,20,ptf1,Real Estate,112761.30870357693
13,20,ptf1,Precious Metals,24601.5723002302
13,20,ptf1,Bonds,168574.80888315404
13,20,ptf1,Crypto,31258.815133209675
13,20,ptf1,Stocks,220706.67839799475
13,20,ptf2,Cash,0.0
13,20,ptf2,Real Estate,111580.63668363314
13,20,ptf2,Precious Metals,27895.159170908286
13,20,ptf2,Bonds,167370.9550254497
13,20,ptf2,Crypto,27895.159170908286
13,20,ptf2,Stocks,223161.2733672663
13,20,ptf3,Cash,0.0
13,20,ptf3,Real Estate,100430.44151638313
13,20,ptf3,Precious Metals,29321.361277907865
13,20,ptf3,Bonds,177235.05612714443
13,20,ptf3,Crypto,26041.804679078003
13,20,ptf3,Stocks,183350.61541037503
13,20,ptf4,Cash,0.0
13,20,ptf4,Real Estate,100430.44151638313
13,20,ptf4,Precious Metals,29321.361277907865
13,20,ptf4,Bonds,177235.05612714443
13,20,ptf4,Crypto,26041.804679078003
13,20,ptf4,Stocks,183350.61541037503
13,20,ptf5,Cash,0.0
13,20,ptf5,Real Estate,100430.44151638313
13,20,ptf5,Precious Metals,29321.361277907865
13,20,ptf5,Bonds,177235.05612714443
13,20,ptf5,Crypto,26041.804679078003
13,20,ptf5,Stocks,183350.61541037503
13,20,returns,Cash,0.0
13,20,returns,Money Market,0.014281693939931943
13,20,returns,Bonds,0.058935560833687506
13,20,returns,Stocks,-0.17839411541344416
13,20,returns,Crypto,-0.06644000417689444
13,20,returns,Precious Metals,0.0511272259914888
13,20,returns,Real Estate,-0.0999294814822073
13,20,contributions,,0.0
13,20,withdrawals,,50000.0
13,20,availableCash,,0.0
13,20,cashBuffer,,150000.0
13,20,cashDepletion,,0.0
13,20,shortfall,,50000.0
13,20,cashReplenishment,,0
13,20,financialGainLoss,,-41523.90440727724
14,1,ptf_bop,Cash,150000.0
14,1,ptf_bop,Real Estate,170000.0
14,1,ptf_bop,Precious Metals,42500.0
14,1,ptf_bop,Bonds,255000.0
14,1,ptf_bop,Crypto,42500.0
14,1,ptf_bop,Stocks,340000.0
14,1,ptf_eop,Cash,100000.0
14,1,ptf_eop,Real Estate,161398.3571662219
14,1,ptf_eop,Precious Metals,62133.654148790294
14,1,ptf_eop,Bonds,250022.02168652054
14,1,ptf_eop,Crypto,51682.64089163265
14,1,ptf_eop,Stocks,323501.5250589848
14,1,ptf1,Cash,100000.0
14,1,ptf1,Real Estate,170000.0
14,1,ptf1,Precious Metals,42500.0
14,1,ptf1,Bonds,255000.0
14,1,ptf1,Crypto,42500.0
14,1,ptf1,Stocks,340000.0
14,1,ptf2,Cash,100000.0
14,1,ptf2,Real Estate,170000.0
14,1,ptf2,Precious Metals,42500.0
14,1,ptf2,Bonds,255000.0
14,1,ptf2,Crypto,42500.0
14,1,ptf2,Stocks,340000.0
14,1,ptf3,Cash,100000.0
14,1,ptf3,Real Estate,161398.3571662219
14,1,ptf3,Precious Metals,62133.654148790294
14,1,ptf3,Bonds,250022.02168652054
14,1,ptf3,Crypto,51682.64089163265
14,1,ptf3,Stocks,323501.5250589848
14,1,ptf4,Cash,100000.0
14,1,ptf4,Real Estate,161398.3571662219
14,1,ptf4,Precious Metals,62133.654148790294
14,1,ptf4,Bonds,250022.02168652054
14,1,ptf4,Crypto,51682.64089163265
14,1,ptf4,Stocks,323501.5250589848
14,1,ptf5,Cash,100000.0
14,1,ptf5,Real Estate,161398.3571662219
14,1,ptf5,Precious Metals,62133.654148790294
14,1,ptf5,Bonds,250022.02168652054
14,1,ptf5,Crypto,51682.64089163265
14,1,ptf5,Stocks,323501.5250589848
14,1,returns,Cash,0.0
14,1,returns,Money Market,-0.045706137342285194
14,1,returns,Bonds,-0.019521483582272375
14,1,returns,Stocks,-0.04852492629710351
14,1,returns,Crypto,0.21606213862665055
14,1,returns,Precious Metals,0.4619683329127129
14,1,returns,Real Estate,-0.05059789902222414
14,1,contributions,,0.0
14,1,withdrawals,,50000.0
14,1,availableCash,,100000.0
14,1,cashBuffer,,150000.0
14,1,cashDepletion,,50000.0
14,1,shortfall,,0.0
14,1,cashReplenishment,,0
14,1,financialGainLoss,,-1261.8010478497017
14,2,ptf_bop,Cash,100000.0
14,2,ptf_bop,Real Estate,161398.3571662219
14,2,ptf_bop,Precious Metals,62133.654148790294
14,2,ptf_bop,Bonds,250022.02168652054
14,2,ptf_bop,Crypto,51682.64089163265
14,2,ptf_bop,Stocks,323501.5250589848
14,2,ptf_eop,Cash,50000.0
14,2,ptf_eop,Real Estate,196246.65697951653
14,2,ptf_eop,Precious Metals,43146.01621206564
14,2,ptf_eop,Bonds,288498.7664345426
14,2,ptf_eop,Crypto,55378.90826865432
14,2,ptf_eop,Stocks,261013.9882364069
14,2,ptf1,Cash,50000.0
14,2,ptf1,Real Estate,161398.3571662219
14,2,ptf1,Precious Metals,62133.654148790294
14,2,ptf1,Bonds,250022.02168652054
14,2,ptf1,Crypto,51682.64089163265
14,2,ptf1,Stocks,323501.5250589848
14,2,ptf2,Cash,50000.0
14,2,ptf2,Real Estate,169747.63979043008
14,2,ptf2,Precious Metals,42436.90994760752
14,2,ptf2,Bonds,254621.4596856451
14,2,ptf2,Crypto,42436.90994760752
14,2,ptf2,Stocks,339495.27958086017
14,2,ptf3,Cash,50000.0
14,2,ptf3,Real Estate,196246.65697951653
14,2,ptf3,Precious Metals,43146.01621206564
14,2,ptf3,Bonds,288498.7664345426
14,2,ptf3,Crypto,55378.90826865432
14,2,ptf3,Stocks,261013.9882364069
14,2,ptf4,Cash,50000.0
14,2,ptf4,Real Estate,196246.65697951653
14,2,ptf4,Precious Metals,43146.01621206564
14,2,ptf4,Bonds,288498.7664345426
14,2,ptf4,Crypto,55378.90826865432
14,2,ptf4,Stocks,261013.9882364069
14,2,ptf5,Cash,50000.0
14,2,ptf5,Real Estate,196246.65697951653
14,2,ptf5,Precious Metals,43146.01621206564
14,2,ptf5,Bonds,288498.7664345426
14,2,ptf5,Crypto,55378.90826865432
14,2,ptf5,Stocks,261013.9882364069
14,2,returns,Cash,0.0
14,2,returns,Money Market,0.02848287682494149
14,2,returns,Bonds,0.13304969184734994
14,2,returns,Stocks,-0.23117049356723318
14,2,returns,Crypto,0.3049703274113254
14,2,returns,Precious Metals,0.01670965829824973
14,2,returns,Real Estate,0.1561083100878578
14,2,contributions,,0.0
14,2,withdrawals,,50000.0
14,2,availableCash,,50000.0
14,2,cashBuffer,,150000.0
14,2,cashDepletion,,50000.0
14,2,shortfall,,0.0
14,2,cashReplenishment,,0
14,2,financialGainLoss,,-4453.862820964423
14,3,ptf_bop,Cash,50000.0
14,3,ptf_bop,Real Estate,196246.65697951653
14,3,ptf_bop,Precious Metals,43146.01621206564
14,3,ptf_bop,Bonds,288498.7664345426
14,3,ptf_bop,Crypto,55378.90826865432
14,3,ptf_bop,Stocks,261013.9882364069
14,3,ptf_eop,Cash,0.0
14,3,ptf_eop,Real Estate,153318.30527335923
14,3,ptf_eop,Precious Metals,47148.65919448951
14,3,ptf_eop,Bonds,229925.06163953678
14,3,ptf_eop,Crypto,52598.287702323825
14,3,ptf_eop,Stocks,213229.68776142815
14,3,ptf1,Cash,0.0
14,3,ptf1,Real Estate,196246.65697951653
14,3,ptf1,Precious Metals,43146.01621206564
14,3,ptf1,Bonds,288498.7664345426
14,3,ptf1,Crypto,55378.90826865432
14,3,ptf1,Stocks,261013.9882364069
14,3,ptf2,Cash,0.0
14,3,ptf2,Real Estate,168856.8672262372
14,3,ptf2,Precious Metals,42214.2168065593
14,3,ptf2,Bonds,253285.3008393558
14,3,ptf2,Crypto,42214.2168065593
14,3,ptf2,Stocks,337713.7344524744
14,3,ptf3,Cash,0.0
14,3,ptf3,Real Estate,153318.30527335923
14,3,ptf3,Precious Metals,47148.65919448951
14,3,ptf3,Bonds,229925.06163953678
14,3,ptf3,Crypto,52598.287702323825
14,3,ptf3,Stocks,213229.68776142815
14,3,ptf4,Cash,0.0
14,3,ptf4,Real Estate,153318.30527335923
14,3,ptf4,Precious Metals,47148.65919448951
14,3,ptf4,Bonds,229925.06163953678
14,3,ptf4,Crypto,52598.287702323825
14,3,ptf4,Stocks,213229.68776142815
14,3,ptf5,Cash,0.0
14,3,ptf5,Real Estate,153318.30527335923
14,3,ptf5,Precious Metals,47148.65919448951
14,3,ptf5,Bonds,229925.06163953678
14,3,ptf5,Crypto,52598.287702323825
14,3,ptf5,Stocks,213229.68776142815
14,3,returns,Cash,0.0
14,3,returns,Money Market,0.02334189666022838
14,3,returns,Bonds,-0.09222895731574676
14,3,returns,Stocks,-0.36860818495542874
14,3,returns,Crypto,0.2459851604815521
14,3,returns,Precious Metals,0.1168905350190815
14,3,returns,Real Estate,-0.09202209070987412
14,3,contributions,,0.0
14,3,withdrawals,,50000.0
14,3,availableCash,,0.0
14,3,cashBuffer,,150000.0
14,3,cashDepletion,,50000.0
14,3,shortfall,,0.0
14,3,cashReplenishment,,0
14,3,financialGainLoss,,-148064.33456004853
14,4,ptf_bop,Cash,0.0
14,4,ptf_bop,Real Estate,153318.30527335923
14,4,ptf_bop,Precious Metals,47148.65919448951
14,4,ptf_bop,Bonds,229925.06163953678
14,4,ptf_bop,Crypto,52598.287702323825
14,4,ptf_bop,Stocks,213229.68776142815
14,4,ptf_eop,Cash,0.0
14,4,ptf_eop,Real Estate,137465.675716006
14,4,ptf_eop,Precious Metals,34724.62105782808
14,4,ptf_eop,Bonds,232741.84642865535
14,4,ptf_eop,Crypto,55951.27976218048
14,4,ptf_eop,Stocks,147817.325947926
14,4,ptf1,Cash,0.0
14,4,ptf1,Real Estate,153318.30527335923
14,4,ptf1,Precious Metals,47148.65919448951
14,4,ptf1,Bonds,179925.06163953678
14,4,ptf1,Crypto,52598.287702323825
14,4,ptf1,Stocks,213229.68776142815
14,4,ptf2,Cash,0.0
14,4,ptf2,Real Estate,129244.0003142275
14,4,ptf2,Precious Metals,32311.000078556874
14,4,ptf2,Bonds,193866.00047134125
14,4,ptf2,Crypto,32311.000078556874
14,4,ptf2,Stocks,258488.000628455
14,4,ptf3,Cash,0.0
14,4,ptf3,Real Estate,137465.675716006
14,4,ptf3,Precious Metals,34724.62105782808
14,4,ptf3,Bonds,232741.84642865535
14,4,ptf3,Crypto,55951.27976218048
14,4,ptf3,Stocks,147817.325947926
14,4,ptf4,Cash,0.0
14,4,ptf4,Real Estate,137465.675716006
14,4,ptf4,Precious Metals,34724.62105782808
14,4,ptf4,Bonds,232741.84642865535
14,4,ptf4,Crypto,55951.27976218048
14,4,ptf4,Stocks,147817.325947926
14,4,ptf5,Cash,0.0
14,4,ptf5,Real Estate,137465.675716006
14,4,ptf5,Precious Metals,34724.62105782808
14,4,ptf5,Bonds,232741.84642865535
14,4,ptf5,Crypto,55951.27976218048
14,4,ptf5,Stocks,147817.325947926
14,4,returns,Cash,0.0
14,4,returns,Money Market,-0.011499632238222748
14,4,returns,Bonds,0.20052946810062774
14,4,returns,Stocks,-0.42814627530662286
14,4,returns,Crypto,0.7316480339868039
14,4,returns,Precious Metals,0.07469966802027264
14,4,returns,Real Estate,0.06361359430062022
14,4,contributions,,0.0
14,4,withdrawals,,50000.0
14,4,availableCash,,0.0
14,4,cashBuffer,,150000.0
14,4,cashDepletion,,0.0
14,4,shortfall,,50000.0
14,4,cashReplenishment,,0
14,4,financialGainLoss,,-37519.25265854155
14,5,ptf_bop,Cash,0.0
14,5,ptf_bop,Real Estate,137465.675716006
14,5,ptf_bop,Precious Metals,34724.62105782808
14,5,ptf_bop,Bonds,232741.84642865535
14,5,ptf_bop,Crypto,55951.27976218048
14,5,ptf_bop,Stocks,147817.325947926
14,5,ptf_eop,Cash,0.0
14,5,ptf_eop,Real Estate,110390.1765234264
14,5,ptf_eop,Precious Metals,32678.371237697185
14,5,ptf_eop,Bonds,154667.14779632047
14,5,ptf_eop,Crypto,23625.294915695576
14,5,ptf_eop,Stocks,227269.94816603625
14,5,ptf1,Cash,0.0
14,5,ptf1,Real Estate,137465.675716006
14,5,ptf1,Precious Metals,34724.62105782808
14,5,ptf1,Bonds,182741.84642865535
14,5,ptf1,Crypto,55951.27976218048
14,5,ptf1,Stocks,147817.325947926
14,5,ptf2,Cash,0.0
14,5,ptf2,Real Estate,111740.14978251919
14,5,ptf2,Precious Metals,27935.037445629798
14,5,ptf2,Bonds,167610.22467377878
14,5,ptf2,Crypto,27935.037445629798
14,5,ptf2,Stocks,223480.29956503838
14,5,ptf3,Cash,0.0
14,5,ptf3,Real Estate,110390.1765234264
14,5,ptf3,Precious Metals,32678.371237697185
14,5,ptf3,Bonds,154667.14779632047
14,5,ptf3,Crypto,23625.294915695576
14,5,ptf3,Stocks,227269.94816603625
14,5,ptf4,Cash,0.0
14,5,ptf4,Real Estate,110390.1765234264
14,5,ptf4,Precious Metals,32678.371237697185
14,5,ptf4,Bonds,154667.14779632047
14,5,ptf4,Crypto,23625.294915695576
14,5,ptf4,Stocks,227269.94816603625
14,5,ptf5,Cash,0.0
14,5,ptf5,Real Estate,110390.1765234264
14,5,ptf5,Precious Metals,32678.371237697185
14,5,ptf5,Bonds,154667.14779632047
14,5,ptf5,Crypto,23625.294915695576
14,5,ptf5,Stocks,227269.94816603625
14,5,returns,Cash,0.0
14,5,returns,Money Market,-0.017745185770653916
14,5,returns,Bonds,-0.07722128469578467
14,5,returns,Stocks,0.01695741686570886
14,5,returns,Crypto,-0.15427731351075905
14,5,returns,Precious Metals,0.16979872682466876
14,5,returns,Real Estate,-0.012081362533702098
14,5,contributions,,0.0
14,5,withdrawals,,50000.0
14,5,availableCash,,0.0
14,5,cashBuffer,,150000.0
14,5,cashDepletion,,0.0
14,5,shortfall,,50000.0
14,5,cashReplenishment,,0
14,5,financialGainLoss,,-10069.810273420066
14,6,ptf_bop,Cash,0.0
14,6,ptf_bop,Real Estate,110390.1765234264
14,6,ptf_bop,Precious Metals,32678.371237697185
14,6,ptf_bop,Bonds,154667.14779632047
14,6,ptf_bop,Crypto,23625.294915695576
14,6,ptf_bop,Stocks,227269.94816603625
14,6,ptf_eop,Cash,36410.487291129306
14,6,ptf_eop,Real Estate,99726.18772783516
14,6,ptf_eop,Precious Metals,24931.54693195879
14,6,ptf_eop,Bonds,149589.28159175272
14,6,ptf_eop,Crypto,24931.54693195879
14,6,ptf_eop,Stocks,199452.37545567032
14,6,ptf1,Cash,0.0
14,6,ptf1,Real Estate,110390.1765234264
14,6,ptf1,Precious Metals,32678.371237697185
14,6,ptf1,Bonds,104667.14779632047
14,6,ptf1,Crypto,23625.294915695576
14,6,ptf1,Stocks,227269.94816603625
14,6,ptf2,Cash,0.0
14,6,ptf2,Real Estate,99726.18772783517
14,6,ptf2,Precious Metals,24931.546931958794
14,6,ptf2,Bonds,149589.28159175275
14,6,ptf2,Crypto,24931.546931958794
14,6,ptf2,Stocks,199452.37545567035
14,6,ptf3,Cash,0.0
14,6,ptf3,Real Estate,99761.869865429
14,6,ptf3,Precious Metals,21380.598519189596
14,6,ptf3,Bonds,149147.51804193505
14,6,ptf3,Crypto,22922.986049481555
14,6,ptf3,Stocks,241828.45345426988
14,6,ptf4,Cash,36410.487291129306
14,6,ptf4,Real Estate,99761.869865429
14,6,ptf4,Precious Metals,21380.598519189596
14,6,ptf4,Bonds,112737.03075080574
14,6,ptf4,Crypto,22922.986049481555
14,6,ptf4,Stocks,241828.45345426988
14,6,ptf5,Cash,36410.487291129306
14,6,ptf5,Real Estate,99726.18772783516
14,6,ptf5,Precious Metals,24931.54693195879
14,6,ptf5,Bonds,149589.28159175272
14,6,ptf5,Crypto,24931.54693195879
14,6,ptf5,Stocks,199452.37545567032
14,6,returns,Cash,0.0
14,6,returns,Money Market,0.0063807427746940485
14,6,returns,Bonds,-0.0029531764917711547
14,6,returns,Stocks,0.2124621373988995
14,6,returns,Crypto,-0.08056302675316722
14,6,returns,Precious Metals,-0.1424279216392054
14,6,returns,Real Estate,0.00035780107920318826
14,6,contributions,,0.0
14,6,withdrawals,,50000.0
14,6,availableCash,,0.0
14,6,cashBuffer,,150000.0
14,6,cashDepletion,,0.0
14,6,shortfall,,50000.0
14,6,cashReplenishment,,36410.487291129306
14,6,financialGainLoss,,36410.487291129306
14,7,ptf_bop,Cash,36410.487291129306
14,7,ptf_bop,Real Estate,99726.18772783516
14,7,ptf_bop,Precious Metals,24931.54693195879
14,7,ptf_bop,Bonds,149589.28159175272
14,7,ptf_bop,Crypto,24931.54693195879
14,7,ptf_bop,Stocks,199452.37545567032
14,7,ptf_eop,Cash,69863.13046229817
14,7,ptf_eop,Real Estate,97008.28518606104
14,7,ptf_eop,Precious Metals,24252.07129651526
14,7,ptf_eop,Bonds,145512.42777909155
14,7,ptf_eop,Crypto,24252.07129651526
14,7,ptf_eop,Stocks,194016.57037212208
14,7,ptf1,Cash,0.0
14,7,ptf1,Real Estate,99726.18772783516
14,7,ptf1,Precious Metals,24931.54693195879
14,7,ptf1,Bonds,135999.76888288202
14,7,ptf1,Crypto,24931.54693195879
14,7,ptf1,Stocks,199452.37545567032
14,7,ptf2,Cash,0.0
14,7,ptf2,Real Estate,97008.28518606104
14,7,ptf2,Precious Metals,24252.07129651526
14,7,ptf2,Bonds,145512.42777909155
14,7,ptf2,Crypto,24252.07129651526
14,7,ptf2,Stocks,194016.57037212208
14,7,ptf3,Cash,0.0
14,7,ptf3,Real Estate,110360.1780995507
14,7,ptf3,Precious Metals,24299.522112540773
14,7,ptf3,Bonds,154831.9657869677
14,7,ptf3,Crypto,30168.9880428913
14,7,ptf3,Stocks,235243.90235065285
14,7,ptf4,Cash,69863.13046229817
14,7,ptf4,Real Estate,110360.1780995507
14,7,ptf4,Precious Metals,24299.522112540773
14,7,ptf4,Bonds,84968.83532466952
14,7,ptf4,Crypto,30168.9880428913
14,7,ptf4,Stocks,235243.90235065285
14,7,ptf5,Cash,69863.13046229817
14,7,ptf5,Real Estate,97008.28518606104
14,7,ptf5,Precious Metals,24252.07129651526
14,7,ptf5,Bonds,145512.42777909155
14,7,ptf5,Crypto,24252.07129651526
14,7,ptf5,Stocks,194016.57037212208
14,7,returns,Cash,0.0
14,7,returns,Money Market,0.0455477363454891
14,7,returns,Bonds,0.06404633714190033
14,7,returns,Stocks,0.2124938704949639
14,7,returns,Crypto,0.24397572784746974
14,7,returns,Precious Metals,0.0019565675626367373
14,7,returns,Real Estate,0.13763662441698515
14,7,contributions,,0.0
14,7,withdrawals,,50000.0
14,7,availableCash,,0.0
14,7,cashBuffer,,150000.0
14,7,cashDepletion,,36410.487291129306
14,7,shortfall,,13589.512708870694
14,7,cashReplenishment,,69863.13046229817
14,7,financialGainLoss,,69863.13046229817
14,8,ptf_bop,Cash,69863.13046229817
14,8,ptf_bop,Real Estate,97008.28518606104
14,8,ptf_bop,Precious Metals,24252.07129651526
14,8,ptf_bop,Bonds,145512.42777909155
14,8,ptf_bop,Crypto,24252.07129651526
14,8,ptf_bop,Stocks,194016.57037212208
14,8,ptf_eop,Cash,61151.72753445688
14,8,ptf_eop,Real Estate,97008.28518606104
14,8,ptf_eop,Precious Metals,24252.07129651526
14,8,ptf_eop,Bonds,145512.42777909155
14,8,ptf_eop,Crypto,24252.07129651526
14,8,ptf_eop,Stocks,194016.57037212208
14,8,ptf1,Cash,19863.13046229817
14,8,ptf1,Real Estate,97008.28518606104
14,8,ptf1,Precious Metals,24252.07129651526
14,8,ptf1,Bonds,145512.42777909155
14,8,ptf1,Crypto,24252.07129651526
14,8,ptf1,Stocks,194016.57037212208
14,8,ptf2,Cash,19863.13046229817
14,8,ptf2,Real Estate,97008.28518606104
14,8,ptf2,Precious Metals,24252.07129651526
14,8,ptf2,Bonds,145512.42777909155
14,8,ptf2,Crypto,24252.07129651526
14,8,ptf2,Stocks,194016.57037212208
14,8,ptf3,Cash,19863.13046229817
14,8,ptf3,Real Estate,107548.91372725462
14,8,ptf3,Precious Metals,18223.674149088252
14,8,ptf3,Bonds,108591.50581850736
14,8,ptf3,Crypto,29957.79400243637
14,8,ptf3,Stocks,262008.13530517722
14,8,ptf4,Cash,61151.72753445688
14,8,ptf4,Real Estate,107548.91372725462
14,8,ptf4,Precious Metals,18223.674149088252
14,8,ptf4,Bonds,67302.90874634865
14,8,ptf4,Crypto,29957.79400243637
14,8,ptf4,Stocks,262008.13530517722
14,8,ptf5,Cash,61151.72753445688
14,8,ptf5,Real Estate,97008.28518606104
14,8,ptf5,Precious Metals,24252.07129651526
14,8,ptf5,Bonds,145512.42777909155
14,8,ptf5,Crypto,24252.07129651526
14,8,ptf5,Stocks,194016.57037212208
14,8,returns,Cash,0.0
14,8,returns,Money Market,-0.09707442172032224
14,8,returns,Bonds,-0.25373036876709504
14,8,returns,Stocks,0.35044205143224566
14,8,returns,Crypto,0.2352674390636874
14,8,returns,Precious Metals,-0.24857246516066506
14,8,returns,Real Estate,0.10865699276073944
14,8,contributions,,0.0
14,8,withdrawals,,50000.0
14,8,availableCash,,19863.13046229817
14,8,cashBuffer,,150000.0
14,8,cashDepletion,,50000.0
14,8,shortfall,,0.0
14,8,cashReplenishment,,41288.59707215871
14,8,financialGainLoss,,41288.59707215871
14,9,ptf_bop,Cash,61151.72753445688
14,9,ptf_bop,Real Estate,97008.28518606104
14,9,ptf_bop,Precious Metals,24252.07129651526
14,9,ptf_bop,Bonds,145512.42777909155
14,9,ptf_bop,Crypto,24252.07129651526
14,9,ptf_bop,Stocks,194016.57037212208
14,9,ptf_eop,Cash,48109.80231060006
14,9,ptf_eop,Real Estate,97008.28518606104
14,9,ptf_eop,Precious Metals,24252.07129651526
14,9,ptf_eop,Bonds,145512.42777909155
14,9,ptf_eop,Crypto,24252.07129651526
14,9,ptf_eop,Stocks,194016.57037212208
14,9,ptf1,Cash,11151.727534456877
14,9,ptf1,Real Estate,97008.28518606104
14,9,ptf1,Precious Metals,24252.07129651526
14,9,ptf1,Bonds,145512.42777909155
14,9,ptf1,Crypto,24252.07129651526
14,9,ptf1,Stocks,194016.57037212208
14,9,ptf2,Cash,11151.727534456877
14,9,ptf2,Real Estate,97008.28518606104
14,9,ptf2,Precious Metals,24252.07129651526
14,9,ptf2,Bonds,145512.42777909155
14,9,ptf2,Crypto,24252.07129651526
14,9,ptf2,Stocks,194016.57037212208
14,9,ptf3,Cash,11151.727534456877
14,9,ptf3,Real Estate,84671.71674565686
14,9,ptf3,Precious Metals,31267.83123757945
14,9,ptf3,Bonds,150637.97859512977
14,9,ptf3,Crypto,15840.322911728186
14,9,ptf3,Stocks,239581.65121635413
14,9,ptf4,Cash,48109.80231060006
14,9,ptf4,Real Estate,84671.71674565686
14,9,ptf4,Precious Metals,31267.83123757945
14,9,ptf4,Bonds,113679.90381898658
14,9,ptf4,Crypto,15840.322911728186
14,9,ptf4,Stocks,239581.65121635413
14,9,ptf5,Cash,48109.80231060006
14,9,ptf5,Real Estate,97008.28518606104
14,9,ptf5,Precious Metals,24252.07129651526
14,9,ptf5,Bonds,145512.42777909155
14,9,ptf5,Crypto,24252.07129651526
14,9,ptf5,Stocks,194016.57037212208
14,9,returns,Cash,0.0
14,9,returns,Money Market,0.04638795263779999
14,9,returns,Bonds,0.03522414472954506
14,9,returns,Stocks,0.234851491070266
14,9,returns,Crypto,-0.34684659639755155
14,9,returns,Precious Metals,0.2892849792204046
14,9,returns,Real Estate,-0.12717025578529462
14,9,contributions,,0.0
14,9,withdrawals,,50000.0
14,9,availableCash,,11151.727534456877
14,9,cashBuffer,,150000.0
14,9,cashDepletion,,50000.0
14,9,shortfall,,0.0
14,9,cashReplenishment,,36958.074776143185
14,9,financialGainLoss,,36958.074776143185
14,10,ptf_bop,Cash,48109.80231060006
14,10,ptf_bop,Real Estate,97008.28518606104
14,10,ptf_bop,Precious Metals,24252.07129651526
14,10,ptf_bop,Bonds,145512.42777909155
14,10,ptf_bop,Crypto,24252.07129651526
14,10,ptf_bop,Stocks,194016.57037212208
14,10,ptf_eop,Cash,0.0
14,10,ptf_eop,Real Estate,85251.29969551366
14,10,ptf_eop,Precious Metals,24078.07310269384
14,10,ptf_eop,Bonds,142260.1610296942
14,10,ptf_eop,Crypto,29064.68582672953
14,10,ptf_eop,Stocks,161881.97104802058
14,10,ptf1,Cash,0.0
14,10,ptf1,Real Estate,97008.28518606104
14,10,ptf1,Precious Metals,24252.07129651526
14,10,ptf1,Bonds,143622.2300896916
14,10,ptf1,Crypto,24252.07129651526
14,10,ptf1,Stocks,194016.57037212208
14,10,ptf2,Cash,0.0
14,10,ptf2,Real Estate,96630.24564818105
14,10,ptf2,Precious Metals,24157.561412045263
14,10,ptf2,Bonds,144945.36847227157
14,10,ptf2,Crypto,24157.561412045263
14,10,ptf2,Stocks,193260.4912963621
14,10,ptf3,Cash,0.0
14,10,ptf3,Real Estate,85251.29969551366
14,10,ptf3,Precious Metals,24078.07310269384
14,10,ptf3,Bonds,142260.1610296942
14,10,ptf3,Crypto,29064.68582672953
14,10,ptf3,Stocks,161881.97104802058
14,10,ptf4,Cash,0.0
14,10,ptf4,Real Estate,85251.29969551366
14,10,ptf4,Precious Metals,24078.07310269384
14,10,ptf4,Bonds,142260.1610296942
14,10,ptf4,Crypto,29064.68582672953
14,10,ptf4,Stocks,161881.97104802058
14,10,ptf5,Cash,0.0
14,10,ptf5,Real Estate,85251.29969551366
14,10,ptf5,Precious Metals,24078.07310269384
14,10,ptf5,Bonds,142260.1610296942
14,10,ptf5,Crypto,29064.68582672953
14,10,ptf5,Stocks,161881.97104802058
14,10,returns,Cash,0.0
14,10,returns,Money Market,0.019872349063237357
14,10,returns,Bonds,-0.01852565191202406
14,10,returns,Stocks,-0.16236386463606273
14,10,returns,Crypto,0.2031299571585695
14,10,returns,Precious Metals,-0.0032904111468711793
14,10,returns,Real Estate,-0.1177576014253006
14,10,contributions,,0.0
14,10,withdrawals,,50000.0
14,10,availableCash,,0.0
14,10,cashBuffer,,150000.0
14,10,cashDepletion,,48109.80231060006
14,10,shortfall,,1890.197689399938
14,10,cashReplenishment,,0
14,10,financialGainLoss,,-40615.03753825341
14,11,ptf_bop,Cash,0.0
14,11,ptf_bop,Real Estate,85251.29969551366
14,11,ptf_bop,Precious Metals,24078.07310269384
14,11,ptf_bop,Bonds,142260.1610296942
14,11,ptf_bop,Crypto,29064.68582672953
14,11,ptf_bop,Stocks,161881.97104802058
14,11,ptf_eop,Cash,0.0
14,11,ptf_eop,Real Estate,74759.09421761685
14,11,ptf_eop,Precious Metals,15501.272900064096
14,11,ptf_eop,Bonds,98836.53079071753
14,11,ptf_eop,Crypto,26050.524932770164
14,11,ptf_eop,Stocks,152415.15682762096
14,11,ptf1,Cash,0.0
14,11,ptf1,Real Estate,85251.29969551366
14,11,ptf1,Precious Metals,24078.07310269384
14,11,ptf1,Bonds,92260.1610296942
14,11,ptf1,Crypto,29064.68582672953
14,11,ptf1,Stocks,161881.97104802058
14,11,ptf2,Cash,0.0
14,11,ptf2,Real Estate,78507.23814053036
14,11,ptf2,Precious Metals,19626.80953513259
14,11,ptf2,Bonds,117760.85721079554
14,11,ptf2,Crypto,19626.80953513259
14,11,ptf2,Stocks,157014.47628106072
14,11,ptf3,Cash,0.0
14,11,ptf3,Real Estate,74759.09421761685
14,11,ptf3,Precious Metals,15501.272900064096
14,11,ptf3,Bonds,98836.53079071753
14,11,ptf3,Crypto,26050.524932770164
14,11,ptf3,Stocks,152415.15682762096
14,11,ptf4,Cash,0.0
14,11,ptf4,Real Estate,74759.09421761685
14,11,ptf4,Precious Metals,15501.272900064096
14,11,ptf4,Bonds,98836.53079071753
14,11,ptf4,Crypto,26050.524932770164
14,11,ptf4,Stocks,152415.15682762096
14,11,ptf5,Cash,0.0
14,11,ptf5,Real Estate,74759.09421761685
14,11,ptf5,Precious Metals,15501.272900064096
14,11,ptf5,Bonds,98836.53079071753
14,11,ptf5,Crypto,26050.524932770164
14,11,ptf5,Stocks,152415.15682762096
14,11,returns,Cash,0.0
14,11,returns,Money Market,-0.04097709114794932
14,11,returns,Bonds,-0.16070133037672174
14,11,returns,Stocks,-0.02929232744888349
14,11,returns,Crypto,0.32729289934458916
14,11,returns,Precious Metals,-0.21019904573301415
14,11,returns,Real Estate,-0.04774265420220509
14,11,contributions,,0.0
14,11,withdrawals,,50000.0
14,11,availableCash,,0.0
14,11,cashBuffer,,150000.0
14,11,cashDepletion,,0.0
14,11,shortfall,,50000.0
14,11,cashReplenishment,,0
14,11,financialGainLoss,,-24973.611033862166
14,12,ptf_bop,Cash,0.0
14,12,ptf_bop,Real Estate,74759.09421761685
14,12,ptf_bop,Precious Metals,15501.272900064096
14,12,ptf_bop,Bonds,98836.53079071753
14,12,ptf_bop,Crypto,26050.524932770164
14,12,ptf_bop,Stocks,152415.15682762096
14,12,ptf_eop,Cash,28966.76382520079
14,12,ptf_eop,Real Estate,63512.51593375792
14,12,ptf_eop,Precious Metals,15878.12898343948
14,12,ptf_eop,Bonds,95268.77390063688
14,12,ptf_eop,Crypto,15878.12898343948
14,12,ptf_eop,Stocks,127025.03186751583
14,12,ptf1,Cash,0.0
14,12,ptf1,Real Estate,74759.09421761685
14,12,ptf1,Precious Metals,15501.272900064096
14,12,ptf1,Bonds,48836.53079071753
14,12,ptf1,Crypto,26050.524932770164
14,12,ptf1,Stocks,152415.15682762096
14,12,ptf2,Cash,0.0
14,12,ptf2,Real Estate,63512.515933757924
14,12,ptf2,Precious Metals,15878.128983439481
14,12,ptf2,Bonds,95268.77390063688
14,12,ptf2,Crypto,15878.128983439481
14,12,ptf2,Stocks,127025.03186751585
14,12,ptf3,Cash,0.0
14,12,ptf3,Real Estate,65341.209494077586
14,12,ptf3,Precious Metals,15163.941274149935
14,12,ptf3,Bonds,119471.50882396293
14,12,ptf3,Crypto,11669.522966040613
14,12,ptf3,Stocks,134883.16093575934
14,12,ptf4,Cash,28966.76382520079
14,12,ptf4,Real Estate,65341.209494077586
14,12,ptf4,Precious Metals,15163.941274149935
14,12,ptf4,Bonds,90504.74499876214
14,12,ptf4,Crypto,11669.522966040613
14,12,ptf4,Stocks,134883.16093575934
14,12,ptf5,Cash,28966.76382520079
14,12,ptf5,Real Estate,63512.51593375792
14,12,ptf5,Precious Metals,15878.12898343948
14,12,ptf5,Bonds,95268.77390063688
14,12,ptf5,Crypto,15878.12898343948
14,12,ptf5,Stocks,127025.03186751583
14,12,returns,Cash,0.0
14,12,returns,Money Market,0.08312653132496348
14,12,returns,Bonds,0.25404688160014477
14,12,returns,Stocks,0.06186283878629017
14,12,returns,Crypto,-0.26505679742168275
14,12,returns,Precious Metals,-0.04497933667338436
14,12,returns,Real Estate,0.02879264871552159
14,12,contributions,,0.0
14,12,withdrawals,,50000.0
14,12,availableCash,,0.0
14,12,cashBuffer,,150000.0
14,12,cashDepletion,,0.0
14,12,shortfall,,50000.0
14,12,cashReplenishment,,28966.76382520079
14,12,financialGainLoss,,28966.76382520079
14,13,ptf_bop,Cash,28966.76382520079
14,13,ptf_bop,Real Estate,63512.51593375792
14,13,ptf_bop,Precious Metals,15878.12898343948
14,13,ptf_bop,Bonds,95268.77390063688
14,13,ptf_bop,Crypto,15878.12898343948
14,13,ptf_bop,Stocks,127025.03186751583
14,13,ptf_eop,Cash,70680.92062026821
14,13,ptf_eop,Real Estate,59305.86869879808
14,13,ptf_eop,Precious Metals,14826.46717469952
14,13,ptf_eop,Bonds,88958.8030481971
14,13,ptf_eop,Crypto,14826.46717469952
14,13,ptf_eop,Stocks,118611.73739759615
14,13,ptf1,Cash,0.0
14,13,ptf1,Real Estate,63512.51593375792
14,13,ptf1,Precious Metals,15878.12898343948
14,13,ptf1,Bonds,74235.53772583767
14,13,ptf1,Crypto,15878.12898343948
14,13,ptf1,Stocks,127025.03186751583
14,13,ptf2,Cash,0.0
14,13,ptf2,Real Estate,59305.86869879808
14,13,ptf2,Precious Metals,14826.46717469952
14,13,ptf2,Bonds,88958.8030481971
14,13,ptf2,Crypto,14826.46717469952
14,13,ptf2,Stocks,118611.73739759615
14,13,ptf3,Cash,0.0
14,13,ptf3,Real Estate,78139.68087999367
14,13,ptf3,Precious Metals,18774.839863110592
14,13,ptf3,Bonds,89743.52193749393
14,13,ptf3,Crypto,13452.285165654153
14,13,ptf3,Stocks,167099.93626800625
14,13,ptf4,Cash,70680.92062026821
14,13,ptf4,Real Estate,78139.68087999367
14,13,ptf4,Precious Metals,18774.839863110592
14,13,ptf4,Bonds,19062.601317225723
14,13,ptf4,Crypto,13452.285165654153
14,13,ptf4,Stocks,167099.93626800625
14,13,ptf5,Cash,70680.92062026821
14,13,ptf5,Real Estate,59305.86869879808
14,13,ptf5,Precious Metals,14826.46717469952
14,13,ptf5,Bonds,88958.8030481971
14,13,ptf5,Crypto,14826.46717469952
14,13,ptf5,Stocks,118611.73739759615
14,13,returns,Cash,0.0
14,13,returns,Money Market,-0.045474590999240956
14,13,returns,Bonds,0.008821149368114482
14,13,returns,Stocks,0.408797644603027
14,13,returns,Crypto,-0.09268438616249224
14,13,returns,Precious Metals,0.2663056979041329
14,13,returns,Real Estate,0.3175708002330853
14,13,contributions,,0.0
14,13,withdrawals,,50000.0
14,13,availableCash,,0.0
14,13,cashBuffer,,150000.0
14,13,cashDepletion,,28966.76382520079
14,13,shortfall,,21033.23617479921
14,13,cashReplenishment,,70680.92062026821
14,13,financialGainLoss,,70680.92062026821
14,14,ptf_bop,Cash,70680.92062026821
14,14,ptf_bop,Real Estate,59305.86869879808
14,14,ptf_bop,Precious Metals,14826.46717469952
14,14,ptf_bop,Bonds,88958.8030481971
14,14,ptf_bop,Crypto,14826.46717469952
14,14,ptf_bop,Stocks,118611.73739759615
14,14,ptf_eop,Cash,40560.826937672566
14,14,ptf_eop,Real Estate,59305.86869879808
14,14,ptf_eop,Precious Metals,14826.46717469952
14,14,ptf_eop,Bonds,88958.8030481971
14,14,ptf_eop,Crypto,14826.46717469952
14,14,ptf_eop,Stocks,118611.73739759615
14,14,ptf1,Cash,20680.92062026821
14,14,ptf1,Real Estate,59305.86869879808
14,14,ptf1,Precious Metals,14826.46717469952
14,14,ptf1,Bonds,88958.8030481971
14,14,ptf1,Crypto,14826.46717469952
14,14,ptf1,Stocks,118611.73739759615
14,14,ptf2,Cash,20680.92062026821
14,14,ptf2,Real Estate,59305.86869879808
14,14,ptf2,Precious Metals,14826.46717469952
14,14,ptf2,Bonds,88958.8030481971
14,14,ptf2,Crypto,14826.46717469952
14,14,ptf2,Stocks,118611.73739759615
14,14,ptf3,Cash,20680.92062026821
14,14,ptf3,Real Estate,67059.28069744947
14,14,ptf3,Precious Metals,17607.7480925642
14,14,ptf3,Bonds,94768.42955281715
14,14,ptf3,Crypto,23780.360502243395
14,14,ptf3,Stocks,113193.43096632048
14,14,ptf4,Cash,40560.826937672566
14,14,ptf4,Real Estate,67059.28069744947
14,14,ptf4,Precious Metals,17607.7480925642
14,14,ptf4,Bonds,74888.5232354128
14,14,ptf4,Crypto,23780.360502243395
14,14,ptf4,Stocks,113193.43096632048
14,14,ptf5,Cash,40560.826937672566
14,14,ptf5,Real Estate,59305.86869879808
14,14,ptf5,Precious Metals,14826.46717469952
14,14,ptf5,Bonds,88958.8030481971
14,14,ptf5,Crypto,14826.46717469952
14,14,ptf5,Stocks,118611.73739759615
14,14,returns,Cash,0.0
14,14,returns,Money Market,0.07363895491759047
14,14,returns,Bonds,0.06530693203541009
14,14,returns,Stocks,-0.045681030816647414
14,14,returns,Crypto,0.6039128014813373
14,14,returns,Precious Metals,0.18758891683993134
14,14,returns,Real Estate,0.13073599913069867
14,14,contributions,,0.0
14,14,withdrawals,,50000.0
14,14,availableCash,,20680.92062026821
14,14,cashBuffer,,150000.0
14,14,cashDepletion,,50000.0
14,14,shortfall,,0.0
14,14,cashReplenishment,,19879.906317404355
14,14,financialGainLoss,,19879.906317404355
14,15,ptf_bop,Cash,40560.826937672566
14,15,ptf_bop,Real Estate,59305.86869879808
14,15,ptf_bop,Precious Metals,14826.46717469952
14,15,ptf_bop,Bonds,88958.8030481971
14,15,ptf_bop,Crypto,14826.46717469952
14,15,ptf_bop,Stocks,118611.73739759615
14,15,ptf_eop,Cash,19886.361580547004
14,15,ptf_eop,Real Estate,57418.034086332584
14,15,ptf_eop,Precious Metals,14354.508521583146
14,15,ptf_eop,Bonds,86127.05112949887
14,15,ptf_eop,Crypto,14354.508521583146
14,15,ptf_eop,Stocks,114836.06817266517
14,15,ptf1,Cash,0.0
14,15,ptf1,Real Estate,59305.86869879808
14,15,ptf1,Precious Metals,14826.46717469952
14,15,ptf1,Bonds,79519.62998586967
14,15,ptf1,Crypto,14826.46717469952
14,15,ptf1,Stocks,118611.73739759615
14,15,ptf2,Cash,0.0
14,15,ptf2,Real Estate,57418.034086332584
14,15,ptf2,Precious Metals,14354.508521583146
14,15,ptf2,Bonds,86127.05112949887
14,15,ptf2,Crypto,14354.508521583146
14,15,ptf2,Stocks,114836.06817266517
14,15,ptf3,Cash,0.0
14,15,ptf3,Real Estate,66998.71356455293
14,15,ptf3,Precious Metals,15431.963088992223
14,15,ptf3,Bonds,96390.06176177734
14,15,ptf3,Crypto,8544.855582818145
14,15,ptf3,Stocks,119610.93801406928
14,15,ptf4,Cash,19886.361580547004
14,15,ptf4,Real Estate,66998.71356455293
14,15,ptf4,Precious Metals,15431.963088992223
14,15,ptf4,Bonds,76503.70018123034
14,15,ptf4,Crypto,8544.855582818145
14,15,ptf4,Stocks,119610.93801406928
14,15,ptf5,Cash,19886.361580547004
14,15,ptf5,Real Estate,57418.034086332584
14,15,ptf5,Precious Metals,14354.508521583146
14,15,ptf5,Bonds,86127.05112949887
14,15,ptf5,Crypto,14354.508521583146
14,15,ptf5,Stocks,114836.06817266517
14,15,returns,Cash,0.0
14,15,returns,Money Market,0.027106086265179016
14,15,returns,Bonds,0.11916129134442568
14,15,returns,Stocks,0.041579879191132714
14,15,returns,Crypto,-0.4047267052041332
14,15,returns,Precious Metals,0.07506035931422088
14,15,returns,Real Estate,0.1668583682927047
14,15,contributions,,0.0
14,15,withdrawals,,50000.0
14,15,availableCash,,0.0
14,15,cashBuffer,,150000.0
14,15,cashDepletion,,40560.826937672566
14,15,shortfall,,9439.173062327434
14,15,cashReplenishment,,19886.361580547004
14,15,financialGainLoss,,19886.361580547004
14,16,ptf_bop,Cash,19886.361580547004
14,16,ptf_bop,Real Estate,57418.034086332584
14,16,ptf_bop,Precious Metals,14354.508521583146
14,16,ptf_bop,Bonds,86127.05112949887
14,16,ptf_bop,Crypto,14354.508521583146
14,16,ptf_bop,Stocks,114836.06817266517
14,16,ptf_eop,Cash,52956.393319997704
14,16,ptf_eop,Real Estate,51395.30640244197
14,16,ptf_eop,Precious Metals,12848.826600610493
14,16,ptf_eop,Bonds,77092.95960366297
14,16,ptf_eop,Crypto,12848.826600610493
14,16,ptf_eop,Stocks,102790.61280488395
14,16,ptf1,Cash,0.0
14,16,ptf1,Real Estate,57418.034086332584
14,16,ptf1,Precious Metals,14354.508521583146
14,16,ptf1,Bonds,56013.41271004587
14,16,ptf1,Crypto,14354.508521583146
14,16,ptf1,Stocks,114836.06817266517
14,16,ptf2,Cash,0.0
14,16,ptf2,Real Estate,51395.30640244197
14,16,ptf2,Precious Metals,12848.826600610493
14,16,ptf2,Bonds,77092.95960366297
14,16,ptf2,Crypto,12848.826600610493
14,16,ptf2,Stocks,102790.61280488395
14,16,ptf3,Cash,0.0
14,16,ptf3,Real Estate,48297.54240291157
14,16,ptf3,Precious Metals,15433.154221482462
14,16,ptf3,Bonds,75756.41154752288
14,16,ptf3,Crypto,23153.16477170692
14,16,ptf3,Stocks,147292.65238858375
14,16,ptf4,Cash,52956.393319997704
14,16,ptf4,Real Estate,48297.54240291157
14,16,ptf4,Precious Metals,15433.154221482462
14,16,ptf4,Bonds,22800.018227525172
14,16,ptf4,Crypto,23153.16477170692
14,16,ptf4,Stocks,147292.65238858375
14,16,ptf5,Cash,52956.393319997704
14,16,ptf5,Real Estate,51395.30640244197
14,16,ptf5,Precious Metals,12848.826600610493
14,16,ptf5,Bonds,77092.95960366297
14,16,ptf5,Crypto,12848.826600610493
14,16,ptf5,Stocks,102790.61280488395
14,16,returns,Cash,0.0
14,16,returns,Money Market,-0.01737860961739113
14,16,returns,Bonds,-0.017336836761895267
14,16,returns,Stocks,0.43293875159761036
14,16,returns,Crypto,0.8019672528390126
14,16,returns,Precious Metals,0.20113335646923414
14,16,returns,Real Estate,-0.06027328595482834
14,16,contributions,,0.0
14,16,withdrawals,,50000.0
14,16,availableCash,,0.0
14,16,cashBuffer,,150000.0
14,16,cashDepletion,,19886.361580547004
14,16,shortfall,,30113.638419452996
14,16,cashReplenishment,,52956.393319997704
14,16,financialGainLoss,,52956.393319997704
14,17,ptf_bop,Cash,52956.393319997704
14,17,ptf_bop,Real Estate,51395.30640244197
14,17,ptf_bop,Precious Metals,12848.826600610493
14,17,ptf_bop,Bonds,77092.95960366297
14,17,ptf_bop,Crypto,12848.826600610493
14,17,ptf_bop,Stocks,102790.61280488395
14,17,ptf_eop,Cash,22596.20020515623
14,17,ptf_eop,Real Estate,51395.30640244196
14,17,ptf_eop,Precious Metals,12848.82660061049
14,17,ptf_eop,Bonds,77092.95960366295
14,17,ptf_eop,Crypto,12848.82660061049
14,17,ptf_eop,Stocks,102790.61280488392
14,17,ptf1,Cash,2956.3933199977037
14,17,ptf1,Real Estate,51395.30640244197
14,17,ptf1,Precious Metals,12848.826600610493
14,17,ptf1,Bonds,77092.95960366297
14,17,ptf1,Crypto,12848.826600610493
14,17,ptf1,Stocks,102790.61280488395
14,17,ptf2,Cash,2956.3933199977037
14,17,ptf2,Real Estate,51395.30640244197
14,17,ptf2,Precious Metals,12848.826600610493
14,17,ptf2,Bonds,77092.95960366297
14,17,ptf2,Crypto,12848.826600610493
14,17,ptf2,Stocks,102790.61280488395
14,17,ptf3,Cash,2956.3933199977037
14,17,ptf3,Real Estate,66038.98756323023
14,17,ptf3,Precious Metals,16755.73105251093
14,17,ptf3,Bonds,69052.5618408016
14,17,ptf3,Crypto,3566.5105447891633
14,17,ptf3,Stocks,121202.54789603644
14,17,ptf4,Cash,22596.20020515623
14,17,ptf4,Real Estate,66038.98756323023
14,17,ptf4,Precious Metals,16755.73105251093
14,17,ptf4,Bonds,49412.754955643075
14,17,ptf4,Crypto,3566.5105447891633
14,17,ptf4,Stocks,121202.54789603644
14,17,ptf5,Cash,22596.20020515623
14,17,ptf5,Real Estate,51395.30640244196
14,17,ptf5,Precious Metals,12848.82660061049
14,17,ptf5,Bonds,77092.95960366295
14,17,ptf5,Crypto,12848.82660061049
14,17,ptf5,Stocks,102790.61280488392
14,17,returns,Cash,0.0
14,17,returns,Money Market,-0.0331950051592301
14,17,returns,Bonds,-0.10429483838987715
14,17,returns,Stocks,0.17912078339392576
14,17,returns,Crypto,-0.7224251944827627
14,17,returns,Precious Metals,0.3040670228762219
14,17,returns,Real Estate,0.28492253837584836
14,17,contributions,,0.0
14,17,withdrawals,,50000.0
14,17,availableCash,,2956.3933199977037
14,17,cashBuffer,,150000.0
14,17,cashDepletion,,50000.0
14,17,shortfall,,0.0
14,17,cashReplenishment,,19639.806885158527
14,17,financialGainLoss,,19639.806885158527
14,18,ptf_bop,Cash,22596.20020515623
14,18,ptf_bop,Real Estate,51395.30640244196
14,18,ptf_bop,Precious Metals,12848.82660061049
14,18,ptf_bop,Bonds,77092.95960366295
14,18,ptf_bop,Crypto,12848.82660061049
14,18,ptf_bop,Stocks,102790.61280488392
14,18,ptf_eop,Cash,0.0
14,18,ptf_eop,Real Estate,47812.862048140276
14,18,ptf_eop,Precious Metals,11403.889469480382
14,18,ptf_eop,Bonds,66427.68231020695
14,18,ptf_eop,Crypto,4640.161375671381
14,18,ptf_eop,Stocks,86419.53837556163
14,18,ptf1,Cash,0.0
14,18,ptf1,Real Estate,51395.30640244196
14,18,ptf1,Precious Metals,12848.82660061049
14,18,ptf1,Bonds,49689.15980881918
14,18,ptf1,Crypto,12848.82660061049
14,18,ptf1,Stocks,102790.61280488392
14,18,ptf2,Cash,0.0
14,18,ptf2,Real Estate,45914.546443473206
14,18,ptf2,Precious Metals,11478.636610868301
14,18,ptf2,Bonds,68871.81966520981
14,18,ptf2,Crypto,11478.636610868301
14,18,ptf2,Stocks,91829.09288694641
14,18,ptf3,Cash,0.0
14,18,ptf3,Real Estate,47812.862048140276
14,18,ptf3,Precious Metals,11403.889469480382
14,18,ptf3,Bonds,66427.68231020695
14,18,ptf3,Crypto,4640.161375671381
14,18,ptf3,Stocks,86419.53837556163
14,18,ptf4,Cash,0.0
14,18,ptf4,Real Estate,47812.862048140276
14,18,ptf4,Precious Metals,11403.889469480382
14,18,ptf4,Bonds,66427.68231020695
14,18,ptf4,Crypto,4640.161375671381
14,18,ptf4,Stocks,86419.53837556163
14,18,ptf5,Cash,0.0
14,18,ptf5,Real Estate,47812.862048140276
14,18,ptf5,Precious Metals,11403.889469480382
14,18,ptf5,Bonds,66427.68231020695
14,18,ptf5,Crypto,4640.161375671381
14,18,ptf5,Stocks,86419.53837556163
14,18,returns,Cash,0.0
14,18,returns,Money Market,0.04377593146772175
14,18,returns,Bonds,-0.03548820645198539
14,18,returns,Stocks,-0.05890893987208006
14,18,returns,Crypto,-0.5957567494315532
14,18,returns,Precious Metals,-0.006511848394708106
14,18,returns,Real Estate,0.04134453570186407
14,18,contributions,,0.0
14,18,withdrawals,,50000.0
14,18,availableCash,,0.0
14,18,cashBuffer,,150000.0
14,18,cashDepletion,,22596.20020515623
14,18,shortfall,,27403.79979484377
14,18,cashReplenishment,,0
14,18,financialGainLoss,,-12868.59863830544
14,19,ptf_bop,Cash,0.0
14,19,ptf_bop,Real Estate,47812.862048140276
14,19,ptf_bop,Precious Metals,11403.889469480382
14,19,ptf_bop,Bonds,66427.68231020695
14,19,ptf_bop,Crypto,4640.161375671381
14,19,ptf_bop,Stocks,86419.53837556163
14,19,ptf_eop,Cash,0.0
14,19,ptf_eop,Real Estate,38528.142025447974
14,19,ptf_eop,Precious Metals,9267.342036887017
14,19,ptf_eop,Bonds,52040.321900753355
14,19,ptf_eop,Crypto,7265.518210492191
14,19,ptf_eop,Stocks,53274.4644627044
14,19,ptf1,Cash,0.0
14,19,ptf1,Real Estate,47812.862048140276
14,19,ptf1,Precious Metals,11403.889469480382
14,19,ptf1,Bonds,16427.682310206947
14,19,ptf1,Crypto,4640.161375671381
14,19,ptf1,Stocks,86419.53837556163
14,19,ptf2,Cash,0.0
14,19,ptf2,Real Estate,33340.82671581212
14,19,ptf2,Precious Metals,8335.20667895303
14,19,ptf2,Bonds,50011.24007371819
14,19,ptf2,Crypto,8335.20667895303
14,19,ptf2,Stocks,66681.65343162425
14,19,ptf3,Cash,0.0
14,19,ptf3,Real Estate,38528.142025447974
14,19,ptf3,Precious Metals,9267.342036887017
14,19,ptf3,Bonds,52040.321900753355
14,19,ptf3,Crypto,7265.518210492191
14,19,ptf3,Stocks,53274.4644627044
14,19,ptf4,Cash,0.0
14,19,ptf4,Real Estate,38528.142025447974
14,19,ptf4,Precious Metals,9267.342036887017
14,19,ptf4,Bonds,52040.321900753355
14,19,ptf4,Crypto,7265.518210492191
14,19,ptf4,Stocks,53274.4644627044
14,19,ptf5,Cash,0.0
14,19,ptf5,Real Estate,38528.142025447974
14,19,ptf5,Precious Metals,9267.342036887017
14,19,ptf5,Bonds,52040.321900753355
14,19,ptf5,Crypto,7265.518210492191
14,19,ptf5,Stocks,53274.4644627044
14,19,returns,Cash,0.0
14,19,returns,Money Market,0.007037977245473254
14,19,returns,Bonds,0.040572515779337445
14,19,returns,Stocks,-0.20106263535692992
14,19,returns,Crypto,-0.1283337665953594
14,19,returns,Precious Metals,0.11183110315520932
14,19,returns,Real Estate,0.155584483667759
14,19,contributions,,0.0
14,19,withdrawals,,50000.0
14,19,availableCash,,0.0
14,19,cashBuffer,,150000.0
14,19,cashDepletion,,0.0
14,19,shortfall,,50000.0
14,19,cashReplenishment,,0
14,19,financialGainLoss,,-6328.344942775671
14,20,ptf_bop,Cash,0.0
14,20,ptf_bop,Real Estate,38528.142025447974
14,20,ptf_bop,Precious Metals,9267.342036887017
14,20,ptf_bop,Bonds,52040.321900753355
14,20,ptf_bop,Crypto,7265.518210492191
14,20,ptf_bop,Stocks,53274.4644627044
14,20,ptf_eop,Cash,12270.715576394985
14,20,ptf_eop,Real Estate,22075.157727256985
14,20,ptf_eop,Precious Metals,5518.789431814246
14,20,ptf_eop,Bonds,33112.736590885484
14,20,ptf_eop,Crypto,5518.789431814246
14,20,ptf_eop,Stocks,44150.31545451397
14,20,ptf1,Cash,0.0
14,20,ptf1,Real Estate,38528.142025447974
14,20,ptf1,Precious Metals,9267.342036887017
14,20,ptf1,Bonds,2040.3219007533553
14,20,ptf1,Crypto,7265.518210492191
14,20,ptf1,Stocks,53274.4644627044
14,20,ptf2,Cash,0.0
14,20,ptf2,Real Estate,22075.157727256985
14,20,ptf2,Precious Metals,5518.789431814246
14,20,ptf2,Bonds,33112.736590885484
14,20,ptf2,Crypto,5518.789431814246
14,20,ptf2,Stocks,44150.31545451397
14,20,ptf3,Cash,0.0
14,20,ptf3,Real Estate,24785.595659076942
14,20,ptf3,Precious Metals,4965.610346378733
14,20,ptf3,Bonds,32249.601104869645
14,20,ptf3,Crypto,8630.223851121893
14,20,ptf3,Stocks,52015.473251232725
14,20,ptf4,Cash,12270.715576394985
14,20,ptf4,Real Estate,24785.595659076942
14,20,ptf4,Precious Metals,4965.610346378733
14,20,ptf4,Bonds,19978.88552847466
14,20,ptf4,Crypto,8630.223851121893
14,20,ptf4,Stocks,52015.473251232725
14,20,ptf5,Cash,12270.715576394985
14,20,ptf5,Real Estate,22075.157727256985
14,20,ptf5,Precious Metals,5518.789431814246
14,20,ptf5,Bonds,33112.736590885484
14,20,ptf5,Crypto,5518.789431814246
14,20,ptf5,Stocks,44150.31545451397
14,20,returns,Cash,0.0
14,20,returns,Money Market,-0.02545092283000062
14,20,returns,Bonds,-0.02606657059729172
14,20,returns,Stocks,0.1781449966042002
14,20,returns,Crypto,0.5637892979520318
14,20,returns,Precious Metals,-0.1002355846821395
14,20,returns,Real Estate,0.1227822679823158
14,20,contributions,,0.0
14,20,withdrawals,,50000.0
14,20,availableCash,,0.0
14,20,cashBuffer,,150000.0
14,20,cashDepletion,,0.0
14,20,shortfall,,50000.0
14,20,cashReplenishment,,12270.715576394985
14,20,financialGainLoss,,12270.715576394985
15,1,ptf_bop,Cash,150000.0
15,1,ptf_bop,Real Estate,170000.0
15,1,ptf_bop,Precious Metals,42500.0
15,1,ptf_bop,Bonds,255000.0
15,1,ptf_bop,Crypto,42500.0
15,1,ptf_bop,Stocks,340000.0
15,1,ptf_eop,Cash,100000.0
15,1,ptf_eop,Real Estate,180448.65048316578
15,1,ptf_eop,Precious Metals,38832.30155801563
15,1,ptf_eop,Bonds,237401.75568050155
15,1,ptf_eop,Crypto,35551.38491025635
15,1,ptf_eop,Stocks,307544.12376302877
15,1,ptf1,Cash,100000.0
15,1,ptf1,Real Estate,170000.0
15,1,ptf1,Precious Metals,42500.0
15,1,ptf1,Bonds,255000.0
15,1,ptf1,Crypto,42500.0
15,1,ptf1,Stocks,340000.0
15,1,ptf2,Cash,100000.0
15,1,ptf2,Real Estate,170000.0
15,1,ptf2,Precious Metals,42500.0
15,1,ptf2,Bonds,255000.0
15,1,ptf2,Crypto,42500.0
15,1,ptf2,Stocks,340000.0
15,1,ptf3,Cash,100000.0
15,1,ptf3,Real Estate,180448.65048316578
15,1,ptf3,Precious Metals,38832.30155801563
15,1,ptf3,Bonds,237401.75568050155
15,1,ptf3,Crypto,35551.38491025635
15,1,ptf3,Stocks,307544.12376302877
15,1,ptf4,Cash,100000.0
15,1,ptf4,Real Estate,180448.65048316578
15,1,ptf4,Precious Metals,38832.30155801563
15,1,ptf4,Bonds,237401.75568050155
15,1,ptf4,Crypto,35551.38491025635
15,1,ptf4,Stocks,307544.12376302877
15,1,ptf5,Cash,100000.0
15,1,ptf5,Real Estate,180448.65048316578
15,1,ptf5,Precious Metals,38832.30155801563
15,1,ptf5,Bonds,237401.75568050155
15,1,ptf5,Crypto,35551.38491025635
15,1,ptf5,Stocks,307544.12376302877
15,1,returns,Cash,0.0
15,1,returns,Money Market,0.04257282216611864
15,1,returns,Bonds,-0.06901272282156254
15,1,returns,Stocks,-0.09545845952050357
15,1,returns,Crypto,-0.16349682564102713
15,1,returns,Precious Metals,-0.08629878687022048
15,1,returns,Real Estate,0.06146264990097522
15,1,contributions,,0.0
15,1,withdrawals,,50000.0
15,1,availableCash,,100000.0
15,1,cashBuffer,,150000.0
15,1,cashDepletion,,50000.0
15,1,shortfall,,0.0
15,1,cashReplenishment,,0
15,1,financialGainLoss,,-50221.7836050319
15,2,ptf_bop,Cash,100000.0
15,2,ptf_bop,Real Estate,180448.65048316578
15,2,ptf_bop,Precious Metals,38832.30155801563
15,2,ptf_bop,Bonds,237401.75568050155
15,2,ptf_bop,Crypto,35551.38491025635
15,2,ptf_bop,Stocks,307544.12376302877
15,2,ptf_eop,Cash,50000.0
15,2,ptf_eop,Real Estate,153892.1178528032
15,2,ptf_eop,Precious Metals,22446.309250327016
15,2,ptf_eop,Bonds,212561.70259395376
15,2,ptf_eop,Crypto,40456.433586324805
15,2,ptf_eop,Stocks,330533.47371214355
15,2,ptf1,Cash,50000.0
15,2,ptf1,Real Estate,180448.65048316578
15,2,ptf1,Precious Metals,38832.30155801563
15,2,ptf1,Bonds,237401.75568050155
15,2,ptf1,Crypto,35551.38491025635
15,2,ptf1,Stocks,307544.12376302877
15,2,ptf2,Cash,50000.0
15,2,ptf2,Real Estate,159955.64327899364
15,2,ptf2,Precious Metals,39988.91081974841
15,2,ptf2,Bonds,239933.4649184904
15,2,ptf2,Crypto,39988.91081974841
15,2,ptf2,Stocks,319911.2865579873
15,2,ptf3,Cash,50000.0
15,2,ptf3,Real Estate,153892.1178528032
15,2,ptf3,Precious Metals,22446.309250327016
15,2,ptf3,Bonds,212561.70259395376
15,2,ptf3,Crypto,40456.433586324805
15,2,ptf3,Stocks,330533.47371214355
15,2,ptf4,Cash,50000.0
15,2,ptf4,Real Estate,153892.1178528032
15,2,ptf4,Precious Metals,22446.309250327016
15,2,ptf4,Bonds,212561.70259395376
15,2,ptf4,Crypto,40456.433586324805
15,2,ptf4,Stocks,330533.47371214355
15,2,ptf5,Cash,50000.0
15,2,ptf5,Real Estate,153892.1178528032
15,2,ptf5,Precious Metals,22446.309250327016
15,2,ptf5,Bonds,212561.70259395376
15,2,ptf5,Crypto,40456.433586324805
15,2,ptf5,Stocks,330533.47371214355
15,2,returns,Cash,0.0
15,2,returns,Money Market,0.011856581707373113
15,2,returns,Bonds,-0.11408063620402142
15,2,returns,Stocks,0.03320353985770018
15,2,returns,Crypto,0.011691310340603561
15,2,returns,Precious Metals,-0.4386866561206271
15,2,returns,Real Estate,-0.037907543003121734
15,2,contributions,,0.0
15,2,withdrawals,,50000.0
15,2,availableCash,,50000.0
15,2,cashBuffer,,150000.0
15,2,cashDepletion,,50000.0
15,2,shortfall,,0.0
15,2,cashReplenishment,,0
15,2,financialGainLoss,,-39888.17939941585
15,3,ptf_bop,Cash,50000.0
15,3,ptf_bop,Real Estate,153892.1178528032
15,3,ptf_bop,Precious Metals,22446.309250327016
15,3,ptf_bop,Bonds,212561.70259395376
15,3,ptf_bop,Crypto,40456.433586324805
15,3,ptf_bop,Stocks,330533.47371214355
15,3,ptf_eop,Cash,34780.43208426132
15,3,ptf_eop,Real Estate,151978.00739911047
15,3,ptf_eop,Precious Metals,37994.50184977762
15,3,ptf_eop,Bonds,227967.01109866568
15,3,ptf_eop,Crypto,37994.50184977762
15,3,ptf_eop,Stocks,303956.01479822095
15,3,ptf1,Cash,0.0
15,3,ptf1,Real Estate,153892.1178528032
15,3,ptf1,Precious Metals,22446.309250327016
15,3,ptf1,Bonds,212561.70259395376
15,3,ptf1,Crypto,40456.433586324805
15,3,ptf1,Stocks,330533.47371214355
15,3,ptf2,Cash,0.0
15,3,ptf2,Real Estate,151978.00739911047
15,3,ptf2,Precious Metals,37994.50184977762
15,3,ptf2,Bonds,227967.0110986657
15,3,ptf2,Crypto,37994.50184977762
15,3,ptf2,Stocks,303956.01479822095
15,3,ptf3,Cash,0.0
15,3,ptf3,Real Estate,150132.41682247986
15,3,ptf3,Precious Metals,41835.62432376799
15,3,ptf3,Bonds,231380.21233341086
15,3,ptf3,Crypto,33739.811227166625
15,3,ptf3,Stocks,337582.40437298827
15,3,ptf4,Cash,34780.43208426132
15,3,ptf4,Real Estate,150132.41682247986
15,3,ptf4,Precious Metals,41835.62432376799
15,3,ptf4,Bonds,196599.78024914954
15,3,ptf4,Crypto,33739.811227166625
15,3,ptf4,Stocks,337582.40437298827
15,3,ptf5,Cash,34780.43208426132
15,3,ptf5,Real Estate,151978.00739911047
15,3,ptf5,Precious Metals,37994.50184977762
15,3,ptf5,Bonds,227967.01109866568
15,3,ptf5,Crypto,37994.50184977762
15,3,ptf5,Stocks,303956.01479822095
15,3,returns,Cash,0.0
15,3,returns,Money Market,0.07552565863132048
15,3,returns,Bonds,0.014972347175565242
15,3,returns,Stocks,0.11062913032693215
15,3,returns,Crypto,-0.1119817451333659
15,3,returns,Precious Metals,0.10109679787821342
15,3,returns,Real Estate,-0.012143800331477505
15,3,contributions,,0.0
15,3,withdrawals,,50000.0
15,3,availableCash,,0.0
15,3,cashBuffer,,150000.0
15,3,cashDepletion,,50000.0
15,3,shortfall,,0.0
15,3,cashReplenishment,,34780.43208426132
15,3,financialGainLoss,,34780.43208426132
15,4,ptf_bop,Cash,34780.43208426132
15,4,ptf_bop,Real Estate,151978.00739911047
15,4,ptf_bop,Precious Metals,37994.50184977762
15,4,ptf_bop,Bonds,227967.01109866568
15,4,ptf_bop,Crypto,37994.50184977762
15,4,ptf_bop,Stocks,303956.01479822095
15,4,ptf_eop,Cash,74633.5558271138
15,4,ptf_eop,Real Estate,148934.09381596275
15,4,ptf_eop,Precious Metals,37233.52345399069
15,4,ptf_eop,Bonds,223401.14072394415
15,4,ptf_eop,Crypto,37233.52345399069
15,4,ptf_eop,Stocks,297868.1876319255
15,4,ptf1,Cash,0.0
15,4,ptf1,Real Estate,151978.00739911047
15,4,ptf1,Precious Metals,37994.50184977762
15,4,ptf1,Bonds,212747.443182927
15,4,ptf1,Crypto,37994.50184977762
15,4,ptf1,Stocks,303956.01479822095
15,4,ptf2,Cash,0.0
15,4,ptf2,Real Estate,148934.09381596275
15,4,ptf2,Precious Metals,37233.52345399069
15,4,ptf2,Bonds,223401.14072394412
15,4,ptf2,Crypto,37233.52345399069
15,4,ptf2,Stocks,297868.1876319255
15,4,ptf3,Cash,0.0
15,4,ptf3,Real Estate,185554.80335958683
15,4,ptf3,Precious Metals,41105.824153622576
15,4,ptf3,Bonds,230682.28566158793
15,4,ptf3,Crypto,20692.19854227718
15,4,ptf3,Stocks,341268.91318985296
15,4,ptf4,Cash,74633.5558271138
15,4,ptf4,Real Estate,185554.80335958683
15,4,ptf4,Precious Metals,41105.824153622576
15,4,ptf4,Bonds,156048.72983447413
15,4,ptf4,Crypto,20692.19854227718
15,4,ptf4,Stocks,341268.91318985296
15,4,ptf5,Cash,74633.5558271138
15,4,ptf5,Real Estate,148934.09381596275
15,4,ptf5,Precious Metals,37233.52345399069
15,4,ptf5,Bonds,223401.14072394415
15,4,ptf5,Crypto,37233.52345399069
15,4,ptf5,Stocks,297868.1876319255
15,4,returns,Cash,0.0
15,4,returns,Money Market,0.053724685556156525
15,4,returns,Bonds,0.03259224601113885
15,4,returns,Stocks,0.1457044671435592
15,4,returns,Crypto,-0.4442589198455407
15,4,returns,Precious Metals,0.10400038299939231
15,4,returns,Real Estate,0.24588533495141912
15,4,contributions,,0.0
15,4,withdrawals,,50000.0
15,4,availableCash,,0.0
15,4,cashBuffer,,150000.0
15,4,cashDepletion,,34780.43208426132
15,4,shortfall,,15219.567915738677
15,4,cashReplenishment,,74633.5558271138
15,4,financialGainLoss,,74633.5558271138
15,5,ptf_bop,Cash,74633.5558271138
15,5,ptf_bop,Real Estate,148934.09381596275
15,5,ptf_bop,Precious Metals,37233.52345399069
15,5,ptf_bop,Bonds,223401.14072394415
15,5,ptf_bop,Crypto,37233.52345399069
15,5,ptf_bop,Stocks,297868.1876319255
15,5,ptf_eop,Cash,24633.5558271138
15,5,ptf_eop,Real Estate,135460.53398830467
15,5,ptf_eop,Precious Metals,35557.426859144754
15,5,ptf_eop,Bonds,214732.2481238452
15,5,ptf_eop,Crypto,40321.851281270276
15,5,ptf_eop,Stocks,309626.46498230303
15,5,ptf1,Cash,24633.5558271138
15,5,ptf1,Real Estate,148934.09381596275
15,5,ptf1,Precious Metals,37233.52345399069
15,5,ptf1,Bonds,223401.14072394415
15,5,ptf1,Crypto,37233.52345399069
15,5,ptf1,Stocks,297868.1876319255
15,5,ptf2,Cash,24633.5558271138
15,5,ptf2,Real Estate,148934.09381596275
15,5,ptf2,Precious Metals,37233.52345399069
15,5,ptf2,Bonds,223401.14072394415
15,5,ptf2,Crypto,37233.52345399069
15,5,ptf2,Stocks,297868.1876319255
15,5,ptf3,Cash,24633.5558271138
15,5,ptf3,Real Estate,135460.53398830467
15,5,ptf3,Precious Metals,35557.426859144754
15,5,ptf3,Bonds,214732.2481238452
15,5,ptf3,Crypto,40321.851281270276
15,5,ptf3,Stocks,309626.46498230303
15,5,ptf4,Cash,24633.5558271138
15,5,ptf4,Real Estate,135460.53398830467
15,5,ptf4,Precious Metals,35557.426859144754
15,5,ptf4,Bonds,214732.2481238452
15,5,ptf4,Crypto,40321.851281270276
15,5,ptf4,Stocks,309626.46498230303
15,5,ptf5,Cash,24633.5558271138
15,5,ptf5,Real Estate,135460.53398830467
15,5,ptf5,Precious Metals,35557.426859144754
15,5,ptf5,Bonds,214732.2481238452
15,5,ptf5,Crypto,40321.851281270276
15,5,ptf5,Stocks,309626.46498230303
15,5,returns,Cash,0.0
15,5,returns,Money Market,-0.046937955624618166
15,5,returns,Bonds,-0.038804155484644755
15,5,returns,Stocks,0.03947476715743538
15,5,returns,Crypto,0.08294481802389232
15,5,returns,Precious Metals,-0.04501579327879291
15,5,returns,Real Estate,-0.0904665915133395
15,5,contributions,,0.0
15,5,withdrawals,,50000.0
15,5,availableCash,,24633.5558271138
15,5,cashBuffer,,150000.0
15,5,cashDepletion,,50000.0
15,5,shortfall,,0.0
15,5,cashReplenishment,,0
15,5,financialGainLoss,,-8971.943844945868
15,6,ptf_bop,Cash,24633.5558271138
15,6,ptf_bop,Real Estate,135460.53398830467
15,6,ptf_bop,Precious Metals,35557.426859144754
15,6,ptf_bop,Bonds,214732.2481238452
15,6,ptf_bop,Crypto,40321.851281270276
15,6,ptf_bop,Stocks,309626.46498230303
15,6,ptf_eop,Cash,115138.65475473122
15,6,ptf_eop,Real Estate,142066.41621239635
15,6,ptf_eop,Precious Metals,35516.60405309909
15,6,ptf_eop,Bonds,213099.62431859455
15,6,ptf_eop,Crypto,35516.60405309909
15,6,ptf_eop,Stocks,284132.8324247927
15,6,ptf1,Cash,0.0
15,6,ptf1,Real Estate,135460.53398830467
15,6,ptf1,Precious Metals,35557.426859144754
15,6,ptf1,Bonds,189365.803950959
15,6,ptf1,Crypto,40321.851281270276
15,6,ptf1,Stocks,309626.46498230303
15,6,ptf2,Cash,0.0
15,6,ptf2,Real Estate,142066.41621239635
15,6,ptf2,Precious Metals,35516.60405309909
15,6,ptf2,Bonds,213099.62431859452
15,6,ptf2,Crypto,35516.60405309909
15,6,ptf2,Stocks,284132.8324247927
15,6,ptf3,Cash,0.0
15,6,ptf3,Real Estate,196275.7839502294
15,6,ptf3,Precious Metals,30258.647357343096
15,6,ptf3,Bonds,216219.5668825852
15,6,ptf3,Crypto,33701.2987175837
15,6,ptf3,Stocks,349015.4389089716
15,6,ptf4,Cash,115138.65475473122
15,6,ptf4,Real Estate,196275.7839502294
15,6,ptf4,Precious Metals,30258.647357343096
15,6,ptf4,Bonds,101080.91212785398
15,6,ptf4,Crypto,33701.2987175837
15,6,ptf4,Stocks,349015.4389089716
15,6,ptf5,Cash,115138.65475473122
15,6,ptf5,Real Estate,142066.41621239635
15,6,ptf5,Precious Metals,35516.60405309909
15,6,ptf5,Bonds,213099.62431859455
15,6,ptf5,Crypto,35516.60405309909
15,6,ptf5,Stocks,284132.8324247927
15,6,returns,Cash,0.0
15,6,returns,Money Market,-0.004449208854778525
15,6,returns,Bonds,0.0146407698932694
15,6,returns,Stocks,0.22835307672988744
15,6,returns,Crypto,-0.05111145572367835
15,6,returns,Precious Metals,-0.14804221394295147
15,6,returns,Real Estate,0.3815776394104809
15,6,contributions,,0.0
15,6,withdrawals,,50000.0
15,6,availableCash,,0.0
15,6,cashBuffer,,150000.0
15,6,cashDepletion,,24633.5558271138
15,6,shortfall,,25366.4441728862
15,6,cashReplenishment,,115138.65475473122
15,6,financialGainLoss,,115138.65475473122
15,7,ptf_bop,Cash,115138.65475473122
15,7,ptf_bop,Real Estate,142066.41621239635
15,7,ptf_bop,Precious Metals,35516.60405309909
15,7,ptf_bop,Bonds,213099.62431859455
15,7,ptf_bop,Crypto,35516.60405309909
15,7,ptf_bop,Stocks,284132.8324247927
15,7,ptf_eop,Cash,86917.22298183513
15,7,ptf_eop,Real Estate,142066.41621239632
15,7,ptf_eop,Precious Metals,35516.60405309908
15,7,ptf_eop,Bonds,213099.6243185945
15,7,ptf_eop,Crypto,35516.60405309908
15,7,ptf_eop,Stocks,284132.83242479264
15,7,ptf1,Cash,65138.65475473122
15,7,ptf1,Real Estate,142066.41621239635
15,7,ptf1,Precious Metals,35516.60405309909
15,7,ptf1,Bonds,213099.62431859455
15,7,ptf1,Crypto,35516.60405309909
15,7,ptf1,Stocks,284132.8324247927
15,7,ptf2,Cash,65138.65475473122
15,7,ptf2,Real Estate,142066.41621239635
15,7,ptf2,Precious Metals,35516.60405309909
15,7,ptf2,Bonds,213099.62431859452
15,7,ptf2,Crypto,35516.60405309909
15,7,ptf2,Stocks,284132.8324247927
15,7,ptf3,Cash,65138.65475473122
15,7,ptf3,Real Estate,101456.30905549844
15,7,ptf3,Precious Metals,34848.894787946796
15,7,ptf3,Bonds,219654.5385905602
15,7,ptf3,Crypto,27388.51116021262
15,7,ptf3,Stocks,348762.3956948675
15,7,ptf4,Cash,86917.22298183513
15,7,ptf4,Real Estate,101456.30905549844
15,7,ptf4,Precious Metals,34848.894787946796
15,7,ptf4,Bonds,197875.9703634563
15,7,ptf4,Crypto,27388.51116021262
15,7,ptf4,Stocks,348762.3956948675
15,7,ptf5,Cash,86917.22298183513
15,7,ptf5,Real Estate,142066.41621239632
15,7,ptf5,Precious Metals,35516.60405309908
15,7,ptf5,Bonds,213099.6243185945
15,7,ptf5,Crypto,35516.60405309908
15,7,ptf5,Stocks,284132.83242479264
15,7,returns,Cash,0.0
15,7,returns,Money Market,0.0355738420248351
15,7,returns,Bonds,0.030759858413291957
15,7,returns,Stocks,0.2274624960393539
15,7,returns,Crypto,-0.2288533239477108
15,7,returns,Precious Metals,-0.018799918600157586
15,7,returns,Real Estate,-0.28585297102296
15,7,contributions,,0.0
15,7,withdrawals,,50000.0
15,7,availableCash,,65138.65475473122
15,7,cashBuffer,,150000.0
15,7,cashDepletion,,50000.0
15,7,shortfall,,0.0
15,7,cashReplenishment,,21778.56822710391
15,7,financialGainLoss,,21778.56822710391
15,8,ptf_bop,Cash,86917.22298183513
15,8,ptf_bop,Real Estate,142066.41621239632
15,8,ptf_bop,Precious Metals,35516.60405309908
15,8,ptf_bop,Bonds,213099.6243185945
15,8,ptf_bop,Crypto,35516.60405309908
15,8,ptf_bop,Stocks,284132.83242479264
15,8,ptf_eop,Cash,36917.22298183513
15,8,ptf_eop,Real Estate,129813.99762668462
15,8,ptf_eop,Precious Metals,38488.6021782579
15,8,ptf_eop,Bonds,229544.1519975765
15,8,ptf_eop,Crypto,35748.999826794854
15,8,ptf_eop,Stocks,161125.18625361638
15,8,ptf1,Cash,36917.22298183513
15,8,ptf1,Real Estate,142066.41621239632
15,8,ptf1,Precious Metals,35516.60405309908
15,8,ptf1,Bonds,213099.6243185945
15,8,ptf1,Crypto,35516.60405309908
15,8,ptf1,Stocks,284132.83242479264
15,8,ptf2,Cash,36917.22298183513
15,8,ptf2,Real Estate,142066.41621239632
15,8,ptf2,Precious Metals,35516.60405309908
15,8,ptf2,Bonds,213099.6243185945
15,8,ptf2,Crypto,35516.60405309908
15,8,ptf2,Stocks,284132.83242479264
15,8,ptf3,Cash,36917.22298183513
15,8,ptf3,Real Estate,129813.99762668462
15,8,ptf3,Precious Metals,38488.6021782579
15,8,ptf3,Bonds,229544.1519975765
15,8,ptf3,Crypto,35748.999826794854
15,8,ptf3,Stocks,161125.18625361638
15,8,ptf4,Cash,36917.22298183513
15,8,ptf4,Real Estate,129813.99762668462
15,8,ptf4,Precious Metals,38488.6021782579
15,8,ptf4,Bonds,229544.1519975765
15,8,ptf4,Crypto,35748.999826794854
15,8,ptf4,Stocks,161125.18625361638
15,8,ptf5,Cash,36917.22298183513
15,8,ptf5,Real Estate,129813.99762668462
15,8,ptf5,Precious Metals,38488.6021782579
15,8,ptf5,Bonds,229544.1519975765
15,8,ptf5,Crypto,35748.999826794854
15,8,ptf5,Stocks,161125.18625361638
15,8,returns,Cash,0.0
15,8,returns,Money Market,0.06101960291430612
15,8,returns,Bonds,0.07716826217580089
15,8,returns,Stocks,-0.4329230280127351
15,8,returns,Crypto,0.006543299391696777
15,8,returns,Precious Metals,0.08367911866561155
15,8,returns,Real Estate,-0.0862442997604285
15,8,contributions,,0.0
15,8,withdrawals,,50000.0
15,8,availableCash,,36917.22298183513
15,8,cashBuffer,,150000.0
15,8,cashDepletion,,50000.0
15,8,shortfall,,0.0
15,8,cashReplenishment,,0
15,8,financialGainLoss,,-115611.14317905135
15,9,ptf_bop,Cash,36917.22298183513
15,9,ptf_bop,Real Estate,129813.99762668462
15,9,ptf_bop,Precious Metals,38488.6021782579
15,9,ptf_bop,Bonds,229544.1519975765
15,9,ptf_bop,Crypto,35748.999826794854
15,9,ptf_bop,Stocks,161125.18625361638
15,9,ptf_eop,Cash,108009.36942012177
15,9,ptf_eop,Real Estate,116327.63217295308
15,9,ptf_eop,Precious Metals,29081.90804323827
15,9,ptf_eop,Bonds,174491.44825942963
15,9,ptf_eop,Crypto,29081.90804323827
15,9,ptf_eop,Stocks,232655.26434590615
15,9,ptf1,Cash,0.0
15,9,ptf1,Real Estate,129813.99762668462
15,9,ptf1,Precious Metals,38488.6021782579
15,9,ptf1,Bonds,216461.37497941163
15,9,ptf1,Crypto,35748.999826794854
15,9,ptf1,Stocks,161125.18625361638
15,9,ptf2,Cash,0.0
15,9,ptf2,Real Estate,116327.63217295308
15,9,ptf2,Precious Metals,29081.90804323827
15,9,ptf2,Bonds,174491.44825942963
15,9,ptf2,Crypto,29081.90804323827
15,9,ptf2,Stocks,232655.26434590615
15,9,ptf3,Cash,0.0
15,9,ptf3,Real Estate,137224.8880525571
15,9,ptf3,Precious Metals,30961.44371247373
15,9,ptf3,Bonds,186831.05068952928
15,9,ptf3,Crypto,42418.664953775864
15,9,ptf3,Stocks,292211.48287655116
15,9,ptf4,Cash,108009.36942012177
15,9,ptf4,Real Estate,137224.8880525571
15,9,ptf4,Precious Metals,30961.44371247373
15,9,ptf4,Bonds,78821.6812694075
15,9,ptf4,Crypto,42418.664953775864
15,9,ptf4,Stocks,292211.48287655116
15,9,ptf5,Cash,108009.36942012177
15,9,ptf5,Real Estate,116327.63217295308
15,9,ptf5,Precious Metals,29081.90804323827
15,9,ptf5,Bonds,174491.44825942963
15,9,ptf5,Crypto,29081.90804323827
15,9,ptf5,Stocks,232655.26434590615
15,9,returns,Cash,0.0
15,9,returns,Money Market,-0.02423199274153305
15,9,returns,Bonds,0.07071751970190213
15,9,returns,Stocks,0.25598483102492076
15,9,returns,Crypto,0.4585929124976542
15,9,returns,Precious Metals,0.06462903556537679
15,9,returns,Real Estate,0.17964137573551306
15,9,contributions,,0.0
15,9,withdrawals,,50000.0
15,9,availableCash,,0.0
15,9,cashBuffer,,150000.0
15,9,cashDepletion,,36917.22298183513
15,9,shortfall,,13082.777018164867
15,9,cashReplenishment,,108009.36942012177
15,9,financialGainLoss,,108009.36942012177
15,10,ptf_bop,Cash,108009.36942012177
15,10,ptf_bop,Real Estate,116327.63217295308
15,10,ptf_bop,Precious Metals,29081.90804323827
15,10,ptf_bop,Bonds,174491.44825942963
15,10,ptf_bop,Crypto,29081.90804323827
15,10,ptf_bop,Stocks,232655.26434590615
15,10,ptf_eop,Cash,58009.36942012177
15,10,ptf_eop,Real Estate,73555.97656713826
15,10,ptf_eop,Precious Metals,32027.943327213157
15,10,ptf_eop,Bonds,172344.38124369198
15,10,ptf_eop,Crypto,41608.492609896675
15,10,ptf_eop,Stocks,208238.43115518958
15,10,ptf1,Cash,58009.36942012177
15,10,ptf1,Real Estate,116327.63217295308
15,10,ptf1,Precious Metals,29081.90804323827
15,10,ptf1,Bonds,174491.44825942963
15,10,ptf1,Crypto,29081.90804323827
15,10,ptf1,Stocks,232655.26434590615
15,10,ptf2,Cash,58009.36942012177
15,10,ptf2,Real Estate,116327.63217295308
15,10,ptf2,Precious Metals,29081.90804323827
15,10,ptf2,Bonds,174491.44825942963
15,10,ptf2,Crypto,29081.90804323827
15,10,ptf2,Stocks,232655.26434590615
15,10,ptf3,Cash,58009.36942012177
15,10,ptf3,Real Estate,73555.97656713826
15,10,ptf3,Precious Metals,32027.943327213157
15,10,ptf3,Bonds,172344.38124369198
15,10,ptf3,Crypto,41608.492609896675
15,10,ptf3,Stocks,208238.43115518958
15,10,ptf4,Cash,58009.36942012177
15,10,ptf4,Real Estate,73555.97656713826
15,10,ptf4,Precious Metals,32027.943327213157
15,10,ptf4,Bonds,172344.38124369198
15,10,ptf4,Crypto,41608.492609896675
15,10,ptf4,Stocks,208238.43115518958
15,10,ptf5,Cash,58009.36942012177
15,10,ptf5,Real Estate,73555.97656713826
15,10,ptf5,Precious Metals,32027.943327213157
15,10,ptf5,Bonds,172344.38124369198
15,10,ptf5,Crypto,41608.492609896675
15,10,ptf5,Stocks,208238.43115518958
15,10,returns,Cash,0.0
15,10,returns,Money Market,-0.01619577231586687
15,10,returns,Bonds,-0.012304711991073875
15,10,returns,Stocks,-0.10494855235432894
15,10,returns,Crypto,0.43073461851382616
15,10,returns,Precious Metals,0.10130130662660779
15,10,returns,Real Estate,-0.3676826804333382
15,10,contributions,,0.0
15,10,withdrawals,,50000.0
15,10,availableCash,,58009.36942012177
15,10,cashBuffer,,150000.0
15,10,cashDepletion,,50000.0
15,10,shortfall,,0.0
15,10,cashReplenishment,,0
15,10,financialGainLoss,,-53862.93596163578
15,11,ptf_bop,Cash,58009.36942012177
15,11,ptf_bop,Real Estate,73555.97656713826
15,11,ptf_bop,Precious Metals,32027.943327213157
15,11,ptf_bop,Bonds,172344.38124369198
15,11,ptf_bop,Crypto,41608.492609896675
15,11,ptf_bop,Stocks,208238.43115518958
15,11,ptf_eop,Cash,36858.093106901855
15,11,ptf_eop,Real Estate,105555.0449806259
15,11,ptf_eop,Precious Metals,26388.761245156475
15,11,ptf_eop,Bonds,158332.56747093887
15,11,ptf_eop,Crypto,26388.761245156475
15,11,ptf_eop,Stocks,211110.0899612518
15,11,ptf1,Cash,8009.369420121773
15,11,ptf1,Real Estate,73555.97656713826
15,11,ptf1,Precious Metals,32027.943327213157
15,11,ptf1,Bonds,172344.38124369198
15,11,ptf1,Crypto,41608.492609896675
15,11,ptf1,Stocks,208238.43115518958
15,11,ptf2,Cash,8009.369420121773
15,11,ptf2,Real Estate,105555.04498062591
15,11,ptf2,Precious Metals,26388.76124515648
15,11,ptf2,Bonds,158332.56747093887
15,11,ptf2,Crypto,26388.76124515648
15,11,ptf2,Stocks,211110.08996125183
15,11,ptf3,Cash,8009.369420121773
15,11,ptf3,Real Estate,105565.43936547762
15,11,ptf3,Precious Metals,27525.935112544932
15,11,ptf3,Bonds,171143.90311257087
15,11,ptf3,Crypto,24870.086429841995
15,11,ptf3,Stocks,227518.58456947425
15,11,ptf4,Cash,36858.093106901855
15,11,ptf4,Real Estate,105565.43936547762
15,11,ptf4,Precious Metals,27525.935112544932
15,11,ptf4,Bonds,142295.1794257908
15,11,ptf4,Crypto,24870.086429841995
15,11,ptf4,Stocks,227518.58456947425
15,11,ptf5,Cash,36858.093106901855
15,11,ptf5,Real Estate,105555.0449806259
15,11,ptf5,Precious Metals,26388.761245156475
15,11,ptf5,Bonds,158332.56747093887
15,11,ptf5,Crypto,26388.761245156475
15,11,ptf5,Stocks,211110.0899612518
15,11,returns,Cash,0.0
15,11,returns,Money Market,-0.0037442212181941336
15,11,returns,Bonds,0.08091409017278424
15,11,returns,Stocks,0.07772482410117929
15,11,returns,Crypto,-0.05755006084619566
15,11,returns,Precious Metals,0.04309311289089696
15,11,returns,Real Estate,9.847359596713013e-05
15,11,contributions,,0.0
15,11,withdrawals,,50000.0
15,11,availableCash,,8009.369420121773
15,11,cashBuffer,,150000.0
15,11,cashDepletion,,50000.0
15,11,shortfall,,0.0
15,11,cashReplenishment,,28848.723686780082
15,11,financialGainLoss,,28848.723686780082
15,12,ptf_bop,Cash,36858.093106901855
15,12,ptf_bop,Real Estate,105555.0449806259
15,12,ptf_bop,Precious Metals,26388.761245156475
15,12,ptf_bop,Bonds,158332.56747093887
15,12,ptf_bop,Crypto,26388.761245156475
15,12,ptf_bop,Stocks,211110.0899612518
15,12,ptf_eop,Cash,89487.3985296113
15,12,ptf_eop,Real Estate,102926.66360200629
15,12,ptf_eop,Precious Metals,25731.66590050157
15,12,ptf_eop,Bonds,154389.99540300944
15,12,ptf_eop,Crypto,25731.66590050157
15,12,ptf_eop,Stocks,205853.32720401257
15,12,ptf1,Cash,0.0
15,12,ptf1,Real Estate,105555.0449806259
15,12,ptf1,Precious Metals,26388.761245156475
15,12,ptf1,Bonds,145190.66057784072
15,12,ptf1,Crypto,26388.761245156475
15,12,ptf1,Stocks,211110.0899612518
15,12,ptf2,Cash,0.0
15,12,ptf2,Real Estate,102926.66360200627
15,12,ptf2,Precious Metals,25731.665900501568
15,12,ptf2,Bonds,154389.9954030094
15,12,ptf2,Crypto,25731.665900501568
15,12,ptf2,Stocks,205853.32720401254
15,12,ptf3,Cash,0.0
15,12,ptf3,Real Estate,98923.2775795193
15,12,ptf3,Precious Metals,32486.87568210792
15,12,ptf3,Bonds,154363.5836869102
15,12,ptf3,Crypto,33697.66709705965
15,12,ptf3,Stocks,284649.3124940456
15,12,ptf4,Cash,89487.3985296113
15,12,ptf4,Real Estate,98923.2775795193
15,12,ptf4,Precious Metals,32486.87568210792
15,12,ptf4,Bonds,64876.185157298896
15,12,ptf4,Crypto,33697.66709705965
15,12,ptf4,Stocks,284649.3124940456
15,12,ptf5,Cash,89487.3985296113
15,12,ptf5,Real Estate,102926.66360200629
15,12,ptf5,Precious Metals,25731.66590050157
15,12,ptf5,Bonds,154389.99540300944
15,12,ptf5,Crypto,25731.66590050157
15,12,ptf5,Stocks,205853.32720401257
15,12,returns,Cash,0.0
15,12,returns,Money Market,0.015887166710911657
15,12,returns,Bonds,-0.00017107142227894113
15,12,returns,Stocks,0.38277732189357166
15,12,returns,Crypto,0.30957969170596156
15,12,returns,Precious Metals,0.2625251628762472
15,12,returns,Real Estate,-0.03889551922101684
15,12,contributions,,0.0
15,12,withdrawals,,50000.0
15,12,availableCash,,0.0
15,12,cashBuffer,,150000.0
15,12,cashDepletion,,36858.093106901855
15,12,shortfall,,13141.906893098145
15,12,cashReplenishment,,89487.3985296113
15,12,financialGainLoss,,89487.3985296113
15,13,ptf_bop,Cash,89487.3985296113
15,13,ptf_bop,Real Estate,102926.66360200629
15,13,ptf_bop,Precious Metals,25731.66590050157
15,13,ptf_bop,Bonds,154389.99540300944
15,13,ptf_bop,Crypto,25731.66590050157
15,13,ptf_bop,Stocks,205853.32720401257
15,13,ptf_eop,Cash,39487.398529611295
15,13,ptf_eop,Real Estate,91190.7109011591
15,13,ptf_eop,Precious Metals,26569.944630678037
15,13,ptf_eop,Bonds,147672.2600779419
15,13,ptf_eop,Crypto,10056.927791920998
15,13,ptf_eop,Stocks,161915.017340915
15,13,ptf1,Cash,39487.398529611295
15,13,ptf1,Real Estate,102926.66360200629
15,13,ptf1,Precious Metals,25731.66590050157
15,13,ptf1,Bonds,154389.99540300944
15,13,ptf1,Crypto,25731.66590050157
15,13,ptf1,Stocks,205853.32720401257
15,13,ptf2,Cash,39487.398529611295
15,13,ptf2,Real Estate,102926.66360200629
15,13,ptf2,Precious Metals,25731.66590050157
15,13,ptf2,Bonds,154389.99540300944
15,13,ptf2,Crypto,25731.66590050157
15,13,ptf2,Stocks,205853.32720401257
15,13,ptf3,Cash,39487.398529611295
15,13,ptf3,Real Estate,91190.7109011591
15,13,ptf3,Precious Metals,26569.944630678037
15,13,ptf3,Bonds,147672.2600779419
15,13,ptf3,Crypto,10056.927791920998
15,13,ptf3,Stocks,161915.017340915
15,13,ptf4,Cash,39487.398529611295
15,13,ptf4,Real Estate,91190.7109011591
15,13,ptf4,Precious Metals,26569.944630678037
15,13,ptf4,Bonds,147672.2600779419
15,13,ptf4,Crypto,10056.927791920998
15,13,ptf4,Stocks,161915.017340915
15,13,ptf5,Cash,39487.398529611295
15,13,ptf5,Real Estate,91190.7109011591
15,13,ptf5,Precious Metals,26569.944630678037
15,13,ptf5,Bonds,147672.2600779419
15,13,ptf5,Crypto,10056.927791920998
15,13,ptf5,Stocks,161915.017340915
15,13,returns,Cash,0.0
15,13,returns,Money Market,0.06709736775674054
15,13,returns,Bonds,-0.04351146787414557
15,13,returns,Stocks,-0.2134447398052118
15,13,returns,Crypto,-0.6091614188211202
15,13,returns,Precious Metals,0.03257770924812636
15,13,returns,Real Estate,-0.1140224727989573
15,13,contributions,,0.0
15,13,withdrawals,,50000.0
15,13,availableCash,,39487.398529611295
15,13,cashBuffer,,150000.0
15,13,cashDepletion,,50000.0
15,13,shortfall,,0.0
15,13,cashReplenishment,,0
15,13,financialGainLoss,,-77228.45726741641
15,14,ptf_bop,Cash,39487.398529611295
15,14,ptf_bop,Real Estate,91190.7109011591
15,14,ptf_bop,Precious Metals,26569.944630678037
15,14,ptf_bop,Bonds,147672.2600779419
15,14,ptf_bop,Crypto,10056.927791920998
15,14,ptf_bop,Stocks,161915.017340915
15,14,ptf_eop,Cash,0.0
15,14,ptf_eop,Real Estate,92573.69717301507
15,14,ptf_eop,Precious Metals,22730.325511205607
15,14,ptf_eop,Bonds,131176.46126524202
15,14,ptf_eop,Crypto,13675.755701542168
15,14,ptf_eop,Stocks,144180.09585499603
15,14,ptf1,Cash,0.0
15,14,ptf1,Real Estate,91190.7109011591
15,14,ptf1,Precious Metals,26569.944630678037
15,14,ptf1,Bonds,137159.6586075532
15,14,ptf1,Crypto,10056.927791920998
15,14,ptf1,Stocks,161915.017340915
15,14,ptf2,Cash,0.0
15,14,ptf2,Real Estate,85378.45185444526
15,14,ptf2,Precious Metals,21344.612963611315
15,14,ptf2,Bonds,128067.6777816679
15,14,ptf2,Crypto,21344.612963611315
15,14,ptf2,Stocks,170756.90370889052
15,14,ptf3,Cash,0.0
15,14,ptf3,Real Estate,92573.69717301507
15,14,ptf3,Precious Metals,22730.325511205607
15,14,ptf3,Bonds,131176.46126524202
15,14,ptf3,Crypto,13675.755701542168
15,14,ptf3,Stocks,144180.09585499603
15,14,ptf4,Cash,0.0
15,14,ptf4,Real Estate,92573.69717301507
15,14,ptf4,Precious Metals,22730.325511205607
15,14,ptf4,Bonds,131176.46126524202
15,14,ptf4,Crypto,13675.755701542168
15,14,ptf4,Stocks,144180.09585499603
15,14,ptf5,Cash,0.0
15,14,ptf5,Real Estate,92573.69717301507
15,14,ptf5,Precious Metals,22730.325511205607
15,14,ptf5,Bonds,131176.46126524202
15,14,ptf5,Crypto,13675.755701542168
15,14,ptf5,Stocks,144180.09585499603
15,14,returns,Cash,0.0
15,14,returns,Money Market,0.03171577401712995
15,14,returns,Bonds,0.024274536225088798
15,14,returns,Stocks,-0.15564119093657916
15,14,returns,Crypto,-0.359287717005839
15,14,returns,Precious Metals,0.06492094984138064
15,14,returns,Real Estate,0.08427472227812709
15,14,contributions,,0.0
15,14,withdrawals,,50000.0
15,14,availableCash,,0.0
15,14,cashBuffer,,150000.0
15,14,cashDepletion,,39487.398529611295
15,14,shortfall,,10512.601470388705
15,14,cashReplenishment,,0
15,14,financialGainLoss,,-22555.9237662254
15,15,ptf_bop,Cash,0.0
15,15,ptf_bop,Real Estate,92573.69717301507
15,15,ptf_bop,Precious Metals,22730.325511205607
15,15,ptf_bop,Bonds,131176.46126524202
15,15,ptf_bop,Crypto,13675.755701542168
15,15,ptf_bop,Stocks,144180.09585499603
15,15,ptf_eop,Cash,12739.527469060791
15,15,ptf_eop,Real Estate,70867.26710120018
15,15,ptf_eop,Precious Metals,17716.816775300045
15,15,ptf_eop,Bonds,106300.90065180027
15,15,ptf_eop,Crypto,17716.816775300045
15,15,ptf_eop,Stocks,141734.53420240036
15,15,ptf1,Cash,0.0
15,15,ptf1,Real Estate,92573.69717301507
15,15,ptf1,Precious Metals,22730.325511205607
15,15,ptf1,Bonds,81176.46126524202
15,15,ptf1,Crypto,13675.755701542168
15,15,ptf1,Stocks,144180.09585499603
15,15,ptf2,Cash,0.0
15,15,ptf2,Real Estate,70867.26710120018
15,15,ptf2,Precious Metals,17716.816775300045
15,15,ptf2,Bonds,106300.90065180027
15,15,ptf2,Crypto,17716.816775300045
15,15,ptf2,Stocks,141734.53420240036
15,15,ptf3,Cash,0.0
15,15,ptf3,Real Estate,79273.28337040238
15,15,ptf3,Precious Metals,19196.76502462538
15,15,ptf3,Bonds,106691.30557214427
15,15,ptf3,Crypto,10911.684625788634
15,15,ptf3,Stocks,151002.82438210104
15,15,ptf4,Cash,12739.527469060791
15,15,ptf4,Real Estate,79273.28337040238
15,15,ptf4,Precious Metals,19196.76502462538
15,15,ptf4,Bonds,93951.77810308347
15,15,ptf4,Crypto,10911.684625788634
15,15,ptf4,Stocks,151002.82438210104
15,15,ptf5,Cash,12739.527469060791
15,15,ptf5,Real Estate,70867.26710120018
15,15,ptf5,Precious Metals,17716.816775300045
15,15,ptf5,Bonds,106300.90065180027
15,15,ptf5,Crypto,17716.816775300045
15,15,ptf5,Stocks,141734.53420240036
15,15,returns,Cash,0.0
15,15,returns,Money Market,-0.006025553357729998
15,15,returns,Bonds,0.003672639817256078
15,15,returns,Stocks,0.06539189783109124
15,15,returns,Crypto,-0.38410580387097576
15,15,returns,Precious Metals,0.08353353021004374
15,15,returns,Real Estate,0.11861634592453234
15,15,contributions,,0.0
15,15,withdrawals,,50000.0
15,15,availableCash,,0.0
15,15,cashBuffer,,150000.0
15,15,cashDepletion,,0.0
15,15,shortfall,,50000.0
15,15,cashReplenishment,,12739.527469060791
15,15,financialGainLoss,,12739.527469060791
15,16,ptf_bop,Cash,12739.527469060791
15,16,ptf_bop,Real Estate,70867.26710120018
15,16,ptf_bop,Precious Metals,17716.816775300045
15,16,ptf_bop,Bonds,106300.90065180027
15,16,ptf_bop,Crypto,17716.816775300045
15,16,ptf_bop,Stocks,141734.53420240036
15,16,ptf_eop,Cash,0.0
15,16,ptf_eop,Real Estate,65508.116020446716
15,16,ptf_eop,Precious Metals,20330.70897483199
15,16,ptf_eop,Bonds,98690.26903557945
15,16,ptf_eop,Crypto,17425.01957937053
15,16,ptf_eop,Stocks,113008.102844599
15,16,ptf1,Cash,0.0
15,16,ptf1,Real Estate,70867.26710120018
15,16,ptf1,Precious Metals,17716.816775300045
15,16,ptf1,Bonds,69040.42812086106
15,16,ptf1,Crypto,17716.816775300045
15,16,ptf1,Stocks,141734.53420240036
15,16,ptf2,Cash,0.0
15,16,ptf2,Real Estate,63415.17259501234
15,16,ptf2,Precious Metals,15853.793148753084
15,16,ptf2,Bonds,95122.75889251851
15,16,ptf2,Crypto,15853.793148753084
15,16,ptf2,Stocks,126830.34519002467
15,16,ptf3,Cash,0.0
15,16,ptf3,Real Estate,65508.116020446716
15,16,ptf3,Precious Metals,20330.70897483199
15,16,ptf3,Bonds,98690.26903557945
15,16,ptf3,Crypto,17425.01957937053
15,16,ptf3,Stocks,113008.102844599
15,16,ptf4,Cash,0.0
15,16,ptf4,Real Estate,65508.116020446716
15,16,ptf4,Precious Metals,20330.70897483199
15,16,ptf4,Bonds,98690.26903557945
15,16,ptf4,Crypto,17425.01957937053
15,16,ptf4,Stocks,113008.102844599
15,16,ptf5,Cash,0.0
15,16,ptf5,Real Estate,65508.116020446716
15,16,ptf5,Precious Metals,20330.70897483199
15,16,ptf5,Bonds,98690.26903557945
15,16,ptf5,Crypto,17425.01957937053
15,16,ptf5,Stocks,113008.102844599
15,16,returns,Cash,0.0
15,16,returns,Money Market,-0.024722848079268958
15,16,returns,Bonds,0.037504275365813966
15,16,returns,Stocks,-0.10898213928785246
15,16,returns,Crypto,0.09910728718830451
15,16,returns,Precious Metals,0.2823876774518796
15,16,returns,Real Estate,0.03300382762971435
15,16,contributions,,0.0
15,16,withdrawals,,50000.0
15,16,availableCash,,0.0
15,16,cashBuffer,,150000.0
15,16,cashDepletion,,12739.527469060791
15,16,shortfall,,37260.47253093921
15,16,cashReplenishment,,0
15,16,financialGainLoss,,-2113.646520234004
15,17,ptf_bop,Cash,0.0
15,17,ptf_bop,Real Estate,65508.116020446716
15,17,ptf_bop,Precious Metals,20330.70897483199
15,17,ptf_bop,Bonds,98690.26903557945
15,17,ptf_bop,Crypto,17425.01957937053
15,17,ptf_bop,Stocks,113008.102844599
15,17,ptf_eop,Cash,0.0
15,17,ptf_eop,Real Estate,60133.51187393494
15,17,ptf_eop,Precious Metals,12929.86331895629
15,17,ptf_eop,Bonds,77020.50182751071
15,17,ptf_eop,Crypto,8767.950753780906
15,17,ptf_eop,Stocks,99902.12924329881
15,17,ptf1,Cash,0.0
15,17,ptf1,Real Estate,65508.116020446716
15,17,ptf1,Precious Metals,20330.70897483199
15,17,ptf1,Bonds,48690.26903557945
15,17,ptf1,Crypto,17425.01957937053
15,17,ptf1,Stocks,113008.102844599
15,17,ptf2,Cash,0.0
15,17,ptf2,Real Estate,52992.44329096554
15,17,ptf2,Precious Metals,13248.110822741384
15,17,ptf2,Bonds,79488.6649364483
15,17,ptf2,Crypto,13248.110822741384
15,17,ptf2,Stocks,105984.88658193107
15,17,ptf3,Cash,0.0
15,17,ptf3,Real Estate,60133.51187393494
15,17,ptf3,Precious Metals,12929.86331895629
15,17,ptf3,Bonds,77020.50182751071
15,17,ptf3,Crypto,8767.950753780906
15,17,ptf3,Stocks,99902.12924329881
15,17,ptf4,Cash,0.0
15,17,ptf4,Real Estate,60133.51187393494
15,17,ptf4,Precious Metals,12929.86331895629
15,17,ptf4,Bonds,77020.50182751071
15,17,ptf4,Crypto,8767.950753780906
15,17,ptf4,Stocks,99902.12924329881
15,17,ptf5,Cash,0.0
15,17,ptf5,Real Estate,60133.51187393494
15,17,ptf5,Precious Metals,12929.86331895629
15,17,ptf5,Bonds,77020.50182751071
15,17,ptf5,Crypto,8767.950753780906
15,17,ptf5,Stocks,99902.12924329881
15,17,returns,Cash,0.0
15,17,returns,Money Market,-0.05413431487146565
15,17,returns,Bonds,-0.03105050400470174
15,17,returns,Stocks,-0.05739268621031174
15,17,returns,Crypto,-0.3381735048041676
15,17,returns,Precious Metals,-0.0240221045885878
15,17,returns,Real Estate,0.13475635655748036
15,17,contributions,,0.0
15,17,withdrawals,,50000.0
15,17,availableCash,,0.0
15,17,cashBuffer,,150000.0
15,17,cashDepletion,,0.0
15,17,shortfall,,50000.0
15,17,cashReplenishment,,0
15,17,financialGainLoss,,-6208.259437346045
15,18,ptf_bop,Cash,0.0
15,18,ptf_bop,Real Estate,60133.51187393494
15,18,ptf_bop,Precious Metals,12929.86331895629
15,18,ptf_bop,Bonds,77020.50182751071
15,18,ptf_bop,Crypto,8767.950753780906
15,18,ptf_bop,Stocks,99902.12924329881
15,18,ptf_eop,Cash,4846.909725774953
15,18,ptf_eop,Real Estate,41750.79140349633
15,18,ptf_eop,Precious Metals,10437.697850874083
15,18,ptf_eop,Bonds,62626.1871052445
15,18,ptf_eop,Crypto,10437.697850874083
15,18,ptf_eop,Stocks,83501.58280699266
15,18,ptf1,Cash,0.0
15,18,ptf1,Real Estate,60133.51187393494
15,18,ptf1,Precious Metals,12929.86331895629
15,18,ptf1,Bonds,27020.501827510714
15,18,ptf1,Crypto,8767.950753780906
15,18,ptf1,Stocks,99902.12924329881
15,18,ptf2,Cash,0.0
15,18,ptf2,Real Estate,41750.79140349633
15,18,ptf2,Precious Metals,10437.697850874083
15,18,ptf2,Bonds,62626.18710524449
15,18,ptf2,Crypto,10437.697850874083
15,18,ptf2,Stocks,83501.58280699266
15,18,ptf3,Cash,0.0
15,18,ptf3,Real Estate,44172.07183932898
15,18,ptf3,Precious Metals,12027.08769436805
15,18,ptf3,Bonds,67635.21652177208
15,18,ptf3,Crypto,9710.445161900647
15,18,ptf3,Stocks,80056.04552588686
15,18,ptf4,Cash,4846.909725774953
15,18,ptf4,Real Estate,44172.07183932898
15,18,ptf4,Precious Metals,12027.08769436805
15,18,ptf4,Bonds,62788.30679599712
15,18,ptf4,Crypto,9710.445161900647
15,18,ptf4,Stocks,80056.04552588686
15,18,ptf5,Cash,4846.909725774953
15,18,ptf5,Real Estate,41750.79140349633
15,18,ptf5,Precious Metals,10437.697850874083
15,18,ptf5,Bonds,62626.1871052445
15,18,ptf5,Crypto,10437.697850874083
15,18,ptf5,Stocks,83501.58280699266
15,18,returns,Cash,0.0
15,18,returns,Money Market,0.0017567397134954355
15,18,returns,Bonds,0.07998298552185223
15,18,returns,Stocks,-0.041263137359562344
15,18,returns,Crypto,-0.06967558357828237
15,18,returns,Precious Metals,0.1522739847619623
15,18,returns,Real Estate,0.05799364166375734
15,18,contributions,,0.0
15,18,withdrawals,,50000.0
15,18,availableCash,,0.0
15,18,cashBuffer,,150000.0
15,18,cashDepletion,,0.0
15,18,shortfall,,50000.0
15,18,cashReplenishment,,4846.909725774953
15,18,financialGainLoss,,4846.909725774953
15,19,ptf_bop,Cash,4846.909725774953
15,19,ptf_bop,Real Estate,41750.79140349633
15,19,ptf_bop,Precious Metals,10437.697850874083
15,19,ptf_bop,Bonds,62626.1871052445
15,19,ptf_bop,Crypto,10437.697850874083
15,19,ptf_bop,Stocks,83501.58280699266
15,19,ptf_eop,Cash,15891.128859573015
15,19,ptf_eop,Real Estate,32720.17334865132
15,19,ptf_eop,Precious Metals,8180.04333716283
15,19,ptf_eop,Bonds,49080.260022976974
15,19,ptf_eop,Crypto,8180.04333716283
15,19,ptf_eop,Stocks,65440.34669730264
15,19,ptf1,Cash,0.0
15,19,ptf1,Real Estate,41750.79140349633
15,19,ptf1,Precious Metals,10437.697850874083
15,19,ptf1,Bonds,17473.09683101945
15,19,ptf1,Crypto,10437.697850874083
15,19,ptf1,Stocks,83501.58280699266
15,19,ptf2,Cash,0.0
15,19,ptf2,Real Estate,32720.173348651322
15,19,ptf2,Precious Metals,8180.0433371628305
15,19,ptf2,Bonds,49080.26002297699
15,19,ptf2,Crypto,8180.0433371628305
15,19,ptf2,Stocks,65440.346697302644
15,19,ptf3,Cash,0.0
15,19,ptf3,Real Estate,44335.48934071104
15,19,ptf3,Precious Metals,8092.771650800714
15,19,ptf3,Bonds,52215.55341118239
15,19,ptf3,Crypto,9567.934463383383
15,19,ptf3,Stocks,65280.24673675209
15,19,ptf4,Cash,15891.128859573015
15,19,ptf4,Real Estate,44335.48934071104
15,19,ptf4,Precious Metals,8092.771650800714
15,19,ptf4,Bonds,36324.42455160937
15,19,ptf4,Crypto,9567.934463383383
15,19,ptf4,Stocks,65280.24673675209
15,19,ptf5,Cash,15891.128859573015
15,19,ptf5,Real Estate,32720.17334865132
15,19,ptf5,Precious Metals,8180.04333716283
15,19,ptf5,Bonds,49080.260022976974
15,19,ptf5,Crypto,8180.04333716283
15,19,ptf5,Stocks,65440.34669730264
15,19,returns,Cash,0.0
15,19,returns,Money Market,-0.021090881425961227
15,19,returns,Bonds,0.06388094494074822
15,19,returns,Stocks,-0.0024465023281601095
15,19,returns,Crypto,0.169667942945389
15,19,returns,Precious Metals,-0.01066885379025214
15,19,returns,Real Estate,0.35498943933738325
15,19,contributions,,0.0
15,19,withdrawals,,50000.0
15,19,availableCash,,0.0
15,19,cashBuffer,,150000.0
15,19,cashDepletion,,4846.909725774953
15,19,shortfall,,45153.09027422505
15,19,cashReplenishment,,15891.128859573015
15,19,financialGainLoss,,15891.128859573015
15,20,ptf_bop,Cash,15891.128859573015
15,20,ptf_bop,Real Estate,32720.17334865132
15,20,ptf_bop,Precious Metals,8180.04333716283
15,20,ptf_bop,Bonds,49080.260022976974
15,20,ptf_bop,Crypto,8180.04333716283
15,20,ptf_bop,Stocks,65440.34669730264
15,20,ptf_eop,Cash,12630.89624393743
15,20,ptf_eop,Real Estate,25898.39912056592
15,20,ptf_eop,Precious Metals,6474.59978014148
15,20,ptf_eop,Bonds,38847.59868084888
15,20,ptf_eop,Crypto,6474.59978014148
15,20,ptf_eop,Stocks,51796.79824113184
15,20,ptf1,Cash,0.0
15,20,ptf1,Real Estate,32720.17334865132
15,20,ptf1,Precious Metals,8180.04333716283
15,20,ptf1,Bonds,14971.388882549989
15,20,ptf1,Crypto,8180.04333716283
15,20,ptf1,Stocks,65440.34669730264
15,20,ptf2,Cash,0.0
15,20,ptf2,Real Estate,25898.399120565922
15,20,ptf2,Precious Metals,6474.599780141481
15,20,ptf2,Bonds,38847.59868084888
15,20,ptf2,Crypto,6474.599780141481
15,20,ptf2,Stocks,51796.798241131844
15,20,ptf3,Cash,0.0
15,20,ptf3,Real Estate,27876.588229124038
15,20,ptf3,Precious Metals,4964.820855865996
15,20,ptf3,Bonds,40347.44647780331
15,20,ptf3,Crypto,6699.526384390499
15,20,ptf3,Stocks,62234.509899583194
15,20,ptf4,Cash,12630.89624393743
15,20,ptf4,Real Estate,27876.588229124038
15,20,ptf4,Precious Metals,4964.820855865996
15,20,ptf4,Bonds,27716.550233865877
15,20,ptf4,Crypto,6699.526384390499
15,20,ptf4,Stocks,62234.509899583194
15,20,ptf5,Cash,12630.89624393743
15,20,ptf5,Real Estate,25898.39912056592
15,20,ptf5,Precious Metals,6474.59978014148
15,20,ptf5,Bonds,38847.59868084888
15,20,ptf5,Crypto,6474.59978014148
15,20,ptf5,Stocks,51796.79824113184
15,20,returns,Cash,0.0
15,20,returns,Money Market,0.019439803094181977
15,20,returns,Bonds,0.03860850729221057
15,20,returns,Stocks,0.20151268056879165
15,20,returns,Crypto,0.034739846768428784
15,20,returns,Precious Metals,-0.23318490339838327
15,20,returns,Real Estate,0.07638267907406057
15,20,contributions,,0.0
15,20,withdrawals,,50000.0
15,20,availableCash,,0.0
15,20,cashBuffer,,150000.0
15,20,cashDepletion,,15891.128859573015
15,20,shortfall,,34108.871140426985
15,20,cashReplenishment,,12630.89624393743
15,20,financialGainLoss,,12630.89624393743
16,1,ptf_bop,Cash,150000.0
16,1,ptf_bop,Real Estate,170000.0
16,1,ptf_bop,Precious Metals,42500.0
16,1,ptf_bop,Bonds,255000.0
16,1,ptf_bop,Crypto,42500.0
16,1,ptf_bop,Stocks,340000.0
16,1,ptf_eop,Cash,100000.0
16,1,ptf_eop,Real Estate,163834.78117585793
16,1,ptf_eop,Precious Metals,31156.65971657642
16,1,ptf_eop,Bonds,218819.1757290407
16,1,ptf_eop,Crypto,11808.89310255933
16,1,ptf_eop,Stocks,354813.2152141963
16,1,ptf1,Cash,100000.0
16,1,ptf1,Real Estate,170000.0
16,1,ptf1,Precious Metals,42500.0
16,1,ptf1,Bonds,255000.0
16,1,ptf1,Crypto,42500.0
16,1,ptf1,Stocks,340000.0
16,1,ptf2,Cash,100000.0
16,1,ptf2,Real Estate,170000.0
16,1,ptf2,Precious Metals,42500.0
16,1,ptf2,Bonds,255000.0
16,1,ptf2,Crypto,42500.0
16,1,ptf2,Stocks,340000.0
16,1,ptf3,Cash,100000.0
16,1,ptf3,Real Estate,163834.78117585793
16,1,ptf3,Precious Metals,31156.65971657642
16,1,ptf3,Bonds,218819.1757290407
16,1,ptf3,Crypto,11808.89310255933
16,1,ptf3,Stocks,354813.2152141963
16,1,ptf4,Cash,100000.0
16,1,ptf4,Real Estate,163834.78117585793
16,1,ptf4,Precious Metals,31156.65971657642
16,1,ptf4,Bonds,218819.1757290407
16,1,ptf4,Crypto,11808.89310255933
16,1,ptf4,Stocks,354813.2152141963
16,1,ptf5,Cash,100000.0
16,1,ptf5,Real Estate,163834.78117585793
16,1,ptf5,Precious Metals,31156.65971657642
16,1,ptf5,Bonds,218819.1757290407
16,1,ptf5,Crypto,11808.89310255933
16,1,ptf5,Stocks,354813.2152141963
16,1,returns,Cash,0.0
16,1,returns,Money Market,-0.07417174494133137
16,1,returns,Bonds,-0.14188558537631107
16,1,returns,Stocks,0.0435682800417539
16,1,returns,Crypto,-0.7221436917044863
16,1,returns,Precious Metals,-0.26690212431584887
16,1,returns,Real Estate,-0.03626599308318869
16,1,contributions,,0.0
16,1,withdrawals,,50000.0
16,1,availableCash,,100000.0
16,1,cashBuffer,,150000.0
16,1,cashDepletion,,50000.0
16,1,shortfall,,0.0
16,1,cashReplenishment,,0
16,1,financialGainLoss,,-69567.27506176941
16,2,ptf_bop,Cash,100000.0
16,2,ptf_bop,Real Estate,163834.78117585793
16,2,ptf_bop,Precious Metals,31156.65971657642
16,2,ptf_bop,Bonds,218819.1757290407
16,2,ptf_bop,Crypto,11808.89310255933
16,2,ptf_bop,Stocks,354813.2152141963
16,2,ptf_eop,Cash,50000.0
16,2,ptf_eop,Real Estate,147294.96151754327
16,2,ptf_eop,Precious Metals,33975.69587690257
16,2,ptf_eop,Bonds,240998.74779746804
16,2,ptf_eop,Crypto,15914.906498549557
16,2,ptf_eop,Stocks,266014.06219340034
16,2,ptf1,Cash,50000.0
16,2,ptf1,Real Estate,163834.78117585793
16,2,ptf1,Precious Metals,31156.65971657642
16,2,ptf1,Bonds,218819.1757290407
16,2,ptf1,Crypto,11808.89310255933
16,2,ptf1,Stocks,354813.2152141963
16,2,ptf2,Cash,50000.0
16,2,ptf2,Real Estate,156086.54498764616
16,2,ptf2,Precious Metals,39021.63624691154
16,2,ptf2,Bonds,234129.81748146925
16,2,ptf2,Crypto,39021.63624691154
16,2,ptf2,Stocks,312173.0899752923
16,2,ptf3,Cash,50000.0
16,2,ptf3,Real Estate,147294.96151754327
16,2,ptf3,Precious Metals,33975.69587690257
16,2,ptf3,Bonds,240998.74779746804
16,2,ptf3,Crypto,15914.906498549557
16,2,ptf3,Stocks,266014.06219340034
16,2,ptf4,Cash,50000.0
16,2,ptf4,Real Estate,147294.96151754327
16,2,ptf4,Precious Metals,33975.69587690257
16,2,ptf4,Bonds,240998.74779746804
16,2,ptf4,Crypto,15914.906498549557
16,2,ptf4,Stocks,266014.06219340034
16,2,ptf5,Cash,50000.0
16,2,ptf5,Real Estate,147294.96151754327
16,2,ptf5,Precious Metals,33975.69587690257
16,2,ptf5,Bonds,240998.74779746804
16,2,ptf5,Crypto,15914.906498549557
16,2,ptf5,Stocks,266014.06219340034
16,2,returns,Cash,0.0
16,2,returns,Money Market,0.044111522572165426
16,2,returns,Bonds,0.02933812698394326
16,2,returns,Stocks,-0.14786357076949003
16,2,returns,Crypto,-0.5921517386445019
16,2,returns,Precious Metals,-0.12931134763495059
16,2,returns,Real Estate,-0.056325056530649176
16,2,contributions,,0.0
16,2,withdrawals,,50000.0
16,2,availableCash,,50000.0
16,2,cashBuffer,,150000.0
16,2,cashDepletion,,50000.0
16,2,shortfall,,0.0
16,2,cashReplenishment,,0
16,2,financialGainLoss,,-76234.35105436703
16,3,ptf_bop,Cash,50000.0
16,3,ptf_bop,Real Estate,147294.96151754327
16,3,ptf_bop,Precious Metals,33975.69587690257
16,3,ptf_bop,Bonds,240998.74779746804
16,3,ptf_bop,Crypto,15914.906498549557
16,3,ptf_bop,Stocks,266014.06219340034
16,3,ptf_eop,Cash,24849.835780734196
16,3,ptf_eop,Real Estate,140839.67477677274
16,3,ptf_eop,Precious Metals,35209.918694193184
16,3,ptf_eop,Bonds,211259.5121651591
16,3,ptf_eop,Crypto,35209.918694193184
16,3,ptf_eop,Stocks,281679.3495535455
16,3,ptf1,Cash,0.0
16,3,ptf1,Real Estate,147294.96151754327
16,3,ptf1,Precious Metals,33975.69587690257
16,3,ptf1,Bonds,240998.74779746804
16,3,ptf1,Crypto,15914.906498549557
16,3,ptf1,Stocks,266014.06219340034
16,3,ptf2,Cash,0.0
16,3,ptf2,Real Estate,140839.67477677276
16,3,ptf2,Precious Metals,35209.91869419319
16,3,ptf2,Bonds,211259.51216515913
16,3,ptf2,Crypto,35209.91869419319
16,3,ptf2,Stocks,281679.34955354553
16,3,ptf3,Cash,0.0
16,3,ptf3,Real Estate,154435.51523317088
16,3,ptf3,Precious Metals,36350.59423158593
16,3,ptf3,Bonds,199477.75092369172
16,3,ptf3,Crypto,38502.40695444126
16,3,ptf3,Stocks,300281.9423217082
16,3,ptf4,Cash,24849.835780734196
16,3,ptf4,Real Estate,154435.51523317088
16,3,ptf4,Precious Metals,36350.59423158593
16,3,ptf4,Bonds,174627.91514295753
16,3,ptf4,Crypto,38502.40695444126
16,3,ptf4,Stocks,300281.9423217082
16,3,ptf5,Cash,24849.835780734196
16,3,ptf5,Real Estate,140839.67477677274
16,3,ptf5,Precious Metals,35209.918694193184
16,3,ptf5,Bonds,211259.5121651591
16,3,ptf5,Crypto,35209.918694193184
16,3,ptf5,Stocks,281679.3495535455
16,3,returns,Cash,0.0
16,3,returns,Money Market,0.005983285326904722
16,3,returns,Bonds,-0.05576913967431972
16,3,returns,Stocks,0.06604173432538554
16,3,returns,Crypto,0.09351024888310981
16,3,returns,Precious Metals,0.032396426339401145
16,3,returns,Real Estate,0.09653416537596497
16,3,contributions,,0.0
16,3,withdrawals,,50000.0
16,3,availableCash,,0.0
16,3,cashBuffer,,150000.0
16,3,cashDepletion,,50000.0
16,3,shortfall,,0.0
16,3,cashReplenishment,,24849.835780734196
16,3,financialGainLoss,,24849.835780734196
16,4,ptf_bop,Cash,24849.835780734196
16,4,ptf_bop,Real Estate,140839.67477677274
16,4,ptf_bop,Precious Metals,35209.918694193184
16,4,ptf_bop,Bonds,211259.5121651591
16,4,ptf_bop,Crypto,35209.918694193184
16,4,ptf_bop,Stocks,281679.3495535455
16,4,ptf_eop,Cash,46302.7431640469
16,4,ptf_eop,Real Estate,135809.6419329196
16,4,ptf_eop,Precious Metals,33952.4104832299
16,4,ptf_eop,Bonds,203714.46289937934
16,4,ptf_eop,Crypto,33952.4104832299
16,4,ptf_eop,Stocks,271619.2838658392
16,4,ptf1,Cash,0.0
16,4,ptf1,Real Estate,140839.67477677274
16,4,ptf1,Precious Metals,35209.918694193184
16,4,ptf1,Bonds,186109.3479458933
16,4,ptf1,Crypto,35209.918694193184
16,4,ptf1,Stocks,281679.3495535455
16,4,ptf2,Cash,0.0
16,4,ptf2,Real Estate,135809.6419329196
16,4,ptf2,Precious Metals,33952.4104832299
16,4,ptf2,Bonds,203714.46289937934
16,4,ptf2,Crypto,33952.4104832299
16,4,ptf2,Stocks,271619.2838658392
16,4,ptf3,Cash,0.0
16,4,ptf3,Real Estate,144192.7191253359
16,4,ptf3,Precious Metals,38542.38873537562
16,4,ptf3,Bonds,244293.69337591104
16,4,ptf3,Crypto,37538.43660331751
16,4,ptf3,Stocks,260783.71498870465
16,4,ptf4,Cash,46302.7431640469
16,4,ptf4,Real Estate,144192.7191253359
16,4,ptf4,Precious Metals,38542.38873537562
16,4,ptf4,Bonds,197990.95021186414
16,4,ptf4,Crypto,37538.43660331751
16,4,ptf4,Stocks,260783.71498870465
16,4,ptf5,Cash,46302.7431640469
16,4,ptf5,Real Estate,135809.6419329196
16,4,ptf5,Precious Metals,33952.4104832299
16,4,ptf5,Bonds,203714.46289937934
16,4,ptf5,Crypto,33952.4104832299
16,4,ptf5,Stocks,271619.2838658392
16,4,returns,Cash,0.0
16,4,returns,Money Market,0.0764474057401918
16,4,returns,Bonds,0.19919661028964342
16,4,returns,Stocks,-0.03989248746597294
16,4,returns,Crypto,0.10561919077465369
16,4,returns,Precious Metals,0.1351885826902586
16,4,returns,Real Estate,0.06172667178194126
16,4,contributions,,0.0
16,4,withdrawals,,50000.0
16,4,availableCash,,0.0
16,4,cashBuffer,,150000.0
16,4,cashDepletion,,24849.835780734196
16,4,shortfall,,25150.164219265804
16,4,cashReplenishment,,46302.7431640469
16,4,financialGainLoss,,46302.7431640469
16,5,ptf_bop,Cash,46302.7431640469
16,5,ptf_bop,Real Estate,135809.6419329196
16,5,ptf_bop,Precious Metals,33952.4104832299
16,5,ptf_bop,Bonds,203714.46289937934
16,5,ptf_bop,Crypto,33952.4104832299
16,5,ptf_bop,Stocks,271619.2838658392
16,5,ptf_eop,Cash,5341.381014958839
16,5,ptf_eop,Real Estate,135070.19056572896
16,5,ptf_eop,Precious Metals,33767.54764143224
16,5,ptf_eop,Bonds,202605.28584859343
16,5,ptf_eop,Crypto,33767.54764143224
16,5,ptf_eop,Stocks,270140.3811314579
16,5,ptf1,Cash,0.0
16,5,ptf1,Real Estate,135809.6419329196
16,5,ptf1,Precious Metals,33952.4104832299
16,5,ptf1,Bonds,200017.20606342625
16,5,ptf1,Crypto,33952.4104832299
16,5,ptf1,Stocks,271619.2838658392
16,5,ptf2,Cash,0.0
16,5,ptf2,Real Estate,135070.19056572896
16,5,ptf2,Precious Metals,33767.54764143224
16,5,ptf2,Bonds,202605.28584859346
16,5,ptf2,Crypto,33767.54764143224
16,5,ptf2,Stocks,270140.3811314579
16,5,ptf3,Cash,0.0
16,5,ptf3,Real Estate,132739.79825982632
16,5,ptf3,Precious Metals,27650.276685567733
16,5,ptf3,Bonds,213518.79226395002
16,5,ptf3,Crypto,24977.30324491494
16,5,ptf3,Stocks,281806.16338934464
16,5,ptf4,Cash,5341.381014958839
16,5,ptf4,Real Estate,132739.79825982632
16,5,ptf4,Precious Metals,27650.276685567733
16,5,ptf4,Bonds,208177.41124899118
16,5,ptf4,Crypto,24977.30324491494
16,5,ptf4,Stocks,281806.16338934464
16,5,ptf5,Cash,5341.381014958839
16,5,ptf5,Real Estate,135070.19056572896
16,5,ptf5,Precious Metals,33767.54764143224
16,5,ptf5,Bonds,202605.28584859343
16,5,ptf5,Crypto,33767.54764143224
16,5,ptf5,Stocks,270140.3811314579
16,5,returns,Cash,0.0
16,5,returns,Money Market,0.025622528961042806
16,5,returns,Bonds,0.05386585236237238
16,5,returns,Stocks,0.04318414821592274
16,5,returns,Crypto,-0.2603163395179996
16,5,returns,Precious Metals,-0.18115828311910678
16,5,returns,Real Estate,-0.01725319477333991
16,5,contributions,,0.0
16,5,withdrawals,,50000.0
16,5,availableCash,,0.0
16,5,cashBuffer,,150000.0
16,5,cashDepletion,,46302.7431640469
16,5,shortfall,,3697.2568359530997
16,5,cashReplenishment,,5341.381014958839
16,5,financialGainLoss,,5341.381014958839
16,6,ptf_bop,Cash,5341.381014958839
16,6,ptf_bop,Real Estate,135070.19056572896
16,6,ptf_bop,Precious Metals,33767.54764143224
16,6,ptf_bop,Bonds,202605.28584859343
16,6,ptf_bop,Crypto,33767.54764143224
16,6,ptf_bop,Stocks,270140.3811314579
16,6,ptf_eop,Cash,24034.09367355751
16,6,ptf_eop,Real Estate,126138.46676872073
16,6,ptf_eop,Precious Metals,31534.61669218018
16,6,ptf_eop,Bonds,189207.7001530811
16,6,ptf_eop,Crypto,31534.61669218018
16,6,ptf_eop,Stocks,252276.93353744145
16,6,ptf1,Cash,0.0
16,6,ptf1,Real Estate,135070.19056572896
16,6,ptf1,Precious Metals,33767.54764143224
16,6,ptf1,Bonds,157946.66686355227
16,6,ptf1,Crypto,33767.54764143224
16,6,ptf1,Stocks,270140.3811314579
16,6,ptf2,Cash,0.0
16,6,ptf2,Real Estate,126138.46676872073
16,6,ptf2,Precious Metals,31534.61669218018
16,6,ptf2,Bonds,189207.7001530811
16,6,ptf2,Crypto,31534.61669218018
16,6,ptf2,Stocks,252276.93353744145
16,6,ptf3,Cash,0.0
16,6,ptf3,Real Estate,161998.59787760334
16,6,ptf3,Precious Metals,34036.94242704878
16,6,ptf3,Bonds,208267.44312465566
16,6,ptf3,Crypto,35682.4114096912
16,6,ptf3,Stocks,214741.03267816213
16,6,ptf4,Cash,24034.09367355751
16,6,ptf4,Real Estate,161998.59787760334
16,6,ptf4,Precious Metals,34036.94242704878
16,6,ptf4,Bonds,184233.34945109815
16,6,ptf4,Crypto,35682.4114096912
16,6,ptf4,Stocks,214741.03267816213
16,6,ptf5,Cash,24034.09367355751
16,6,ptf5,Real Estate,126138.46676872073
16,6,ptf5,Precious Metals,31534.61669218018
16,6,ptf5,Bonds,189207.7001530811
16,6,ptf5,Crypto,31534.61669218018
16,6,ptf5,Stocks,252276.93353744145
16,6,returns,Cash,0.0
16,6,returns,Money Market,0.014589145516370099
16,6,returns,Bonds,0.10073449947414406
16,6,returns,Stocks,-0.1487884775391424
16,6,returns,Crypto,0.1315314772333852
16,6,returns,Precious Metals,0.07935170924367424
16,6,returns,Real Estate,0.2842917947832157
16,6,contributions,,0.0
16,6,withdrawals,,50000.0
16,6,availableCash,,0.0
16,6,cashBuffer,,150000.0
16,6,cashDepletion,,5341.381014958839
16,6,shortfall,,44658.61898504116
16,6,cashReplenishment,,24034.09367355751
16,6,financialGainLoss,,24034.09367355751
16,7,ptf_bop,Cash,24034.09367355751
16,7,ptf_bop,Real Estate,126138.46676872073
16,7,ptf_bop,Precious Metals,31534.61669218018
16,7,ptf_bop,Bonds,189207.7001530811
16,7,ptf_bop,Crypto,31534.61669218018
16,7,ptf_bop,Stocks,252276.93353744145
16,7,ptf_eop,Cash,11097.32414726005
16,7,ptf_eop,Real Estate,120945.28550343223
16,7,ptf_eop,Precious Metals,30236.321375858057
16,7,ptf_eop,Bonds,181417.92825514835
16,7,ptf_eop,Crypto,30236.321375858057
16,7,ptf_eop,Stocks,241890.57100686445
16,7,ptf1,Cash,0.0
16,7,ptf1,Real Estate,126138.46676872073
16,7,ptf1,Precious Metals,31534.61669218018
16,7,ptf1,Bonds,163241.7938266386
16,7,ptf1,Crypto,31534.61669218018
16,7,ptf1,Stocks,252276.93353744145
16,7,ptf2,Cash,0.0
16,7,ptf2,Real Estate,120945.28550343223
16,7,ptf2,Precious Metals,30236.321375858057
16,7,ptf2,Bonds,181417.92825514835
16,7,ptf2,Crypto,30236.321375858057
16,7,ptf2,Stocks,241890.57100686445
16,7,ptf3,Cash,0.0
16,7,ptf3,Real Estate,107184.72036119088
16,7,ptf3,Precious Metals,27236.963889917388
16,7,ptf3,Bonds,207386.36404865424
16,7,ptf3,Crypto,26254.464526760104
16,7,ptf3,Stocks,247761.2388378985
16,7,ptf4,Cash,11097.32414726005
16,7,ptf4,Real Estate,107184.72036119088
16,7,ptf4,Precious Metals,27236.963889917388
16,7,ptf4,Bonds,196289.0399013942
16,7,ptf4,Crypto,26254.464526760104
16,7,ptf4,Stocks,247761.2388378985
16,7,ptf5,Cash,11097.32414726005
16,7,ptf5,Real Estate,120945.28550343223
16,7,ptf5,Precious Metals,30236.321375858057
16,7,ptf5,Bonds,181417.92825514835
16,7,ptf5,Crypto,30236.321375858057
16,7,ptf5,Stocks,241890.57100686445
16,7,returns,Cash,0.0
16,7,returns,Money Market,0.018036438501383107
16,7,returns,Bonds,0.14314150780612794
16,7,returns,Stocks,0.024269932501285573
16,7,returns,Crypto,-0.1316911802729161
16,7,returns,Precious Metals,-0.09919716914821132
16,7,returns,Real Estate,-0.11377512637192339
16,7,contributions,,0.0
16,7,withdrawals,,50000.0
16,7,availableCash,,0.0
16,7,cashBuffer,,150000.0
16,7,cashDepletion,,24034.09367355751
16,7,shortfall,,25965.90632644249
16,7,cashReplenishment,,11097.32414726005
16,7,financialGainLoss,,11097.32414726005
16,8,ptf_bop,Cash,11097.32414726005
16,8,ptf_bop,Real Estate,120945.28550343223
16,8,ptf_bop,Precious Metals,30236.321375858057
16,8,ptf_bop,Bonds,181417.92825514835
16,8,ptf_bop,Crypto,30236.321375858057
16,8,ptf_bop,Stocks,241890.57100686445
16,8,ptf_eop,Cash,64600.804756511585
16,8,ptf_eop,Real Estate,113164.75033288423
16,8,ptf_eop,Precious Metals,28291.187583221057
16,8,ptf_eop,Bonds,169747.12549932636
16,8,ptf_eop,Crypto,28291.187583221057
16,8,ptf_eop,Stocks,226329.50066576846
16,8,ptf1,Cash,0.0
16,8,ptf1,Real Estate,120945.28550343223
16,8,ptf1,Precious Metals,30236.321375858057
16,8,ptf1,Bonds,142515.2524024084
16,8,ptf1,Crypto,30236.321375858057
16,8,ptf1,Stocks,241890.57100686445
16,8,ptf2,Cash,0.0
16,8,ptf2,Real Estate,113164.75033288423
16,8,ptf2,Precious Metals,28291.187583221057
16,8,ptf2,Bonds,169747.12549932636
16,8,ptf2,Crypto,28291.187583221057
16,8,ptf2,Stocks,226329.50066576846
16,8,ptf3,Cash,0.0
16,8,ptf3,Real Estate,130197.30814492493
16,8,ptf3,Precious Metals,32699.13859198772
16,8,ptf3,Bonds,184380.00872615742
16,8,ptf3,Crypto,38131.75402871774
16,8,ptf3,Stocks,245016.34692914493
16,8,ptf4,Cash,64600.804756511585
16,8,ptf4,Real Estate,130197.30814492493
16,8,ptf4,Precious Metals,32699.13859198772
16,8,ptf4,Bonds,119779.20396964584
16,8,ptf4,Crypto,38131.75402871774
16,8,ptf4,Stocks,245016.34692914493
16,8,ptf5,Cash,64600.804756511585
16,8,ptf5,Real Estate,113164.75033288423
16,8,ptf5,Precious Metals,28291.187583221057
16,8,ptf5,Bonds,169747.12549932636
16,8,ptf5,Crypto,28291.187583221057
16,8,ptf5,Stocks,226329.50066576846
16,8,returns,Cash,0.0
16,8,returns,Money Market,0.02615639824413666
16,8,returns,Bonds,0.0862040119017458
16,8,returns,Stocks,0.0825647836822307
16,8,returns,Crypto,0.3478315081878335
16,8,returns,Precious Metals,0.15580650320175798
16,8,returns,Real Estate,0.1505111597201241
16,8,contributions,,0.0
16,8,withdrawals,,50000.0
16,8,availableCash,,0.0
16,8,cashBuffer,,150000.0
16,8,cashDepletion,,11097.32414726005
16,8,shortfall,,38902.67585273995
16,8,cashReplenishment,,64600.804756511585
16,8,financialGainLoss,,64600.804756511585
16,9,ptf_bop,Cash,64600.804756511585
16,9,ptf_bop,Real Estate,113164.75033288423
16,9,ptf_bop,Precious Metals,28291.187583221057
16,9,ptf_bop,Bonds,169747.12549932636
16,9,ptf_bop,Crypto,28291.187583221057
16,9,ptf_bop,Stocks,226329.50066576846
16,9,ptf_eop,Cash,14600.804756511585
16,9,ptf_eop,Real Estate,97175.36344566557
16,9,ptf_eop,Precious Metals,25892.313183736722
16,9,ptf_eop,Bonds,171997.08374475373
16,9,ptf_eop,Crypto,28525.5933064315
16,9,ptf_eop,Stocks,214333.9952333592
16,9,ptf1,Cash,14600.804756511585
16,9,ptf1,Real Estate,113164.75033288423
16,9,ptf1,Precious Metals,28291.187583221057
16,9,ptf1,Bonds,169747.12549932636
16,9,ptf1,Crypto,28291.187583221057
16,9,ptf1,Stocks,226329.50066576846
16,9,ptf2,Cash,14600.804756511585
16,9,ptf2,Real Estate,113164.75033288423
16,9,ptf2,Precious Metals,28291.187583221057
16,9,ptf2,Bonds,169747.12549932636
16,9,ptf2,Crypto,28291.187583221057
16,9,ptf2,Stocks,226329.50066576846
16,9,ptf3,Cash,14600.804756511585
16,9,ptf3,Real Estate,97175.36344566557
16,9,ptf3,Precious Metals,25892.313183736722
16,9,ptf3,Bonds,171997.08374475373
16,9,ptf3,Crypto,28525.5933064315
16,9,ptf3,Stocks,214333.9952333592
16,9,ptf4,Cash,14600.804756511585
16,9,ptf4,Real Estate,97175.36344566557
16,9,ptf4,Precious Metals,25892.313183736722
16,9,ptf4,Bonds,171997.08374475373
16,9,ptf4,Crypto,28525.5933064315
16,9,ptf4,Stocks,214333.9952333592
16,9,ptf5,Cash,14600.804756511585
16,9,ptf5,Real Estate,97175.36344566557
16,9,ptf5,Precious Metals,25892.313183736722
16,9,ptf5,Bonds,171997.08374475373
16,9,ptf5,Crypto,28525.5933064315
16,9,ptf5,Stocks,214333.9952333592
16,9,returns,Cash,0.0
16,9,returns,Money Market,0.053570887303208116
16,9,returns,Bonds,0.013254764926409883
16,9,returns,Stocks,-0.05300018511560973
16,9,returns,Crypto,0.008285467781121518
16,9,returns,Precious Metals,-0.08479228354864325
16,9,returns,Real Estate,-0.1412929983955644
16,9,contributions,,0.0
16,9,withdrawals,,50000.0
16,9,availableCash,,14600.804756511585
16,9,cashBuffer,,150000.0
16,9,cashDepletion,,50000.0
16,9,shortfall,,0.0
16,9,cashReplenishment,,0
16,9,financialGainLoss,,-27899.4027504744
16,10,ptf_bop,Cash,14600.804756511585
16,10,ptf_bop,Real Estate,97175.36344566557
16,10,ptf_bop,Precious Metals,25892.313183736722
16,10,ptf_bop,Bonds,171997.08374475373
16,10,ptf_bop,Crypto,28525.5933064315
16,10,ptf_bop,Stocks,214333.9952333592
16,10,ptf_eop,Cash,0.0
16,10,ptf_eop,Real Estate,107739.14795716872
16,10,ptf_eop,Precious Metals,24775.248978366566
16,10,ptf_eop,Bonds,154240.34843228414
16,10,ptf_eop,Crypto,26980.939959818596
16,10,ptf_eop,Stocks,176626.6526205071
16,10,ptf1,Cash,0.0
16,10,ptf1,Real Estate,97175.36344566557
16,10,ptf1,Precious Metals,25892.313183736722
16,10,ptf1,Bonds,136597.88850126532
16,10,ptf1,Crypto,28525.5933064315
16,10,ptf1,Stocks,214333.9952333592
16,10,ptf2,Cash,0.0
16,10,ptf2,Real Estate,100505.03073409165
16,10,ptf2,Precious Metals,25126.257683522912
16,10,ptf2,Bonds,150757.54610113747
16,10,ptf2,Crypto,25126.257683522912
16,10,ptf2,Stocks,201010.0614681833
16,10,ptf3,Cash,0.0
16,10,ptf3,Real Estate,107739.14795716872
16,10,ptf3,Precious Metals,24775.248978366566
16,10,ptf3,Bonds,154240.34843228414
16,10,ptf3,Crypto,26980.939959818596
16,10,ptf3,Stocks,176626.6526205071
16,10,ptf4,Cash,0.0
16,10,ptf4,Real Estate,107739.14795716872
16,10,ptf4,Precious Metals,24775.248978366566
16,10,ptf4,Bonds,154240.34843228414
16,10,ptf4,Crypto,26980.939959818596
16,10,ptf4,Stocks,176626.6526205071
16,10,ptf5,Cash,0.0
16,10,ptf5,Real Estate,107739.14795716872
16,10,ptf5,Precious Metals,24775.248978366566
16,10,ptf5,Bonds,154240.34843228414
16,10,ptf5,Crypto,26980.939959818596
16,10,ptf5,Stocks,176626.6526205071
16,10,returns,Cash,0.0
16,10,returns,Money Market,0.02781627867923242
16,10,returns,Bonds,0.023102009957167876
16,10,returns,Stocks,-0.12130441963740057
16,10,returns,Crypto,0.07381450511478008
16,10,returns,Precious Metals,-0.01396979644073799
16,10,returns,Real Estate,0.07197766291138738
16,10,contributions,,0.0
16,10,withdrawals,,50000.0
16,10,availableCash,,0.0
16,10,cashBuffer,,150000.0
16,10,cashDepletion,,14600.804756511585
16,10,shortfall,,35399.195243488415
16,10,cashReplenishment,,0
16,10,financialGainLoss,,-12162.81572231307
16,11,ptf_bop,Cash,0.0
16,11,ptf_bop,Real Estate,107739.14795716872
16,11,ptf_bop,Precious Metals,24775.248978366566
16,11,ptf_bop,Bonds,154240.34843228414
16,11,ptf_bop,Crypto,26980.939959818596
16,11,ptf_bop,Stocks,176626.6526205071
16,11,ptf_eop,Cash,69660.35316496261
16,11,ptf_eop,Real Estate,88072.46758962903
16,11,ptf_eop,Precious Metals,22018.116897407257
16,11,ptf_eop,Bonds,132108.70138444356
16,11,ptf_eop,Crypto,22018.116897407257
16,11,ptf_eop,Stocks,176144.93517925806
16,11,ptf1,Cash,0.0
16,11,ptf1,Real Estate,107739.14795716872
16,11,ptf1,Precious Metals,24775.248978366566
16,11,ptf1,Bonds,104240.34843228414
16,11,ptf1,Crypto,26980.939959818596
16,11,ptf1,Stocks,176626.6526205071
16,11,ptf2,Cash,0.0
16,11,ptf2,Real Estate,88072.46758962903
16,11,ptf2,Precious Metals,22018.116897407257
16,11,ptf2,Bonds,132108.70138444353
16,11,ptf2,Crypto,22018.116897407257
16,11,ptf2,Stocks,176144.93517925806
16,11,ptf3,Cash,0.0
16,11,ptf3,Real Estate,89295.97162530692
16,11,ptf3,Precious Metals,14534.142414679538
16,11,ptf3,Bonds,140789.5810624489
16,11,ptf3,Crypto,36844.62086219738
16,11,ptf3,Stocks,228558.37514847502
16,11,ptf4,Cash,69660.35316496261
16,11,ptf4,Real Estate,89295.97162530692
16,11,ptf4,Precious Metals,14534.142414679538
16,11,ptf4,Bonds,71129.2278974863
16,11,ptf4,Crypto,36844.62086219738
16,11,ptf4,Stocks,228558.37514847502
16,11,ptf5,Cash,69660.35316496261
16,11,ptf5,Real Estate,88072.46758962903
16,11,ptf5,Precious Metals,22018.116897407257
16,11,ptf5,Bonds,132108.70138444356
16,11,ptf5,Crypto,22018.116897407257
16,11,ptf5,Stocks,176144.93517925806
16,11,returns,Cash,0.0
16,11,returns,Money Market,0.013880900460078718
16,11,returns,Bonds,0.06571012800090703
16,11,returns,Stocks,0.2975585980708284
16,11,returns,Crypto,0.6733774751888985
16,11,returns,Precious Metals,-0.3399007516219062
16,11,returns,Real Estate,0.013892014941363749
16,11,contributions,,0.0
16,11,withdrawals,,50000.0
16,11,availableCash,,0.0
16,11,cashBuffer,,150000.0
16,11,cashDepletion,,0.0
16,11,shortfall,,50000.0
16,11,cashReplenishment,,69660.35316496261
16,11,financialGainLoss,,69660.35316496261
16,12,ptf_bop,Cash,69660.35316496261
16,12,ptf_bop,Real Estate,88072.46758962903
16,12,ptf_bop,Precious Metals,22018.116897407257
16,12,ptf_bop,Bonds,132108.70138444356
16,12,ptf_bop,Crypto,22018.116897407257
16,12,ptf_bop,Stocks,176144.93517925806
16,12,ptf_eop,Cash,32938.20041074796
16,12,ptf_eop,Real Estate,88072.46758962906
16,12,ptf_eop,Precious Metals,22018.116897407264
16,12,ptf_eop,Bonds,132108.7013844436
16,12,ptf_eop,Crypto,22018.116897407264
16,12,ptf_eop,Stocks,176144.93517925811
16,12,ptf1,Cash,19660.35316496261
16,12,ptf1,Real Estate,88072.46758962903
16,12,ptf1,Precious Metals,22018.116897407257
16,12,ptf1,Bonds,132108.70138444356
16,12,ptf1,Crypto,22018.116897407257
16,12,ptf1,Stocks,176144.93517925806
16,12,ptf2,Cash,19660.35316496261
16,12,ptf2,Real Estate,88072.46758962906
16,12,ptf2,Precious Metals,22018.116897407264
16,12,ptf2,Bonds,132108.70138444356
16,12,ptf2,Crypto,22018.116897407264
16,12,ptf2,Stocks,176144.93517925811
16,12,ptf3,Cash,19660.35316496261
16,12,ptf3,Real Estate,86756.49719216938
16,12,ptf3,Precious Metals,22573.985993195896
16,12,ptf3,Bonds,117615.31634939996
16,12,ptf3,Crypto,29565.613620791883
16,12,ptf3,Stocks,197128.7720383735
16,12,ptf4,Cash,32938.20041074796
16,12,ptf4,Real Estate,86756.49719216938
16,12,ptf4,Precious Metals,22573.985993195896
16,12,ptf4,Bonds,104337.46910361461
16,12,ptf4,Crypto,29565.613620791883
16,12,ptf4,Stocks,197128.7720383735
16,12,ptf5,Cash,32938.20041074796
16,12,ptf5,Real Estate,88072.46758962906
16,12,ptf5,Precious Metals,22018.116897407264
16,12,ptf5,Bonds,132108.7013844436
16,12,ptf5,Crypto,22018.116897407264
16,12,ptf5,Stocks,176144.93517925811
16,12,returns,Cash,0.0
16,12,returns,Money Market,-0.006373034904778787
16,12,returns,Bonds,-0.10970802742861768
16,12,returns,Stocks,0.11912824423683094
16,12,returns,Crypto,0.3427857504141679
16,12,returns,Precious Metals,0.02524598712863085
16,12,returns,Real Estate,-0.014941904473386608
16,12,contributions,,0.0
16,12,withdrawals,,50000.0
16,12,availableCash,,19660.35316496261
16,12,cashBuffer,,150000.0
16,12,cashDepletion,,50000.0
16,12,shortfall,,0.0
16,12,cashReplenishment,,13277.84724578535
16,12,financialGainLoss,,13277.84724578535
16,13,ptf_bop,Cash,32938.20041074796
16,13,ptf_bop,Real Estate,88072.46758962906
16,13,ptf_bop,Precious Metals,22018.116897407264
16,13,ptf_bop,Bonds,132108.7013844436
16,13,ptf_bop,Crypto,22018.116897407264
16,13,ptf_bop,Stocks,176144.93517925811
16,13,ptf_eop,Cash,70799.98952696909
16,13,ptf_eop,Real Estate,84660.10767177866
16,13,ptf_eop,Precious Metals,21165.026917944666
16,13,ptf_eop,Bonds,126990.16150766799
16,13,ptf_eop,Crypto,21165.026917944666
16,13,ptf_eop,Stocks,169320.21534355733
16,13,ptf1,Cash,0.0
16,13,ptf1,Real Estate,88072.46758962906
16,13,ptf1,Precious Metals,22018.116897407264
16,13,ptf1,Bonds,115046.90179519154
16,13,ptf1,Crypto,22018.116897407264
16,13,ptf1,Stocks,176144.93517925811
16,13,ptf2,Cash,0.0
16,13,ptf2,Real Estate,84660.10767177866
16,13,ptf2,Precious Metals,21165.026917944666
16,13,ptf2,Bonds,126990.16150766799
16,13,ptf2,Crypto,21165.026917944666
16,13,ptf2,Stocks,169320.21534355733
16,13,ptf3,Cash,0.0
16,13,ptf3,Real Estate,73444.19688152197
16,13,ptf3,Precious Metals,19982.88367921233
16,13,ptf3,Bonds,138886.3798549533
16,13,ptf3,Crypto,29964.832876243203
16,13,ptf3,Stocks,231822.2345939316
16,13,ptf4,Cash,70799.98952696909
16,13,ptf4,Real Estate,73444.19688152197
16,13,ptf4,Precious Metals,19982.88367921233
16,13,ptf4,Bonds,68086.3903279842
16,13,ptf4,Crypto,29964.832876243203
16,13,ptf4,Stocks,231822.2345939316
16,13,ptf5,Cash,70799.98952696909
16,13,ptf5,Real Estate,84660.10767177866
16,13,ptf5,Precious Metals,21165.026917944666
16,13,ptf5,Bonds,126990.16150766799
16,13,ptf5,Crypto,21165.026917944666
16,13,ptf5,Stocks,169320.21534355733
16,13,returns,Cash,0.0
16,13,returns,Money Market,0.03101722911592932
16,13,returns,Bonds,0.0936782677181411
16,13,returns,Stocks,0.36913500921053755
16,13,returns,Crypto,0.41577107330951063
16,13,returns,Precious Metals,-0.05585361376176949
16,13,returns,Real Estate,-0.13248165043375557
16,13,contributions,,0.0
16,13,withdrawals,,50000.0
16,13,availableCash,,0.0
16,13,cashBuffer,,150000.0
16,13,cashDepletion,,32938.20041074796
16,13,shortfall,,17061.79958925204
16,13,cashReplenishment,,70799.98952696909
16,13,financialGainLoss,,70799.98952696909
16,14,ptf_bop,Cash,70799.98952696909
16,14,ptf_bop,Real Estate,84660.10767177866
16,14,ptf_bop,Precious Metals,21165.026917944666
16,14,ptf_bop,Bonds,126990.16150766799
16,14,ptf_bop,Crypto,21165.026917944666
16,14,ptf_bop,Stocks,169320.21534355733
16,14,ptf_eop,Cash,99598.18245436304
16,14,ptf_eop,Real Estate,84660.10767177866
16,14,ptf_eop,Precious Metals,21165.026917944666
16,14,ptf_eop,Bonds,126990.16150766802
16,14,ptf_eop,Crypto,21165.026917944666
16,14,ptf_eop,Stocks,169320.21534355733
16,14,ptf1,Cash,20799.98952696909
16,14,ptf1,Real Estate,84660.10767177866
16,14,ptf1,Precious Metals,21165.026917944666
16,14,ptf1,Bonds,126990.16150766799
16,14,ptf1,Crypto,21165.026917944666
16,14,ptf1,Stocks,169320.21534355733
16,14,ptf2,Cash,20799.98952696909
16,14,ptf2,Real Estate,84660.10767177866
16,14,ptf2,Precious Metals,21165.026917944666
16,14,ptf2,Bonds,126990.16150766799
16,14,ptf2,Crypto,21165.026917944666
16,14,ptf2,Stocks,169320.21534355733
16,14,ptf3,Cash,20799.98952696909
16,14,ptf3,Real Estate,102332.69207039004
16,14,ptf3,Precious Metals,25774.925003711345
16,14,ptf3,Bonds,142292.78340068203
16,14,ptf3,Crypto,27633.00374285567
16,14,ptf3,Stocks,204065.32706864816
16,14,ptf4,Cash,99598.18245436304
16,14,ptf4,Real Estate,102332.69207039004
16,14,ptf4,Precious Metals,25774.925003711345
16,14,ptf4,Bonds,63494.59047328809
16,14,ptf4,Crypto,27633.00374285567
16,14,ptf4,Stocks,204065.32706864816
16,14,ptf5,Cash,99598.18245436304
16,14,ptf5,Real Estate,84660.10767177866
16,14,ptf5,Precious Metals,21165.026917944666
16,14,ptf5,Bonds,126990.16150766802
16,14,ptf5,Crypto,21165.026917944666
16,14,ptf5,Stocks,169320.21534355733
16,14,returns,Cash,0.0
16,14,returns,Money Market,0.016339677045711515
16,14,returns,Bonds,0.12050242090675681
16,14,returns,Stocks,0.20520356446861132
16,14,returns,Crypto,0.3055973824170836
16,14,returns,Precious Metals,0.21780733394003854
16,14,returns,Real Estate,0.20874748313723807
16,14,contributions,,0.0
16,14,withdrawals,,50000.0
16,14,availableCash,,20799.98952696909
16,14,cashBuffer,,150000.0
16,14,cashDepletion,,50000.0
16,14,shortfall,,0.0
16,14,cashReplenishment,,78798.19292739395
16,14,financialGainLoss,,78798.19292739395
16,15,ptf_bop,Cash,99598.18245436304
16,15,ptf_bop,Real Estate,84660.10767177866
16,15,ptf_bop,Precious Metals,21165.026917944666
16,15,ptf_bop,Bonds,126990.16150766802
16,15,ptf_bop,Crypto,21165.026917944666
16,15,ptf_bop,Stocks,169320.21534355733
16,15,ptf_eop,Cash,49598.182454363036
16,15,ptf_eop,Real Estate,92478.65373434652
16,15,ptf_eop,Precious Metals,19467.0251186609
16,15,ptf_eop,Bonds,159678.6789363118
16,15,ptf_eop,Crypto,10470.4642101059
16,15,ptf_eop,Stocks,125536.08932667275
16,15,ptf1,Cash,49598.182454363036
16,15,ptf1,Real Estate,84660.10767177866
16,15,ptf1,Precious Metals,21165.026917944666
16,15,ptf1,Bonds,126990.16150766802
16,15,ptf1,Crypto,21165.026917944666
16,15,ptf1,Stocks,169320.21534355733
16,15,ptf2,Cash,49598.182454363036
16,15,ptf2,Real Estate,84660.10767177866
16,15,ptf2,Precious Metals,21165.026917944666
16,15,ptf2,Bonds,126990.16150766799
16,15,ptf2,Crypto,21165.026917944666
16,15,ptf2,Stocks,169320.21534355733
16,15,ptf3,Cash,49598.182454363036
16,15,ptf3,Real Estate,92478.65373434652
16,15,ptf3,Precious Metals,19467.0251186609
16,15,ptf3,Bonds,159678.6789363118
16,15,ptf3,Crypto,10470.4642101059
16,15,ptf3,Stocks,125536.08932667275
16,15,ptf4,Cash,49598.182454363036
16,15,ptf4,Real Estate,92478.65373434652
16,15,ptf4,Precious Metals,19467.0251186609
16,15,ptf4,Bonds,159678.6789363118
16,15,ptf4,Crypto,10470.4642101059
16,15,ptf4,Stocks,125536.08932667275
16,15,ptf5,Cash,49598.182454363036
16,15,ptf5,Real Estate,92478.65373434652
16,15,ptf5,Precious Metals,19467.0251186609
16,15,ptf5,Bonds,159678.6789363118
16,15,ptf5,Crypto,10470.4642101059
16,15,ptf5,Stocks,125536.08932667275
16,15,returns,Cash,0.0
16,15,returns,Money Market,0.059099928733316646
16,15,returns,Bonds,0.25740984215277174
16,15,returns,Stocks,-0.25858770571514383
16,15,returns,Crypto,-0.5052940754245596
16,15,returns,Precious Metals,-0.0802267724896738
16,15,returns,Real Estate,0.09235218661520962
16,15,contributions,,0.0
16,15,withdrawals,,50000.0
16,15,availableCash,,49598.182454363036
16,15,cashBuffer,,150000.0
16,15,cashDepletion,,50000.0
16,15,shortfall,,0.0
16,15,cashReplenishment,,0
16,15,financialGainLoss,,-15669.627032795455
16,16,ptf_bop,Cash,49598.182454363036
16,16,ptf_bop,Real Estate,92478.65373434652
16,16,ptf_bop,Precious Metals,19467.0251186609
16,16,ptf_bop,Bonds,159678.6789363118
16,16,ptf_bop,Crypto,10470.4642101059
16,16,ptf_bop,Stocks,125536.08932667275
16,16,ptf_eop,Cash,0.0
16,16,ptf_eop,Real Estate,81750.75421509723
16,16,ptf_eop,Precious Metals,17094.347884442268
16,16,ptf_eop,Bonds,145137.27660294456
16,16,ptf_eop,Crypto,14964.664515700222
16,16,ptf_eop,Stocks,135248.52143440742
16,16,ptf1,Cash,0.0
16,16,ptf1,Real Estate,92478.65373434652
16,16,ptf1,Precious Metals,19467.0251186609
16,16,ptf1,Bonds,159276.86139067484
16,16,ptf1,Crypto,10470.4642101059
16,16,ptf1,Stocks,125536.08932667275
16,16,ptf2,Cash,0.0
16,16,ptf2,Real Estate,81445.81875609217
16,16,ptf2,Precious Metals,20361.45468902304
16,16,ptf2,Bonds,122168.72813413825
16,16,ptf2,Crypto,20361.45468902304
16,16,ptf2,Stocks,162891.63751218433
16,16,ptf3,Cash,0.0
16,16,ptf3,Real Estate,81750.75421509723
16,16,ptf3,Precious Metals,17094.347884442268
16,16,ptf3,Bonds,145137.27660294456
16,16,ptf3,Crypto,14964.664515700222
16,16,ptf3,Stocks,135248.52143440742
16,16,ptf4,Cash,0.0
16,16,ptf4,Real Estate,81750.75421509723
16,16,ptf4,Precious Metals,17094.347884442268
16,16,ptf4,Bonds,145137.27660294456
16,16,ptf4,Crypto,14964.664515700222
16,16,ptf4,Stocks,135248.52143440742
16,16,ptf5,Cash,0.0
16,16,ptf5,Real Estate,81750.75421509723
16,16,ptf5,Precious Metals,17094.347884442268
16,16,ptf5,Bonds,145137.27660294456
16,16,ptf5,Crypto,14964.664515700222
16,16,ptf5,Stocks,135248.52143440742
16,16,returns,Cash,0.0
16,16,returns,Money Market,0.1072202699859519
16,16,returns,Bonds,0.18800677407059052
16,16,returns,Stocks,-0.169702487493928
16,16,returns,Crypto,-0.26504934228654375
16,16,returns,Precious Metals,-0.16045547110846103
16,16,returns,Real Estate,0.003744028406397093
16,16,contributions,,0.0
16,16,withdrawals,,50000.0
16,16,availableCash,,0.0
16,16,cashBuffer,,150000.0
16,16,cashDepletion,,49598.182454363036
16,16,shortfall,,401.8175456369645
16,16,cashReplenishment,,0
16,16,financialGainLoss,,-13033.529127869115
16,17,ptf_bop,Cash,0.0
16,17,ptf_bop,Real Estate,81750.75421509723
16,17,ptf_bop,Precious Metals,17094.347884442268
16,17,ptf_bop,Bonds,145137.27660294456
16,17,ptf_bop,Crypto,14964.664515700222
16,17,ptf_bop,Stocks,135248.52143440742
16,17,ptf_eop,Cash,0.0
16,17,ptf_eop,Real Estate,57993.921281051604
16,17,ptf_eop,Precious Metals,18211.201353361605
16,17,ptf_eop,Bonds,101239.94689452923
16,17,ptf_eop,Crypto,16287.070726249749
16,17,ptf_eop,Stocks,112390.20629006498
16,17,ptf1,Cash,0.0
16,17,ptf1,Real Estate,81750.75421509723
16,17,ptf1,Precious Metals,17094.347884442268
16,17,ptf1,Bonds,95137.27660294456
16,17,ptf1,Crypto,14964.664515700222
16,17,ptf1,Stocks,135248.52143440742
16,17,ptf2,Cash,0.0
16,17,ptf2,Real Estate,68839.11293051834
16,17,ptf2,Precious Metals,17209.778232629586
16,17,ptf2,Bonds,103258.66939577751
16,17,ptf2,Crypto,17209.778232629586
16,17,ptf2,Stocks,137678.22586103668
16,17,ptf3,Cash,0.0
16,17,ptf3,Real Estate,57993.921281051604
16,17,ptf3,Precious Metals,18211.201353361605
16,17,ptf3,Bonds,101239.94689452923
16,17,ptf3,Crypto,16287.070726249749
16,17,ptf3,Stocks,112390.20629006498
16,17,ptf4,Cash,0.0
16,17,ptf4,Real Estate,57993.921281051604
16,17,ptf4,Precious Metals,18211.201353361605
16,17,ptf4,Bonds,101239.94689452923
16,17,ptf4,Crypto,16287.070726249749
16,17,ptf4,Stocks,112390.20629006498
16,17,ptf5,Cash,0.0
16,17,ptf5,Real Estate,57993.921281051604
16,17,ptf5,Precious Metals,18211.201353361605
16,17,ptf5,Bonds,101239.94689452923
16,17,ptf5,Crypto,16287.070726249749
16,17,ptf5,Stocks,112390.20629006498
16,17,returns,Cash,0.0
16,17,returns,Money Market,-0.029164205766132194
16,17,returns,Bonds,-0.019550150249474638
16,17,returns,Stocks,-0.18367479253034363
16,17,returns,Crypto,-0.053615304852121265
16,17,returns,Precious Metals,0.058189193794102936
16,17,returns,Real Estate,-0.1575440354731642
16,17,contributions,,0.0
16,17,withdrawals,,50000.0
16,17,availableCash,,0.0
16,17,cashBuffer,,150000.0
16,17,cashDepletion,,0.0
16,17,shortfall,,50000.0
16,17,cashReplenishment,,0
16,17,financialGainLoss,,-38073.21810733451
16,18,ptf_bop,Cash,0.0
16,18,ptf_bop,Real Estate,57993.921281051604
16,18,ptf_bop,Precious Metals,18211.201353361605
16,18,ptf_bop,Bonds,101239.94689452923
16,18,ptf_bop,Crypto,16287.070726249749
16,18,ptf_bop,Stocks,112390.20629006498
16,18,ptf_eop,Cash,25728.594851638947
16,18,ptf_eop,Real Estate,51224.46930905143
16,18,ptf_eop,Precious Metals,12806.117327262857
16,18,ptf_eop,Bonds,76836.70396357714
16,18,ptf_eop,Crypto,12806.117327262857
16,18,ptf_eop,Stocks,102448.93861810285
16,18,ptf1,Cash,0.0
16,18,ptf1,Real Estate,57993.921281051604
16,18,ptf1,Precious Metals,18211.201353361605
16,18,ptf1,Bonds,51239.94689452923
16,18,ptf1,Crypto,16287.070726249749
16,18,ptf1,Stocks,112390.20629006498
16,18,ptf2,Cash,0.0
16,18,ptf2,Real Estate,51224.46930905143
16,18,ptf2,Precious Metals,12806.117327262857
16,18,ptf2,Bonds,76836.70396357714
16,18,ptf2,Crypto,12806.117327262857
16,18,ptf2,Stocks,102448.93861810285
16,18,ptf3,Cash,0.0
16,18,ptf3,Real Estate,65472.87283152283
16,18,ptf3,Precious Metals,9325.90824420091
16,18,ptf3,Bonds,75368.88445160676
16,18,ptf3,Crypto,15636.8674353824
16,18,ptf3,Stocks,116046.4084341832
16,18,ptf4,Cash,25728.594851638947
16,18,ptf4,Real Estate,65472.87283152283
16,18,ptf4,Precious Metals,9325.90824420091
16,18,ptf4,Bonds,49640.289599967815
16,18,ptf4,Crypto,15636.8674353824
16,18,ptf4,Stocks,116046.4084341832
16,18,ptf5,Cash,25728.594851638947
16,18,ptf5,Real Estate,51224.46930905143
16,18,ptf5,Precious Metals,12806.117327262857
16,18,ptf5,Bonds,76836.70396357714
16,18,ptf5,Crypto,12806.117327262857
16,18,ptf5,Stocks,102448.93861810285
16,18,returns,Cash,0.0
16,18,returns,Money Market,-0.008404248936143263
16,18,returns,Bonds,-0.019103103546270758
16,18,returns,Stocks,0.1327243600518634
16,18,returns,Crypto,0.22104671039466273
16,18,returns,Precious Metals,-0.27176145541419916
16,18,returns,Real Estate,0.2781561959482065
16,18,contributions,,0.0
16,18,withdrawals,,50000.0
16,18,availableCash,,0.0
16,18,cashBuffer,,150000.0
16,18,cashDepletion,,0.0
16,18,shortfall,,50000.0
16,18,cashReplenishment,,25728.594851638947
16,18,financialGainLoss,,25728.594851638947
16,19,ptf_bop,Cash,25728.594851638947
16,19,ptf_bop,Real Estate,51224.46930905143
16,19,ptf_bop,Precious Metals,12806.117327262857
16,19,ptf_bop,Bonds,76836.70396357714
16,19,ptf_bop,Crypto,12806.117327262857
16,19,ptf_bop,Stocks,102448.93861810285
16,19,ptf_eop,Cash,1796.2913796265493
16,19,ptf_eop,Real Estate,46370.18827937922
16,19,ptf_eop,Precious Metals,11592.547069844804
16,19,ptf_eop,Bonds,69555.28241906881
16,19,ptf_eop,Crypto,11592.547069844804
16,19,ptf_eop,Stocks,92740.37655875843
16,19,ptf1,Cash,0.0
16,19,ptf1,Real Estate,51224.46930905143
16,19,ptf1,Precious Metals,12806.117327262857
16,19,ptf1,Bonds,52565.29881521608
16,19,ptf1,Crypto,12806.117327262857
16,19,ptf1,Stocks,102448.93861810285
16,19,ptf2,Cash,0.0
16,19,ptf2,Real Estate,46370.18827937922
16,19,ptf2,Precious Metals,11592.547069844804
16,19,ptf2,Bonds,69555.28241906881
16,19,ptf2,Crypto,11592.547069844804
16,19,ptf2,Stocks,92740.37655875843
16,19,ptf3,Cash,0.0
16,19,ptf3,Real Estate,47191.28725517879
16,19,ptf3,Precious Metals,17093.432486366753
16,19,ptf3,Bonds,69126.49582209892
16,19,ptf3,Crypto,9143.169688117583
16,19,ptf3,Stocks,91092.84752476058
16,19,ptf4,Cash,1796.2913796265493
16,19,ptf4,Real Estate,47191.28725517879
16,19,ptf4,Precious Metals,17093.432486366753
16,19,ptf4,Bonds,67330.20444247237
16,19,ptf4,Crypto,9143.169688117583
16,19,ptf4,Stocks,91092.84752476058
16,19,ptf5,Cash,1796.2913796265493
16,19,ptf5,Real Estate,46370.18827937922
16,19,ptf5,Precious Metals,11592.547069844804
16,19,ptf5,Bonds,69555.28241906881
16,19,ptf5,Crypto,11592.547069844804
16,19,ptf5,Stocks,92740.37655875843
16,19,returns,Cash,0.0
16,19,returns,Money Market,0.030219796093377927
16,19,returns,Bonds,-0.006164687742714698
16,19,returns,Stocks,-0.01776495950449389
16,19,returns,Crypto,-0.211288974456587
16,19,returns,Precious Metals,0.47451913573257476
16,19,returns,Real Estate,0.017707475562800543
16,19,contributions,,0.0
16,19,withdrawals,,50000.0
16,19,availableCash,,0.0
16,19,cashBuffer,,150000.0
16,19,cashDepletion,,25728.594851638947
16,19,shortfall,,24271.405148361053
16,19,cashReplenishment,,1796.2913796265493
16,19,financialGainLoss,,1796.2913796265493
16,20,ptf_bop,Cash,1796.2913796265493
16,20,ptf_bop,Real Estate,46370.18827937922
16,20,ptf_bop,Precious Metals,11592.547069844804
16,20,ptf_bop,Bonds,69555.28241906881
16,20,ptf_bop,Crypto,11592.547069844804
16,20,ptf_bop,Stocks,92740.37655875843
16,20,ptf_eop,Cash,49871.19580481859
16,20,ptf_eop,Real Estate,36729.44655530453
16,20,ptf_eop,Precious Metals,9182.361638826133
16,20,ptf_eop,Bonds,55094.16983295679
16,20,ptf_eop,Crypto,9182.361638826133
16,20,ptf_eop,Stocks,73458.89311060906
16,20,ptf1,Cash,0.0
16,20,ptf1,Real Estate,46370.18827937922
16,20,ptf1,Precious Metals,11592.547069844804
16,20,ptf1,Bonds,21351.57379869536
16,20,ptf1,Crypto,11592.547069844804
16,20,ptf1,Stocks,92740.37655875843
16,20,ptf2,Cash,0.0
16,20,ptf2,Real Estate,36729.44655530453
16,20,ptf2,Precious Metals,9182.361638826133
16,20,ptf2,Bonds,55094.16983295679
16,20,ptf2,Crypto,9182.361638826133
16,20,ptf2,Stocks,73458.89311060906
16,20,ptf3,Cash,0.0
16,20,ptf3,Real Estate,42689.81302820051
16,20,ptf3,Precious Metals,11993.128081833196
16,20,ptf3,Bonds,55507.94417231798
16,20,ptf3,Crypto,8247.328743652031
16,20,ptf3,Stocks,115080.21455533752
16,20,ptf4,Cash,49871.19580481859
16,20,ptf4,Real Estate,42689.81302820051
16,20,ptf4,Precious Metals,11993.128081833196
16,20,ptf4,Bonds,5636.7483674993855
16,20,ptf4,Crypto,8247.328743652031
16,20,ptf4,Stocks,115080.21455533752
16,20,ptf5,Cash,49871.19580481859
16,20,ptf5,Real Estate,36729.44655530453
16,20,ptf5,Precious Metals,9182.361638826133
16,20,ptf5,Bonds,55094.16983295679
16,20,ptf5,Crypto,9182.361638826133
16,20,ptf5,Stocks,73458.89311060906
16,20,returns,Cash,0.0
16,20,returns,Money Market,0.04276329592953333
16,20,returns,Bonds,0.007510310811756198
16,20,returns,Stocks,0.5665933651090834
16,20,returns,Crypto,-0.10182923870265198
16,20,returns,Precious Metals,0.3061049600924223
16,20,returns,Real Estate,0.16227760099573754
16,20,contributions,,0.0
16,20,withdrawals,,50000.0
16,20,availableCash,,0.0
16,20,cashBuffer,,150000.0
16,20,cashDepletion,,1796.2913796265493
16,20,shortfall,,48203.70862037345
16,20,cashReplenishment,,49871.19580481859
16,20,financialGainLoss,,49871.19580481859
17,1,ptf_bop,Cash,150000.0
17,1,ptf_bop,Real Estate,170000.0
17,1,ptf_bop,Precious Metals,42500.0
17,1,ptf_bop,Bonds,255000.0
17,1,ptf_bop,Crypto,42500.0
17,1,ptf_bop,Stocks,340000.0
17,1,ptf_eop,Cash,100000.0
17,1,ptf_eop,Real Estate,132573.22596975308
17,1,ptf_eop,Precious Metals,37831.49815125789
17,1,ptf_eop,Bonds,237733.5077780123
17,1,ptf_eop,Crypto,60458.69865204124
17,1,ptf_eop,Stocks,359068.34123470285
17,1,ptf1,Cash,100000.0
17,1,ptf1,Real Estate,170000.0
17,1,ptf1,Precious Metals,42500.0
17,1,ptf1,Bonds,255000.0
17,1,ptf1,Crypto,42500.0
17,1,ptf1,Stocks,340000.0
17,1,ptf2,Cash,100000.0
17,1,ptf2,Real Estate,170000.0
17,1,ptf2,Precious Metals,42500.0
17,1,ptf2,Bonds,255000.0
17,1,ptf2,Crypto,42500.0
17,1,ptf2,Stocks,340000.0
17,1,ptf3,Cash,100000.0
17,1,ptf3,Real Estate,132573.22596975308
17,1,ptf3,Precious Metals,37831.49815125789
17,1,ptf3,Bonds,237733.5077780123
17,1,ptf3,Crypto,60458.69865204124
17,1,ptf3,Stocks,359068.34123470285
17,1,ptf4,Cash,100000.0
17,1,ptf4,Real Estate,132573.22596975308
17,1,ptf4,Precious Metals,37831.49815125789
17,1,ptf4,Bonds,237733.5077780123
17,1,ptf4,Crypto,60458.69865204124
17,1,ptf4,Stocks,359068.34123470285
17,1,ptf5,Cash,100000.0
17,1,ptf5,Real Estate,132573.22596975308
17,1,ptf5,Precious Metals,37831.49815125789
17,1,ptf5,Bonds,237733.5077780123
17,1,ptf5,Crypto,60458.69865204124
17,1,ptf5,Stocks,359068.34123470285
17,1,returns,Cash,0.0
17,1,returns,Money Market,0.01854021952396256
17,1,returns,Bonds,-0.06771173420387332
17,1,returns,Stocks,0.05608335657265551
17,1,returns,Crypto,0.42255761534214686
17,1,returns,Precious Metals,-0.10984710232334381
17,1,returns,Real Estate,-0.22015749429557005
17,1,contributions,,0.0
17,1,withdrawals,,50000.0
17,1,availableCash,,100000.0
17,1,cashBuffer,,150000.0
17,1,cashDepletion,,50000.0
17,1,shortfall,,0.0
17,1,cashReplenishment,,0
17,1,financialGainLoss,,-22334.7282142326
17,2,ptf_bop,Cash,100000.0
17,2,ptf_bop,Real Estate,132573.22596975308
17,2,ptf_bop,Precious Metals,37831.49815125789
17,2,ptf_bop,Bonds,237733.5077780123
17,2,ptf_bop,Crypto,60458.69865204124
17,2,ptf_bop,Stocks,359068.34123470285
17,2,ptf_eop,Cash,50000.0
17,2,ptf_eop,Real Estate,134033.2837603496
17,2,ptf_eop,Precious Metals,37370.89981047411
17,2,ptf_eop,Bonds,266005.0390784678
17,2,ptf_eop,Crypto,35416.54598939509
17,2,ptf_eop,Stocks,332132.53176176955
17,2,ptf1,Cash,50000.0
17,2,ptf1,Real Estate,132573.22596975308
17,2,ptf1,Precious Metals,37831.49815125789
17,2,ptf1,Bonds,237733.5077780123
17,2,ptf1,Crypto,60458.69865204124
17,2,ptf1,Stocks,359068.34123470285
17,2,ptf2,Cash,50000.0
17,2,ptf2,Real Estate,165533.05435715348
17,2,ptf2,Precious Metals,41383.26358928837
17,2,ptf2,Bonds,248299.58153573022
17,2,ptf2,Crypto,41383.26358928837
17,2,ptf2,Stocks,331066.10871430696
17,2,ptf3,Cash,50000.0
17,2,ptf3,Real Estate,134033.2837603496
17,2,ptf3,Precious Metals,37370.89981047411
17,2,ptf3,Bonds,266005.0390784678
17,2,ptf3,Crypto,35416.54598939509
17,2,ptf3,Stocks,332132.53176176955
17,2,ptf4,Cash,50000.0
17,2,ptf4,Real Estate,134033.2837603496
17,2,ptf4,Precious Metals,37370.89981047411
17,2,ptf4,Bonds,266005.0390784678
17,2,ptf4,Crypto,35416.54598939509
17,2,ptf4,Stocks,332132.53176176955
17,2,ptf5,Cash,50000.0
17,2,ptf5,Real Estate,134033.2837603496
17,2,ptf5,Precious Metals,37370.89981047411
17,2,ptf5,Bonds,266005.0390784678
17,2,ptf5,Crypto,35416.54598939509
17,2,ptf5,Stocks,332132.53176176955
17,2,returns,Cash,0.0
17,2,returns,Money Market,0.062408878212168666
17,2,returns,Bonds,0.0713068360132931
17,2,returns,Stocks,0.0032211785483087143
17,2,returns,Crypto,-0.14418190066183434
17,2,returns,Precious Metals,-0.09695619510909763
17,2,returns,Real Estate,-0.1902929340555761
17,2,contributions,,0.0
17,2,withdrawals,,50000.0
17,2,availableCash,,50000.0
17,2,cashBuffer,,150000.0
17,2,cashDepletion,,50000.0
17,2,shortfall,,0.0
17,2,cashReplenishment,,0
17,2,financialGainLoss,,-22706.97138531122
17,3,ptf_bop,Cash,50000.0
17,3,ptf_bop,Real Estate,134033.2837603496
17,3,ptf_bop,Precious Metals,37370.89981047411
17,3,ptf_bop,Bonds,266005.0390784678
17,3,ptf_bop,Crypto,35416.54598939509
17,3,ptf_bop,Stocks,332132.53176176955
17,3,ptf_eop,Cash,0.0
17,3,ptf_eop,Real Estate,136281.6264275201
17,3,ptf_eop,Precious Metals,31423.05475691867
17,3,ptf_eop,Bonds,251614.93695840222
17,3,ptf_eop,Crypto,31351.671229765285
17,3,ptf_eop,Stocks,297178.9085440877
17,3,ptf1,Cash,0.0
17,3,ptf1,Real Estate,134033.2837603496
17,3,ptf1,Precious Metals,37370.89981047411
17,3,ptf1,Bonds,266005.0390784678
17,3,ptf1,Crypto,35416.54598939509
17,3,ptf1,Stocks,332132.53176176955
17,3,ptf2,Cash,0.0
17,3,ptf2,Real Estate,160991.66008009127
17,3,ptf2,Precious Metals,40247.91502002282
17,3,ptf2,Bonds,241487.49012013688
17,3,ptf2,Crypto,40247.91502002282
17,3,ptf2,Stocks,321983.32016018254
17,3,ptf3,Cash,0.0
17,3,ptf3,Real Estate,136281.6264275201
17,3,ptf3,Precious Metals,31423.05475691867
17,3,ptf3,Bonds,251614.93695840222
17,3,ptf3,Crypto,31351.671229765285
17,3,ptf3,Stocks,297178.9085440877
17,3,ptf4,Cash,0.0
17,3,ptf4,Real Estate,136281.6264275201
17,3,ptf4,Precious Metals,31423.05475691867
17,3,ptf4,Bonds,251614.93695840222
17,3,ptf4,Crypto,31351.671229765285
17,3,ptf4,Stocks,297178.9085440877
17,3,ptf5,Cash,0.0
17,3,ptf5,Real Estate,136281.6264275201
17,3,ptf5,Precious Metals,31423.05475691867
17,3,ptf5,Bonds,251614.93695840222
17,3,ptf5,Crypto,31351.671229765285
17,3,ptf5,Stocks,297178.9085440877
17,3,returns,Cash,0.0
17,3,returns,Money Market,-0.013328499425557807
17,3,returns,Bonds,0.04193777008170107
17,3,returns,Stocks,-0.0770363247504714
17,3,returns,Crypto,-0.22103614027786944
17,3,returns,Precious Metals,-0.21926254462408537
17,3,returns,Real Estate,-0.15348642060264647
17,3,contributions,,0.0
17,3,withdrawals,,50000.0
17,3,availableCash,,0.0
17,3,cashBuffer,,150000.0
17,3,cashDepletion,,50000.0
17,3,shortfall,,0.0
17,3,cashReplenishment,,0
17,3,financialGainLoss,,-57108.10248376243
17,4,ptf_bop,Cash,0.0
17,4,ptf_bop,Real Estate,136281.6264275201
17,4,ptf_bop,Precious Metals,31423.05475691867
17,4,ptf_bop,Bonds,251614.93695840222
17,4,ptf_bop,Crypto,31351.671229765285
17,4,ptf_bop,Stocks,297178.9085440877
17,4,ptf_eop,Cash,0.0
17,4,ptf_eop,Real Estate,150162.24239046584
17,4,ptf_eop,Precious Metals,36286.72099396892
17,4,ptf_eop,Bonds,211241.93303071245
17,4,ptf_eop,Crypto,17021.343248040168
17,4,ptf_eop,Stocks,247806.87971249063
17,4,ptf1,Cash,0.0
17,4,ptf1,Real Estate,136281.6264275201
17,4,ptf1,Precious Metals,31423.05475691867
17,4,ptf1,Bonds,201614.93695840222
17,4,ptf1,Crypto,31351.671229765285
17,4,ptf1,Stocks,297178.9085440877
17,4,ptf2,Cash,0.0
17,4,ptf2,Real Estate,139570.0395833388
17,4,ptf2,Precious Metals,34892.5098958347
17,4,ptf2,Bonds,209355.0593750082
17,4,ptf2,Crypto,34892.5098958347
17,4,ptf2,Stocks,279140.0791666776
17,4,ptf3,Cash,0.0
17,4,ptf3,Real Estate,150162.24239046584
17,4,ptf3,Precious Metals,36286.72099396892
17,4,ptf3,Bonds,211241.93303071245
17,4,ptf3,Crypto,17021.343248040168
17,4,ptf3,Stocks,247806.87971249063
17,4,ptf4,Cash,0.0
17,4,ptf4,Real Estate,150162.24239046584
17,4,ptf4,Precious Metals,36286.72099396892
17,4,ptf4,Bonds,211241.93303071245
17,4,ptf4,Crypto,17021.343248040168
17,4,ptf4,Stocks,247806.87971249063
17,4,ptf5,Cash,0.0
17,4,ptf5,Real Estate,150162.24239046584
17,4,ptf5,Precious Metals,36286.72099396892
17,4,ptf5,Bonds,211241.93303071245
17,4,ptf5,Crypto,17021.343248040168
17,4,ptf5,Stocks,247806.87971249063
17,4,returns,Cash,0.0
17,4,returns,Money Market,0.004296723250970692
17,4,returns,Bonds,0.009012792245562166
17,4,returns,Stocks,-0.11224901686539106
17,4,returns,Crypto,-0.5121777338788662
17,4,returns,Precious Metals,0.03995731755314779
17,4,returns,Real Estate,0.07589166585284447
17,4,contributions,,0.0
17,4,withdrawals,,50000.0
17,4,availableCash,,0.0
17,4,cashBuffer,,150000.0
17,4,cashDepletion,,0.0
17,4,shortfall,,50000.0
17,4,cashReplenishment,,0
17,4,financialGainLoss,,-35331.07854101597
17,5,ptf_bop,Cash,0.0
17,5,ptf_bop,Real Estate,150162.24239046584
17,5,ptf_bop,Precious Metals,36286.72099396892
17,5,ptf_bop,Bonds,211241.93303071245
17,5,ptf_bop,Crypto,17021.343248040168
17,5,ptf_bop,Stocks,247806.87971249063
17,5,ptf_eop,Cash,23944.776048792875
17,5,ptf_eop,Real Estate,122503.8238751356
17,5,ptf_eop,Precious Metals,30625.9559687839
17,5,ptf_eop,Bonds,183755.7358127034
17,5,ptf_eop,Crypto,30625.9559687839
17,5,ptf_eop,Stocks,245007.6477502712
17,5,ptf1,Cash,0.0
17,5,ptf1,Real Estate,150162.24239046584
17,5,ptf1,Precious Metals,36286.72099396892
17,5,ptf1,Bonds,161241.93303071245
17,5,ptf1,Crypto,17021.343248040168
17,5,ptf1,Stocks,247806.87971249063
17,5,ptf2,Cash,0.0
17,5,ptf2,Real Estate,122503.8238751356
17,5,ptf2,Precious Metals,30625.9559687839
17,5,ptf2,Bonds,183755.7358127034
17,5,ptf2,Crypto,30625.9559687839
17,5,ptf2,Stocks,245007.6477502712
17,5,ptf3,Cash,0.0
17,5,ptf3,Real Estate,144345.73205242146
17,5,ptf3,Precious Metals,22408.259282166044
17,5,ptf3,Bonds,202045.60726273945
17,5,ptf3,Crypto,35368.41787332896
17,5,ptf3,Stocks,232295.87895381497
17,5,ptf4,Cash,23944.776048792875
17,5,ptf4,Real Estate,144345.73205242146
17,5,ptf4,Precious Metals,22408.259282166044
17,5,ptf4,Bonds,178100.83121394657
17,5,ptf4,Crypto,35368.41787332896
17,5,ptf4,Stocks,232295.87895381497
17,5,ptf5,Cash,23944.776048792875
17,5,ptf5,Real Estate,122503.8238751356
17,5,ptf5,Precious Metals,30625.9559687839
17,5,ptf5,Bonds,183755.7358127034
17,5,ptf5,Crypto,30625.9559687839
17,5,ptf5,Stocks,245007.6477502712
17,5,returns,Cash,0.0
17,5,returns,Money Market,0.04827133361059145
17,5,returns,Bonds,0.09953360840217991
17,5,returns,Stocks,-0.05188315104928046
17,5,returns,Crypto,0.15485106520034533
17,5,returns,Precious Metals,-0.2683245771983053
17,5,returns,Real Estate,0.1782957256872947
17,5,contributions,,0.0
17,5,withdrawals,,50000.0
17,5,availableCash,,0.0
17,5,cashBuffer,,150000.0
17,5,cashDepletion,,0.0
17,5,shortfall,,50000.0
17,5,cashReplenishment,,23944.776048792875
17,5,financialGainLoss,,23944.776048792875
17,6,ptf_bop,Cash,23944.776048792875
17,6,ptf_bop,Real Estate,122503.8238751356
17,6,ptf_bop,Precious Metals,30625.9559687839
17,6,ptf_bop,Bonds,183755.7358127034
17,6,ptf_bop,Crypto,30625.9559687839
17,6,ptf_bop,Stocks,245007.6477502712
17,6,ptf_eop,Cash,67373.7570638808
17,6,ptf_eop,Real Estate,117292.77908489415
17,6,ptf_eop,Precious Metals,29323.194771223538
17,6,ptf_eop,Bonds,175939.16862734125
17,6,ptf_eop,Crypto,29323.194771223538
17,6,ptf_eop,Stocks,234585.5581697883
17,6,ptf1,Cash,0.0
17,6,ptf1,Real Estate,122503.8238751356
17,6,ptf1,Precious Metals,30625.9559687839
17,6,ptf1,Bonds,157700.51186149628
17,6,ptf1,Crypto,30625.9559687839
17,6,ptf1,Stocks,245007.6477502712
17,6,ptf2,Cash,0.0
17,6,ptf2,Real Estate,117292.77908489417
17,6,ptf2,Precious Metals,29323.19477122354
17,6,ptf2,Bonds,175939.16862734128
17,6,ptf2,Crypto,29323.19477122354
17,6,ptf2,Stocks,234585.55816978833
17,6,ptf3,Cash,0.0
17,6,ptf3,Real Estate,133929.47642847677
17,6,ptf3,Precious Metals,24483.130830201673
17,6,ptf3,Bonds,182076.13151441922
17,6,ptf3,Crypto,31340.590199214923
17,6,ptf3,Stocks,282008.32351603894
17,6,ptf4,Cash,67373.7570638808
17,6,ptf4,Real Estate,133929.47642847677
17,6,ptf4,Precious Metals,24483.130830201673
17,6,ptf4,Bonds,114702.37445053842
17,6,ptf4,Crypto,31340.590199214923
17,6,ptf4,Stocks,282008.32351603894
17,6,ptf5,Cash,67373.7570638808
17,6,ptf5,Real Estate,117292.77908489415
17,6,ptf5,Precious Metals,29323.194771223538
17,6,ptf5,Bonds,175939.16862734125
17,6,ptf5,Crypto,29323.194771223538
17,6,ptf5,Stocks,234585.5581697883
17,6,returns,Cash,0.0
17,6,returns,Money Market,0.04730541117786201
17,6,returns,Bonds,0.034881163387083525
17,6,returns,Stocks,0.20215551936034779
17,6,returns,Crypto,0.06879862319678627
17,6,returns,Precious Metals,-0.1650592296911553
17,6,returns,Real Estate,0.14183905840905425
17,6,contributions,,0.0
17,6,withdrawals,,50000.0
17,6,availableCash,,0.0
17,6,cashBuffer,,150000.0
17,6,cashDepletion,,23944.776048792875
17,6,shortfall,,26055.223951207125
17,6,cashReplenishment,,67373.7570638808
17,6,financialGainLoss,,67373.7570638808
17,7,ptf_bop,Cash,67373.7570638808
17,7,ptf_bop,Real Estate,117292.77908489415
17,7,ptf_bop,Precious Metals,29323.194771223538
17,7,ptf_bop,Bonds,175939.16862734125
17,7,ptf_bop,Crypto,29323.194771223538
17,7,ptf_bop,Stocks,234585.5581697883
17,7,ptf_eop,Cash,17373.757063880796
17,7,ptf_eop,Real Estate,117591.13423600949
17,7,ptf_eop,Precious Metals,30615.42208417306
17,7,ptf_eop,Bonds,160844.97776437493
17,7,ptf_eop,Crypto,46754.28272886098
17,7,ptf_eop,Stocks,205560.05795962582
17,7,ptf1,Cash,17373.757063880796
17,7,ptf1,Real Estate,117292.77908489415
17,7,ptf1,Precious Metals,29323.194771223538
17,7,ptf1,Bonds,175939.16862734125
17,7,ptf1,Crypto,29323.194771223538
17,7,ptf1,Stocks,234585.5581697883
17,7,ptf2,Cash,17373.757063880796
17,7,ptf2,Real Estate,117292.77908489415
17,7,ptf2,Precious Metals,29323.194771223538
17,7,ptf2,Bonds,175939.16862734125
17,7,ptf2,Crypto,29323.194771223538
17,7,ptf2,Stocks,234585.5581697883
17,7,ptf3,Cash,17373.757063880796
17,7,ptf3,Real Estate,117591.13423600949
17,7,ptf3,Precious Metals,30615.42208417306
17,7,ptf3,Bonds,160844.97776437493
17,7,ptf3,Crypto,46754.28272886098
17,7,ptf3,Stocks,205560.05795962582
17,7,ptf4,Cash,17373.757063880796
17,7,ptf4,Real Estate,117591.13423600949
17,7,ptf4,Precious Metals,30615.42208417306
17,7,ptf4,Bonds,160844.97776437493
17,7,ptf4,Crypto,46754.28272886098
17,7,ptf4,Stocks,205560.05795962582
17,7,ptf5,Cash,17373.757063880796
17,7,ptf5,Real Estate,117591.13423600949
17,7,ptf5,Precious Metals,30615.42208417306
17,7,ptf5,Bonds,160844.97776437493
17,7,ptf5,Crypto,46754.28272886098
17,7,ptf5,Stocks,205560.05795962582
17,7,returns,Cash,0.0
17,7,returns,Money Market,-0.03336334779073589
17,7,returns,Bonds,-0.08579210064893214
17,7,returns,Stocks,-0.1237309766066434
17,7,returns,Crypto,0.594447095332993
17,7,returns,Precious Metals,0.044068435347217126
17,7,returns,Real Estate,0.002543678762180215
17,7,contributions,,0.0
17,7,withdrawals,,50000.0
17,7,availableCash,,17373.757063880796
17,7,cashBuffer,,150000.0
17,7,cashDepletion,,50000.0
17,7,shortfall,,0.0
17,7,cashReplenishment,,0
17,7,financialGainLoss,,-25098.020651426516
17,8,ptf_bop,Cash,17373.757063880796
17,8,ptf_bop,Real Estate,117591.13423600949
17,8,ptf_bop,Precious Metals,30615.42208417306
17,8,ptf_bop,Bonds,160844.97776437493
17,8,ptf_bop,Crypto,46754.28272886098
17,8,ptf_bop,Stocks,205560.05795962582
17,8,ptf_eop,Cash,0.0
17,8,ptf_eop,Real Estate,95711.16672631372
17,8,ptf_eop,Precious Metals,24936.604878802358
17,8,ptf_eop,Bonds,141310.268652844
17,8,ptf_eop,Crypto,24535.94559335919
17,8,ptf_eop,Stocks,232833.82344045304
17,8,ptf1,Cash,0.0
17,8,ptf1,Real Estate,117591.13423600949
17,8,ptf1,Precious Metals,30615.42208417306
17,8,ptf1,Bonds,128218.73482825572
17,8,ptf1,Crypto,46754.28272886098
17,8,ptf1,Stocks,205560.05795962582
17,8,ptf2,Cash,0.0
17,8,ptf2,Real Estate,105747.92636738502
17,8,ptf2,Precious Metals,26436.981591846255
17,8,ptf2,Bonds,158621.88955107753
17,8,ptf2,Crypto,26436.981591846255
17,8,ptf2,Stocks,211495.85273477004
17,8,ptf3,Cash,0.0
17,8,ptf3,Real Estate,95711.16672631372
17,8,ptf3,Precious Metals,24936.604878802358
17,8,ptf3,Bonds,141310.268652844
17,8,ptf3,Crypto,24535.94559335919
17,8,ptf3,Stocks,232833.82344045304
17,8,ptf4,Cash,0.0
17,8,ptf4,Real Estate,95711.16672631372
17,8,ptf4,Precious Metals,24936.604878802358
17,8,ptf4,Bonds,141310.268652844
17,8,ptf4,Crypto,24535.94559335919
17,8,ptf4,Stocks,232833.82344045304
17,8,ptf5,Cash,0.0
17,8,ptf5,Real Estate,95711.16672631372
17,8,ptf5,Precious Metals,24936.604878802358
17,8,ptf5,Bonds,141310.268652844
17,8,ptf5,Crypto,24535.94559335919
17,8,ptf5,Stocks,232833.82344045304
17,8,returns,Cash,0.0
17,8,returns,Money Market,-0.00047471156137914196
17,8,returns,Bonds,-0.10913765399736369
17,8,returns,Stocks,0.10089072872952373
17,8,returns,Crypto,-0.07190820903220616
17,8,returns,Precious Metals,-0.05675295070397327
17,8,returns,Real Estate,-0.09491211776769978
17,8,contributions,,0.0
17,8,withdrawals,,50000.0
17,8,availableCash,,0.0
17,8,cashBuffer,,150000.0
17,8,cashDepletion,,17373.757063880796
17,8,shortfall,,32626.242936119204
17,8,cashReplenishment,,0
17,8,financialGainLoss,,-9411.822545152856
17,9,ptf_bop,Cash,0.0
17,9,ptf_bop,Real Estate,95711.16672631372
17,9,ptf_bop,Precious Metals,24936.604878802358
17,9,ptf_bop,Bonds,141310.268652844
17,9,ptf_bop,Crypto,24535.94559335919
17,9,ptf_bop,Stocks,232833.82344045304
17,9,ptf_eop,Cash,0.0
17,9,ptf_eop,Real Estate,87365.4541719207
17,9,ptf_eop,Precious Metals,25826.261932761285
17,9,ptf_eop,Bonds,128182.98032492601
17,9,ptf_eop,Crypto,30005.6943763335
17,9,ptf_eop,Stocks,187510.10149966113
17,9,ptf1,Cash,0.0
17,9,ptf1,Real Estate,95711.16672631372
17,9,ptf1,Precious Metals,24936.604878802358
17,9,ptf1,Bonds,91310.26865284401
17,9,ptf1,Crypto,24535.94559335919
17,9,ptf1,Stocks,232833.82344045304
17,9,ptf2,Cash,0.0
17,9,ptf2,Real Estate,93865.56185835447
17,9,ptf2,Precious Metals,23466.390464588618
17,9,ptf2,Bonds,140798.3427875317
17,9,ptf2,Crypto,23466.390464588618
17,9,ptf2,Stocks,187731.12371670894
17,9,ptf3,Cash,0.0
17,9,ptf3,Real Estate,87365.4541719207
17,9,ptf3,Precious Metals,25826.261932761285
17,9,ptf3,Bonds,128182.98032492601
17,9,ptf3,Crypto,30005.6943763335
17,9,ptf3,Stocks,187510.10149966113
17,9,ptf4,Cash,0.0
17,9,ptf4,Real Estate,87365.4541719207
17,9,ptf4,Precious Metals,25826.261932761285
17,9,ptf4,Bonds,128182.98032492601
17,9,ptf4,Crypto,30005.6943763335
17,9,ptf4,Stocks,187510.10149966113
17,9,ptf5,Cash,0.0
17,9,ptf5,Real Estate,87365.4541719207
17,9,ptf5,Precious Metals,25826.261932761285
17,9,ptf5,Bonds,128182.98032492601
17,9,ptf5,Crypto,30005.6943763335
17,9,ptf5,Stocks,187510.10149966113
17,9,returns,Cash,0.0
17,9,returns,Money Market,-0.03523568747461099
17,9,returns,Bonds,-0.08959879933844526
17,9,returns,Stocks,-0.0011773339053854936
17,9,returns,Crypto,0.27866679886763424
17,9,returns,Precious Metals,0.100563888244073
17,9,returns,Real Estate,-0.06924912137896327
17,9,contributions,,0.0
17,9,withdrawals,,50000.0
17,9,availableCash,,0.0
17,9,cashBuffer,,150000.0
17,9,cashDepletion,,0.0
17,9,shortfall,,50000.0
17,9,cashReplenishment,,0
17,9,financialGainLoss,,-10437.316986169666
17,10,ptf_bop,Cash,0.0
17,10,ptf_bop,Real Estate,87365.4541719207
17,10,ptf_bop,Precious Metals,25826.261932761285
17,10,ptf_bop,Bonds,128182.98032492601
17,10,ptf_bop,Crypto,30005.6943763335
17,10,ptf_bop,Stocks,187510.10149966113
17,10,ptf_eop,Cash,12813.957952497702
17,10,ptf_eop,Real Estate,81778.09846112053
17,10,ptf_eop,Precious Metals,20444.524615280134
17,10,ptf_eop,Bonds,122667.1476916808
17,10,ptf_eop,Crypto,20444.524615280134
17,10,ptf_eop,Stocks,163556.19692224107
17,10,ptf1,Cash,0.0
17,10,ptf1,Real Estate,87365.4541719207
17,10,ptf1,Precious Metals,25826.261932761285
17,10,ptf1,Bonds,78182.98032492601
17,10,ptf1,Crypto,30005.6943763335
17,10,ptf1,Stocks,187510.10149966113
17,10,ptf2,Cash,0.0
17,10,ptf2,Real Estate,81778.09846112053
17,10,ptf2,Precious Metals,20444.524615280134
17,10,ptf2,Bonds,122667.14769168079
17,10,ptf2,Crypto,20444.524615280134
17,10,ptf2,Stocks,163556.19692224107
17,10,ptf3,Cash,0.0
17,10,ptf3,Real Estate,85416.16820217091
17,10,ptf3,Precious Metals,19061.638747707068
17,10,ptf3,Bonds,119581.51440549688
17,10,ptf3,Crypto,8925.961700377444
17,10,ptf3,Stocks,188719.16720234804
17,10,ptf4,Cash,12813.957952497702
17,10,ptf4,Real Estate,85416.16820217091
17,10,ptf4,Precious Metals,19061.638747707068
17,10,ptf4,Bonds,106767.55645299918
17,10,ptf4,Crypto,8925.961700377444
17,10,ptf4,Stocks,188719.16720234804
17,10,ptf5,Cash,12813.957952497702
17,10,ptf5,Real Estate,81778.09846112053
17,10,ptf5,Precious Metals,20444.524615280134
17,10,ptf5,Bonds,122667.1476916808
17,10,ptf5,Crypto,20444.524615280134
17,10,ptf5,Stocks,163556.19692224107
17,10,returns,Cash,0.0
17,10,returns,Money Market,0.04549998876613877
17,10,returns,Bonds,-0.025154520539920906
17,10,returns,Stocks,0.15384907911541917
17,10,returns,Crypto,-0.5634057593246152
17,10,returns,Precious Metals,-0.06764089131911163
17,10,returns,Real Estate,0.04448709140357447
17,10,contributions,,0.0
17,10,withdrawals,,50000.0
17,10,availableCash,,0.0
17,10,cashBuffer,,150000.0
17,10,cashDepletion,,0.0
17,10,shortfall,,50000.0
17,10,cashReplenishment,,12813.957952497702
17,10,financialGainLoss,,12813.957952497702
17,11,ptf_bop,Cash,12813.957952497702
17,11,ptf_bop,Real Estate,81778.09846112053
17,11,ptf_bop,Precious Metals,20444.524615280134
17,11,ptf_bop,Bonds,122667.1476916808
17,11,ptf_bop,Crypto,20444.524615280134
17,11,ptf_bop,Stocks,163556.19692224107
17,11,ptf_eop,Cash,8447.3086567492
17,11,ptf_eop,Real Estate,74340.89005162008
17,11,ptf_eop,Precious Metals,18585.22251290502
17,11,ptf_eop,Bonds,111511.33507743012
17,11,ptf_eop,Crypto,18585.22251290502
17,11,ptf_eop,Stocks,148681.78010324016
17,11,ptf1,Cash,0.0
17,11,ptf1,Real Estate,81778.09846112053
17,11,ptf1,Precious Metals,20444.524615280134
17,11,ptf1,Bonds,85481.1056441785
17,11,ptf1,Crypto,20444.524615280134
17,11,ptf1,Stocks,163556.19692224107
17,11,ptf2,Cash,0.0
17,11,ptf2,Real Estate,74340.89005162008
17,11,ptf2,Precious Metals,18585.22251290502
17,11,ptf2,Bonds,111511.33507743012
17,11,ptf2,Crypto,18585.22251290502
17,11,ptf2,Stocks,148681.78010324016
17,11,ptf3,Cash,0.0
17,11,ptf3,Real Estate,78012.4845040246
17,11,ptf3,Precious Metals,24611.795759422504
17,11,ptf3,Bonds,108395.69691134585
17,11,ptf3,Crypto,16675.640834686794
17,11,ptf3,Stocks,152456.14090536983
17,11,ptf4,Cash,8447.3086567492
17,11,ptf4,Real Estate,78012.4845040246
17,11,ptf4,Precious Metals,24611.795759422504
17,11,ptf4,Bonds,99948.38825459665
17,11,ptf4,Crypto,16675.640834686794
17,11,ptf4,Stocks,152456.14090536983
17,11,ptf5,Cash,8447.3086567492
17,11,ptf5,Real Estate,74340.89005162008
17,11,ptf5,Precious Metals,18585.22251290502
17,11,ptf5,Bonds,111511.33507743012
17,11,ptf5,Crypto,18585.22251290502
17,11,ptf5,Stocks,148681.78010324016
17,11,returns,Cash,0.0
17,11,returns,Money Market,0.019584182084310377
17,11,returns,Bonds,-0.027940102805879476
17,11,returns,Stocks,0.02538549645766192
17,11,returns,Crypto,-0.1027473131888666
17,11,returns,Precious Metals,0.32426694070156076
17,11,returns,Real Estate,0.04938862649956268
17,11,contributions,,0.0
17,11,withdrawals,,50000.0
17,11,availableCash,,0.0
17,11,cashBuffer,,150000.0
17,11,cashDepletion,,12813.957952497702
17,11,shortfall,,37186.0420475023
17,11,cashReplenishment,,8447.3086567492
17,11,financialGainLoss,,8447.3086567492
17,12,ptf_bop,Cash,8447.3086567492
17,12,ptf_bop,Real Estate,74340.89005162008
17,12,ptf_bop,Precious Metals,18585.22251290502
17,12,ptf_bop,Bonds,111511.33507743012
17,12,ptf_bop,Crypto,18585.22251290502
17,12,ptf_bop,Stocks,148681.78010324016
17,12,ptf_eop,Cash,0.0
17,12,ptf_eop,Real Estate,41405.54516172718
17,12,ptf_eop,Precious Metals,18570.545410193983
17,12,ptf_eop,Bonds,108016.97906350635
17,12,ptf_eop,Crypto,13304.185246426543
17,12,ptf_eop,Stocks,90246.96698731063
17,12,ptf1,Cash,0.0
17,12,ptf1,Real Estate,74340.89005162008
17,12,ptf1,Precious Metals,18585.22251290502
17,12,ptf1,Bonds,69958.64373417932
17,12,ptf1,Crypto,18585.22251290502
17,12,ptf1,Stocks,148681.78010324016
17,12,ptf2,Cash,0.0
17,12,ptf2,Real Estate,66030.35178296993
17,12,ptf2,Precious Metals,16507.58794574248
17,12,ptf2,Bonds,99045.52767445488
17,12,ptf2,Crypto,16507.58794574248
17,12,ptf2,Stocks,132060.70356593985
17,12,ptf3,Cash,0.0
17,12,ptf3,Real Estate,41405.54516172718
17,12,ptf3,Precious Metals,18570.545410193983
17,12,ptf3,Bonds,108016.97906350635
17,12,ptf3,Crypto,13304.185246426543
17,12,ptf3,Stocks,90246.96698731063
17,12,ptf4,Cash,0.0
17,12,ptf4,Real Estate,41405.54516172718
17,12,ptf4,Precious Metals,18570.545410193983
17,12,ptf4,Bonds,108016.97906350635
17,12,ptf4,Crypto,13304.185246426543
17,12,ptf4,Stocks,90246.96698731063
17,12,ptf5,Cash,0.0
17,12,ptf5,Real Estate,41405.54516172718
17,12,ptf5,Precious Metals,18570.545410193983
17,12,ptf5,Bonds,108016.97906350635
17,12,ptf5,Crypto,13304.185246426543
17,12,ptf5,Stocks,90246.96698731063
17,12,returns,Cash,0.0
17,12,returns,Money Market,0.10292604447287088
17,12,returns,Bonds,0.09057906600830122
17,12,returns,Stocks,-0.31662512351943517
17,12,returns,Crypto,-0.19405637636733822
17,12,returns,Precious Metals,0.12497025436012082
17,12,returns,Real Estate,-0.3729316285059349
17,12,contributions,,0.0
17,12,withdrawals,,50000.0
17,12,availableCash,,0.0
17,12,cashBuffer,,150000.0
17,12,cashDepletion,,8447.3086567492
17,12,shortfall,,41552.6913432508
17,12,cashReplenishment,,0
17,12,financialGainLoss,,-58607.537045684876
17,13,ptf_bop,Cash,0.0
17,13,ptf_bop,Real Estate,41405.54516172718
17,13,ptf_bop,Precious Metals,18570.545410193983
17,13,ptf_bop,Bonds,108016.97906350635
17,13,ptf_bop,Crypto,13304.185246426543
17,13,ptf_bop,Stocks,90246.96698731063
17,13,ptf_eop,Cash,0.0
17,13,ptf_eop,Real Estate,21279.85552611551
17,13,ptf_eop,Precious Metals,9379.436368758003
17,13,ptf_eop,Bonds,71842.77782310451
17,13,ptf_eop,Crypto,8794.363587536795
17,13,ptf_eop,Stocks,81691.18591338769
17,13,ptf1,Cash,0.0
17,13,ptf1,Real Estate,41405.54516172718
17,13,ptf1,Precious Metals,18570.545410193983
17,13,ptf1,Bonds,58016.979063506355
17,13,ptf1,Crypto,13304.185246426543
17,13,ptf1,Stocks,90246.96698731063
17,13,ptf2,Cash,0.0
17,13,ptf2,Real Estate,44308.84437383293
17,13,ptf2,Precious Metals,11077.211093458232
17,13,ptf2,Bonds,66463.2665607494
17,13,ptf2,Crypto,11077.211093458232
17,13,ptf2,Stocks,88617.68874766586
17,13,ptf3,Cash,0.0
17,13,ptf3,Real Estate,21279.85552611551
17,13,ptf3,Precious Metals,9379.436368758003
17,13,ptf3,Bonds,71842.77782310451
17,13,ptf3,Crypto,8794.363587536795
17,13,ptf3,Stocks,81691.18591338769
17,13,ptf4,Cash,0.0
17,13,ptf4,Real Estate,21279.85552611551
17,13,ptf4,Precious Metals,9379.436368758003
17,13,ptf4,Bonds,71842.77782310451
17,13,ptf4,Crypto,8794.363587536795
17,13,ptf4,Stocks,81691.18591338769
17,13,ptf5,Cash,0.0
17,13,ptf5,Real Estate,21279.85552611551
17,13,ptf5,Precious Metals,9379.436368758003
17,13,ptf5,Bonds,71842.77782310451
17,13,ptf5,Crypto,8794.363587536795
17,13,ptf5,Stocks,81691.18591338769
17,13,returns,Cash,0.0
17,13,returns,Money Market,0.04328768615896934
17,13,returns,Bonds,0.08093961583182313
17,13,returns,Stocks,-0.07816162813725615
17,13,returns,Crypto,-0.20608504132142064
17,13,returns,Precious Metals,-0.15326734413347673
17,13,returns,Real Estate,-0.5197379704472148
17,13,contributions,,0.0
17,13,withdrawals,,50000.0
17,13,availableCash,,0.0
17,13,cashBuffer,,150000.0
17,13,cashDepletion,,0.0
17,13,shortfall,,50000.0
17,13,cashReplenishment,,0
17,13,financialGainLoss,,-28556.602650262183
17,14,ptf_bop,Cash,0.0
17,14,ptf_bop,Real Estate,21279.85552611551
17,14,ptf_bop,Precious Metals,9379.436368758003
17,14,ptf_bop,Bonds,71842.77782310451
17,14,ptf_bop,Crypto,8794.363587536795
17,14,ptf_bop,Stocks,81691.18591338769
17,14,ptf_eop,Cash,0.0
17,14,ptf_eop,Real Estate,33697.03049679853
17,14,ptf_eop,Precious Metals,7241.551833303234
17,14,ptf_eop,Bonds,47947.50306600262
17,14,ptf_eop,Crypto,8410.68559944082
17,14,ptf_eop,Stocks,44710.33149992905
17,14,ptf1,Cash,0.0
17,14,ptf1,Real Estate,21279.85552611551
17,14,ptf1,Precious Metals,9379.436368758003
17,14,ptf1,Bonds,21842.77782310451
17,14,ptf1,Crypto,8794.363587536795
17,14,ptf1,Stocks,81691.18591338769
17,14,ptf2,Cash,0.0
17,14,ptf2,Real Estate,28597.523843780495
17,14,ptf2,Precious Metals,7149.380960945124
17,14,ptf2,Bonds,42896.28576567074
17,14,ptf2,Crypto,7149.380960945124
17,14,ptf2,Stocks,57195.04768756099
17,14,ptf3,Cash,0.0
17,14,ptf3,Real Estate,33697.03049679853
17,14,ptf3,Precious Metals,7241.551833303234
17,14,ptf3,Bonds,47947.50306600262
17,14,ptf3,Crypto,8410.68559944082
17,14,ptf3,Stocks,44710.33149992905
17,14,ptf4,Cash,0.0
17,14,ptf4,Real Estate,33697.03049679853
17,14,ptf4,Precious Metals,7241.551833303234
17,14,ptf4,Bonds,47947.50306600262
17,14,ptf4,Crypto,8410.68559944082
17,14,ptf4,Stocks,44710.33149992905
17,14,ptf5,Cash,0.0
17,14,ptf5,Real Estate,33697.03049679853
17,14,ptf5,Precious Metals,7241.551833303234
17,14,ptf5,Bonds,47947.50306600262
17,14,ptf5,Crypto,8410.68559944082
17,14,ptf5,Stocks,44710.33149992905
17,14,returns,Cash,0.0
17,14,returns,Money Market,0.05363859394014184
17,14,returns,Bonds,0.11775418804148062
17,14,returns,Stocks,-0.2182831677286487
17,14,returns,Crypto,0.17642151752519794
17,14,returns,Precious Metals,0.012892147286822536
17,14,returns,Real Estate,0.17831986716315293
17,14,contributions,,0.0
17,14,withdrawals,,50000.0
17,14,availableCash,,0.0
17,14,cashBuffer,,150000.0
17,14,cashDepletion,,0.0
17,14,shortfall,,50000.0
17,14,cashReplenishment,,0
17,14,financialGainLoss,,-980.5167234282417
17,15,ptf_bop,Cash,0.0
17,15,ptf_bop,Real Estate,33697.03049679853
17,15,ptf_bop,Precious Metals,7241.551833303234
17,15,ptf_bop,Bonds,47947.50306600262
17,15,ptf_bop,Crypto,8410.68559944082
17,15,ptf_bop,Stocks,44710.33149992905
17,15,ptf_eop,Cash,20207.31216930339
17,15,ptf_eop,Real Estate,18401.420499094853
17,15,ptf_eop,Precious Metals,4600.355124773713
17,15,ptf_eop,Bonds,27602.130748642277
17,15,ptf_eop,Crypto,4600.355124773713
17,15,ptf_eop,Stocks,36802.840998189706
17,15,ptf1,Cash,0.0
17,15,ptf1,Real Estate,33697.03049679853
17,15,ptf1,Precious Metals,7241.551833303234
17,15,ptf1,Bonds,-2052.496933997383
17,15,ptf1,Crypto,8410.68559944082
17,15,ptf1,Stocks,44710.33149992905
17,15,ptf2,Cash,0.0
17,15,ptf2,Real Estate,18401.42049909485
17,15,ptf2,Precious Metals,4600.355124773712
17,15,ptf2,Bonds,27602.130748642274
17,15,ptf2,Crypto,4600.355124773712
17,15,ptf2,Stocks,36802.8409981897
17,15,ptf3,Cash,0.0
17,15,ptf3,Real Estate,24834.77948761411
17,15,ptf3,Precious Metals,5757.850056718551
17,15,ptf3,Bonds,24766.098478236596
17,15,ptf3,Crypto,5203.408459288396
17,15,ptf3,Stocks,51652.27818291998
17,15,ptf4,Cash,20207.31216930339
17,15,ptf4,Real Estate,24834.77948761411
17,15,ptf4,Precious Metals,5757.850056718551
17,15,ptf4,Bonds,4558.786308933206
17,15,ptf4,Crypto,5203.408459288396
17,15,ptf4,Stocks,51652.27818291998
17,15,ptf5,Cash,20207.31216930339
17,15,ptf5,Real Estate,18401.420499094853
17,15,ptf5,Precious Metals,4600.355124773713
17,15,ptf5,Bonds,27602.130748642277
17,15,ptf5,Crypto,4600.355124773713
17,15,ptf5,Stocks,36802.840998189706
17,15,returns,Cash,0.0
17,15,returns,Money Market,0.017218506534936603
17,15,returns,Bonds,-0.10274686024176517
17,15,returns,Stocks,0.40348616525177283
17,15,returns,Crypto,0.13108843081855512
17,15,returns,Precious Metals,0.2516099084854399
17,15,returns,Real Estate,0.3496120850472229
17,15,contributions,,0.0
17,15,withdrawals,,50000.0
17,15,availableCash,,0.0
17,15,cashBuffer,,150000.0
17,15,cashDepletion,,0.0
17,15,shortfall,,50000.0
17,15,cashReplenishment,,20207.31216930339
17,15,financialGainLoss,,20207.31216930339
17,16,ptf_bop,Cash,20207.31216930339
17,16,ptf_bop,Real Estate,18401.420499094853
17,16,ptf_bop,Precious Metals,4600.355124773713
17,16,ptf_bop,Bonds,27602.130748642277
17,16,ptf_bop,Crypto,4600.355124773713
17,16,ptf_bop,Stocks,36802.840998189706
17,16,ptf_eop,Cash,9195.319234527327
17,16,ptf_eop,Real Estate,12442.88293295553
17,16,ptf_eop,Precious Metals,3110.7207332388825
17,16,ptf_eop,Bonds,18664.324399433295
17,16,ptf_eop,Crypto,3110.7207332388825
17,16,ptf_eop,Stocks,24885.76586591106
17,16,ptf1,Cash,0.0
17,16,ptf1,Real Estate,18401.420499094853
17,16,ptf1,Precious Metals,4600.355124773713
17,16,ptf1,Bonds,-2190.5570820543326
17,16,ptf1,Crypto,4600.355124773713
17,16,ptf1,Stocks,36802.840998189706
17,16,ptf2,Cash,0.0
17,16,ptf2,Real Estate,12442.88293295553
17,16,ptf2,Precious Metals,3110.7207332388825
17,16,ptf2,Bonds,18664.324399433295
17,16,ptf2,Crypto,3110.7207332388825
17,16,ptf2,Stocks,24885.76586591106
17,16,ptf3,Cash,0.0
17,16,ptf3,Real Estate,13892.031616362481
17,16,ptf3,Precious Metals,3759.5074369086547
17,16,ptf3,Bonds,20688.533585123216
17,16,ptf3,Crypto,3739.5590015652792
17,16,ptf3,Stocks,29330.10225934535
17,16,ptf4,Cash,9195.319234527327
17,16,ptf4,Real Estate,13892.031616362481
17,16,ptf4,Precious Metals,3759.5074369086547
17,16,ptf4,Bonds,11493.214350595888
17,16,ptf4,Crypto,3739.5590015652792
17,16,ptf4,Stocks,29330.10225934535
17,16,ptf5,Cash,9195.319234527327
17,16,ptf5,Real Estate,12442.88293295553
17,16,ptf5,Precious Metals,3110.7207332388825
17,16,ptf5,Bonds,18664.324399433295
17,16,ptf5,Crypto,3110.7207332388825
17,16,ptf5,Stocks,24885.76586591106
17,16,returns,Cash,0.0
17,16,returns,Money Market,-0.005021330401773931
17,16,returns,Bonds,0.1084533863840997
17,16,returns,Stocks,0.17858949639650082
17,16,returns,Crypto,0.20215195199205485
17,16,returns,Precious Metals,0.20856475373610783
17,16,returns,Real Estate,0.11646406152137104
17,16,contributions,,0.0
17,16,withdrawals,,50000.0
17,16,availableCash,,0.0
17,16,cashBuffer,,150000.0
17,16,cashDepletion,,20207.31216930339
17,16,shortfall,,29792.68783069661
17,16,cashReplenishment,,9195.319234527327
17,16,financialGainLoss,,9195.319234527327
17,17,ptf_bop,Cash,9195.319234527327
17,17,ptf_bop,Real Estate,12442.88293295553
17,17,ptf_bop,Precious Metals,3110.7207332388825
17,17,ptf_bop,Bonds,18664.324399433295
17,17,ptf_bop,Crypto,3110.7207332388825
17,17,ptf_bop,Stocks,24885.76586591106
17,17,ptf_eop,Cash,0.0
17,17,ptf_eop,Real Estate,4030.7552148764557
17,17,ptf_eop,Precious Metals,1277.5507844470662
17,17,ptf_eop,Bonds,6794.560294195634
17,17,ptf_eop,Crypto,1375.7298753373807
17,17,ptf_eop,Stocks,6298.574464799598
17,17,ptf1,Cash,0.0
17,17,ptf1,Real Estate,12442.88293295553
17,17,ptf1,Precious Metals,3110.7207332388825
17,17,ptf1,Bonds,-22140.356366039377
17,17,ptf1,Crypto,3110.7207332388825
17,17,ptf1,Stocks,24885.76586591106
17,17,ptf2,Cash,0.0
17,17,ptf2,Real Estate,4281.946779860996
17,17,ptf2,Precious Metals,1070.486694965249
17,17,ptf2,Bonds,6422.920169791493
17,17,ptf2,Crypto,1070.486694965249
17,17,ptf2,Stocks,8563.893559721992
17,17,ptf3,Cash,0.0
17,17,ptf3,Real Estate,4030.7552148764557
17,17,ptf3,Precious Metals,1277.5507844470662
17,17,ptf3,Bonds,6794.560294195634
17,17,ptf3,Crypto,1375.7298753373807
17,17,ptf3,Stocks,6298.574464799598
17,17,ptf4,Cash,0.0
17,17,ptf4,Real Estate,4030.7552148764557
17,17,ptf4,Precious Metals,1277.5507844470662
17,17,ptf4,Bonds,6794.560294195634
17,17,ptf4,Crypto,1375.7298753373807
17,17,ptf4,Stocks,6298.574464799598
17,17,ptf5,Cash,0.0
17,17,ptf5,Real Estate,4030.7552148764557
17,17,ptf5,Precious Metals,1277.5507844470662
17,17,ptf5,Bonds,6794.560294195634
17,17,ptf5,Crypto,1375.7298753373807
17,17,ptf5,Stocks,6298.574464799598
17,17,returns,Cash,0.0
17,17,returns,Money Market,-0.00167249025278844
17,17,returns,Bonds,0.057861551222768
17,17,returns,Stocks,-0.26451976301722413
17,17,returns,Crypto,0.2851443010060398
17,17,returns,Precious Metals,0.193429858078282
17,17,returns,Real Estate,-0.058662934851491606
17,17,contributions,,0.0
17,17,withdrawals,,50000.0
17,17,availableCash,,0.0
17,17,cashBuffer,,150000.0
17,17,cashDepletion,,9195.319234527327
17,17,shortfall,,40804.68076547267
17,17,cashReplenishment,,0
17,17,financialGainLoss,,-1632.5632656488451
17,18,ptf_bop,Cash,0.0
17,18,ptf_bop,Real Estate,4030.7552148764557
17,18,ptf_bop,Precious Metals,1277.5507844470662
17,18,ptf_bop,Bonds,6794.560294195634
17,18,ptf_bop,Crypto,1375.7298753373807
17,18,ptf_bop,Stocks,6298.574464799598
17,18,ptf_eop,Cash,1748.1602474096035
17,18,ptf_eop,Real Estate,-6044.565873268775
17,18,ptf_eop,Precious Metals,-1511.1414683171938
17,18,ptf_eop,Bonds,-9066.848809903164
17,18,ptf_eop,Crypto,-1511.1414683171938
17,18,ptf_eop,Stocks,-12089.13174653755
17,18,ptf1,Cash,0.0
17,18,ptf1,Real Estate,4030.7552148764557
17,18,ptf1,Precious Metals,1277.5507844470662
17,18,ptf1,Bonds,-43205.43970580437
17,18,ptf1,Crypto,1375.7298753373807
17,18,ptf1,Stocks,6298.574464799598
17,18,ptf2,Cash,0.0
17,18,ptf2,Real Estate,-6044.565873268774
17,18,ptf2,Precious Metals,-1511.1414683171936
17,18,ptf2,Bonds,-9066.848809903162
17,18,ptf2,Crypto,-1511.1414683171936
17,18,ptf2,Stocks,-12089.131746537549
17,18,ptf3,Cash,0.0
17,18,ptf3,Real Estate,-5939.910309156031
17,18,ptf3,Precious Metals,-1416.6881028164669
17,18,ptf3,Bonds,-7961.981257949413
17,18,ptf3,Crypto,-2110.2880006628725
17,18,ptf3,Stocks,-11045.801448349488
17,18,ptf4,Cash,1748.1602474096035
17,18,ptf4,Real Estate,-5939.910309156031
17,18,ptf4,Precious Metals,-1416.6881028164669
17,18,ptf4,Bonds,-9710.141505359017
17,18,ptf4,Crypto,-2110.2880006628725
17,18,ptf4,Stocks,-11045.801448349488
17,18,ptf5,Cash,1748.1602474096035
17,18,ptf5,Real Estate,-6044.565873268775
17,18,ptf5,Precious Metals,-1511.1414683171938
17,18,ptf5,Bonds,-9066.848809903164
17,18,ptf5,Crypto,-1511.1414683171938
17,18,ptf5,Stocks,-12089.13174653755
17,18,returns,Cash,0.0
17,18,returns,Money Market,-0.021440724773672787
17,18,returns,Bonds,-0.12185794371545824
17,18,returns,Stocks,-0.08630316221732638
17,18,returns,Crypto,0.3964860636197672
17,18,returns,Precious Metals,-0.06250464796384013
17,18,returns,Real Estate,-0.017313991824552274
17,18,contributions,,0.0
17,18,withdrawals,,50000.0
17,18,availableCash,,0.0
17,18,cashBuffer,,150000.0
17,18,cashDepletion,,0.0
17,18,shortfall,,50000.0
17,18,cashReplenishment,,1748.1602474096035
17,18,financialGainLoss,,1748.1602474096035
17,19,ptf_bop,Cash,1748.1602474096035
17,19,ptf_bop,Real Estate,-6044.565873268775
17,19,ptf_bop,Precious Metals,-1511.1414683171938
17,19,ptf_bop,Bonds,-9066.848809903164
17,19,ptf_bop,Crypto,-1511.1414683171938
17,19,ptf_bop,Stocks,-12089.13174653755
17,19,ptf_eop,Cash,0.0
17,19,ptf_eop,Real Estate,-18423.34090777062
17,19,ptf_eop,Precious Metals,-3226.248149992028
17,19,ptf_eop,Bonds,-26642.235468905783
17,19,ptf_eop,Crypto,-2358.6340840308994
17,19,ptf_eop,Stocks,-38357.85687360264
17,19,ptf1,Cash,0.0
17,19,ptf1,Real Estate,-6044.565873268775
17,19,ptf1,Precious Metals,-1511.1414683171938
17,19,ptf1,Bonds,-57318.68856249357
17,19,ptf1,Crypto,-1511.1414683171938
17,19,ptf1,Stocks,-12089.13174653755
17,19,ptf2,Cash,0.0
17,19,ptf2,Real Estate,-15694.933823786852
17,19,ptf2,Precious Metals,-3923.733455946713
17,19,ptf2,Bonds,-23542.40073568028
17,19,ptf2,Crypto,-3923.733455946713
17,19,ptf2,Stocks,-31389.867647573705
17,19,ptf3,Cash,0.0
17,19,ptf3,Real Estate,-18423.34090777062
17,19,ptf3,Precious Metals,-3226.248149992028
17,19,ptf3,Bonds,-26642.235468905783
17,19,ptf3,Crypto,-2358.6340840308994
17,19,ptf3,Stocks,-38357.85687360264
17,19,ptf4,Cash,0.0
17,19,ptf4,Real Estate,-18423.34090777062
17,19,ptf4,Precious Metals,-3226.248149992028
17,19,ptf4,Bonds,-26642.235468905783
17,19,ptf4,Crypto,-2358.6340840308994
17,19,ptf4,Stocks,-38357.85687360264
17,19,ptf5,Cash,0.0
17,19,ptf5,Real Estate,-18423.34090777062
17,19,ptf5,Precious Metals,-3226.248149992028
17,19,ptf5,Bonds,-26642.235468905783
17,19,ptf5,Crypto,-2358.6340840308994
17,19,ptf5,Stocks,-38357.85687360264
17,19,returns,Cash,0.0
17,19,returns,Money Market,0.06623862914380038
17,19,returns,Bonds,0.1316702900451214
17,19,returns,Stocks,0.22198211551132602
17,19,returns,Crypto,-0.39888014552665085
17,19,returns,Precious Metals,-0.17776062359628267
17,19,returns,Real Estate,0.1738399864960668
17,19,contributions,,0.0
17,19,withdrawals,,50000.0
17,19,availableCash,,0.0
17,19,cashBuffer,,150000.0
17,19,cashDepletion,,1748.1602474096035
17,19,shortfall,,48251.8397525904
17,19,cashReplenishment,,0
17,19,financialGainLoss,,-10533.646365367706
17,20,ptf_bop,Cash,0.0
17,20,ptf_bop,Real Estate,-18423.34090777062
17,20,ptf_bop,Precious Metals,-3226.248149992028
17,20,ptf_bop,Bonds,-26642.235468905783
17,20,ptf_bop,Crypto,-2358.6340840308994
17,20,ptf_bop,Stocks,-38357.85687360264
17,20,ptf_eop,Cash,0.0
17,20,ptf_eop,Real Estate,-34432.98457606607
17,20,ptf_eop,Precious Metals,-7763.68665583951
17,20,ptf_eop,Bonds,-51067.93232450672
17,20,ptf_eop,Crypto,-4324.530202518191
17,20,ptf_eop,Stocks,-63649.35803237951
17,20,ptf1,Cash,0.0
17,20,ptf1,Real Estate,-18423.34090777062
17,20,ptf1,Precious Metals,-3226.248149992028
17,20,ptf1,Bonds,-76642.23546890578
17,20,ptf1,Crypto,-2358.6340840308994
17,20,ptf1,Stocks,-38357.85687360264
17,20,ptf2,Cash,0.0
17,20,ptf2,Real Estate,-27801.663096860397
17,20,ptf2,Precious Metals,-6950.415774215099
17,20,ptf2,Bonds,-41702.49464529059
17,20,ptf2,Crypto,-6950.415774215099
17,20,ptf2,Stocks,-55603.32619372079
17,20,ptf3,Cash,0.0
17,20,ptf3,Real Estate,-34432.98457606607
17,20,ptf3,Precious Metals,-7763.68665583951
17,20,ptf3,Bonds,-51067.93232450672
17,20,ptf3,Crypto,-4324.530202518191
17,20,ptf3,Stocks,-63649.35803237951
17,20,ptf4,Cash,0.0
17,20,ptf4,Real Estate,-34432.98457606607
17,20,ptf4,Precious Metals,-7763.68665583951
17,20,ptf4,Bonds,-51067.93232450672
17,20,ptf4,Crypto,-4324.530202518191
17,20,ptf4,Stocks,-63649.35803237951
17,20,ptf5,Cash,0.0
17,20,ptf5,Real Estate,-34432.98457606607
17,20,ptf5,Precious Metals,-7763.68665583951
17,20,ptf5,Bonds,-51067.93232450672
17,20,ptf5,Crypto,-4324.530202518191
17,20,ptf5,Stocks,-63649.35803237951
17,20,returns,Cash,0.0
17,20,returns,Money Market,0.05215387257443393
17,20,returns,Bonds,0.22457739660123083
17,20,returns,Stocks,0.1447041461265558
17,20,returns,Crypto,-0.37780266058881146
17,20,returns,Precious Metals,0.1170103930532492
17,20,returns,Real Estate,0.23852247457651327
17,20,contributions,,0.0
17,20,withdrawals,,50000.0
17,20,availableCash,,0.0
17,20,cashBuffer,,150000.0
17,20,cashDepletion,,0.0
17,20,shortfall,,50000.0
17,20,cashReplenishment,,0
17,20,financialGainLoss,,-22230.17630700802
18,1,ptf_bop,Cash,150000.0
18,1,ptf_bop,Real Estate,170000.0
18,1,ptf_bop,Precious Metals,42500.0
18,1,ptf_bop,Bonds,255000.0
18,1,ptf_bop,Crypto,42500.0
18,1,ptf_bop,Stocks,340000.0
18,1,ptf_eop,Cash,100000.0
18,1,ptf_eop,Real Estate,172214.99755001263
18,1,ptf_eop,Precious Metals,38546.46516778415
18,1,ptf_eop,Bonds,233485.81825070645
18,1,ptf_eop,Crypto,32952.75148981673
18,1,ptf_eop,Stocks,285395.73909891816
18,1,ptf1,Cash,100000.0
18,1,ptf1,Real Estate,170000.0
18,1,ptf1,Precious Metals,42500.0
18,1,ptf1,Bonds,255000.0
18,1,ptf1,Crypto,42500.0
18,1,ptf1,Stocks,340000.0
18,1,ptf2,Cash,100000.0
18,1,ptf2,Real Estate,170000.0
18,1,ptf2,Precious Metals,42500.0
18,1,ptf2,Bonds,255000.0
18,1,ptf2,Crypto,42500.0
18,1,ptf2,Stocks,340000.0
18,1,ptf3,Cash,100000.0
18,1,ptf3,Real Estate,172214.99755001263
18,1,ptf3,Precious Metals,38546.46516778415
18,1,ptf3,Bonds,233485.81825070645
18,1,ptf3,Crypto,32952.75148981673
18,1,ptf3,Stocks,285395.73909891816
18,1,ptf4,Cash,100000.0
18,1,ptf4,Real Estate,172214.99755001263
18,1,ptf4,Precious Metals,38546.46516778415
18,1,ptf4,Bonds,233485.81825070645
18,1,ptf4,Crypto,32952.75148981673
18,1,ptf4,Stocks,285395.73909891816
18,1,ptf5,Cash,100000.0
18,1,ptf5,Real Estate,172214.99755001263
18,1,ptf5,Precious Metals,38546.46516778415
18,1,ptf5,Bonds,233485.81825070645
18,1,ptf5,Crypto,32952.75148981673
18,1,ptf5,Stocks,285395.73909891816
18,1,returns,Cash,0.0
18,1,returns,Money Market,0.014387573223584454
18,1,returns,Bonds,-0.08436934019330802
18,1,returns,Stocks,-0.16060076735612305
18,1,returns,Crypto,-0.22464114141607688
18,1,returns,Precious Metals,-0.09302434899331416
18,1,returns,Real Estate,0.013029397353015525
18,1,contributions,,0.0
18,1,withdrawals,,50000.0
18,1,availableCash,,100000.0
18,1,cashBuffer,,150000.0
18,1,cashDepletion,,50000.0
18,1,shortfall,,0.0
18,1,cashReplenishment,,0
18,1,financialGainLoss,,-87404.22844276193
18,2,ptf_bop,Cash,100000.0
18,2,ptf_bop,Real Estate,172214.99755001263
18,2,ptf_bop,Precious Metals,38546.46516778415
18,2,ptf_bop,Bonds,233485.81825070645
18,2,ptf_bop,Crypto,32952.75148981673
18,2,ptf_bop,Stocks,285395.73909891816
18,2,ptf_eop,Cash,50000.0
18,2,ptf_eop,Real Estate,134488.37264152968
18,2,ptf_eop,Precious Metals,44090.422307503366
18,2,ptf_eop,Bonds,247331.71037155678
18,2,ptf_eop,Crypto,50060.37689276166
18,2,ptf_eop,Stocks,177241.71154830707
18,2,ptf1,Cash,50000.0
18,2,ptf1,Real Estate,172214.99755001263
18,2,ptf1,Precious Metals,38546.46516778415
18,2,ptf1,Bonds,233485.81825070645
18,2,ptf1,Crypto,32952.75148981673
18,2,ptf1,Stocks,285395.73909891816
18,2,ptf2,Cash,50000.0
18,2,ptf2,Real Estate,152519.1543114476
18,2,ptf2,Precious Metals,38129.7885778619
18,2,ptf2,Bonds,228778.73146717143
18,2,ptf2,Crypto,38129.7885778619
18,2,ptf2,Stocks,305038.3086228952
18,2,ptf3,Cash,50000.0
18,2,ptf3,Real Estate,134488.37264152968
18,2,ptf3,Precious Metals,44090.422307503366
18,2,ptf3,Bonds,247331.71037155678
18,2,ptf3,Crypto,50060.37689276166
18,2,ptf3,Stocks,177241.71154830707
18,2,ptf4,Cash,50000.0
18,2,ptf4,Real Estate,134488.37264152968
18,2,ptf4,Precious Metals,44090.422307503366
18,2,ptf4,Bonds,247331.71037155678
18,2,ptf4,Crypto,50060.37689276166
18,2,ptf4,Stocks,177241.71154830707
18,2,ptf5,Cash,50000.0
18,2,ptf5,Real Estate,134488.37264152968
18,2,ptf5,Precious Metals,44090.422307503366
18,2,ptf5,Bonds,247331.71037155678
18,2,ptf5,Crypto,50060.37689276166
18,2,ptf5,Stocks,177241.71154830707
18,2,returns,Cash,0.0
18,2,returns,Money Market,-0.008848791490388488
18,2,returns,Bonds,0.08109573291802086
18,2,returns,Stocks,-0.418952615006062
18,2,returns,Crypto,0.3128941638513738
18,2,returns,Precious Metals,0.15632485654804293
18,2,returns,Real Estate,-0.11821978525463525
18,2,contributions,,0.0
18,2,withdrawals,,50000.0
18,2,availableCash,,50000.0
18,2,cashBuffer,,150000.0
18,2,cashDepletion,,50000.0
18,2,shortfall,,0.0
18,2,cashReplenishment,,0
18,2,financialGainLoss,,-109383.17779557942
18,3,ptf_bop,Cash,50000.0
18,3,ptf_bop,Real Estate,134488.37264152968
18,3,ptf_bop,Precious Metals,44090.422307503366
18,3,ptf_bop,Bonds,247331.71037155678
18,3,ptf_bop,Crypto,50060.37689276166
18,3,ptf_bop,Stocks,177241.71154830707
18,3,ptf_eop,Cash,45345.051442379714
18,3,ptf_eop,Real Estate,130642.5187523317
18,3,ptf_eop,Precious Metals,32660.629688082925
18,3,ptf_eop,Bonds,195963.77812849756
18,3,ptf_eop,Crypto,32660.629688082925
18,3,ptf_eop,Stocks,261285.0375046634
18,3,ptf1,Cash,0.0
18,3,ptf1,Real Estate,134488.37264152968
18,3,ptf1,Precious Metals,44090.422307503366
18,3,ptf1,Bonds,247331.71037155678
18,3,ptf1,Crypto,50060.37689276166
18,3,ptf1,Stocks,177241.71154830707
18,3,ptf2,Cash,0.0
18,3,ptf2,Real Estate,130642.5187523317
18,3,ptf2,Precious Metals,32660.629688082925
18,3,ptf2,Bonds,195963.77812849756
18,3,ptf2,Crypto,32660.629688082925
18,3,ptf2,Stocks,261285.0375046634
18,3,ptf3,Cash,0.0
18,3,ptf3,Real Estate,139953.5530400005
18,3,ptf3,Precious Metals,35259.298748340596
18,3,ptf3,Bonds,192179.42560833378
18,3,ptf3,Crypto,35844.4992420696
18,3,ptf3,Stocks,295320.8685652938
18,3,ptf4,Cash,45345.051442379714
18,3,ptf4,Real Estate,139953.5530400005
18,3,ptf4,Precious Metals,35259.298748340596
18,3,ptf4,Bonds,146834.37416595407
18,3,ptf4,Crypto,35844.4992420696
18,3,ptf4,Stocks,295320.8685652938
18,3,ptf5,Cash,45345.051442379714
18,3,ptf5,Real Estate,130642.5187523317
18,3,ptf5,Precious Metals,32660.629688082925
18,3,ptf5,Bonds,195963.77812849756
18,3,ptf5,Crypto,32660.629688082925
18,3,ptf5,Stocks,261285.0375046634
18,3,returns,Cash,0.0
18,3,returns,Money Market,-0.004141892324563926
18,3,returns,Bonds,-0.019311489890148515
18,3,returns,Stocks,0.130263222822405
18,3,returns,Crypto,0.09748340997688716
18,3,returns,Precious Metals,0.07956579787577896
18,3,returns,Real Estate,0.07127108675331333
18,3,contributions,,0.0
18,3,withdrawals,,50000.0
18,3,availableCash,,0.0
18,3,cashBuffer,,150000.0
18,3,cashDepletion,,50000.0
18,3,shortfall,,0.0
18,3,cashReplenishment,,45345.051442379714
18,3,financialGainLoss,,45345.051442379714
18,4,ptf_bop,Cash,45345.051442379714
18,4,ptf_bop,Real Estate,130642.5187523317
18,4,ptf_bop,Precious Metals,32660.629688082925
18,4,ptf_bop,Bonds,195963.77812849756
18,4,ptf_bop,Crypto,32660.629688082925
18,4,ptf_bop,Stocks,261285.0375046634
18,4,ptf_eop,Cash,60168.17767169105
18,4,ptf_eop,Real Estate,129711.52904080767
18,4,ptf_eop,Precious Metals,32427.882260201917
18,4,ptf_eop,Bonds,194567.29356121153
18,4,ptf_eop,Crypto,32427.882260201917
18,4,ptf_eop,Stocks,259423.05808161534
18,4,ptf1,Cash,0.0
18,4,ptf1,Real Estate,130642.5187523317
18,4,ptf1,Precious Metals,32660.629688082925
18,4,ptf1,Bonds,191308.82957087728
18,4,ptf1,Crypto,32660.629688082925
18,4,ptf1,Stocks,261285.0375046634
18,4,ptf2,Cash,0.0
18,4,ptf2,Real Estate,129711.52904080765
18,4,ptf2,Precious Metals,32427.882260201914
18,4,ptf2,Bonds,194567.2935612115
18,4,ptf2,Crypto,32427.882260201914
18,4,ptf2,Stocks,259423.0580816153
18,4,ptf3,Cash,0.0
18,4,ptf3,Real Estate,144788.83585315477
18,4,ptf3,Precious Metals,35004.12319275352
18,4,ptf3,Bonds,199275.99574753898
18,4,ptf3,Crypto,29407.80457260151
18,4,ptf3,Stocks,300249.06350968056
18,4,ptf4,Cash,60168.17767169105
18,4,ptf4,Real Estate,144788.83585315477
18,4,ptf4,Precious Metals,35004.12319275352
18,4,ptf4,Bonds,139107.81807584793
18,4,ptf4,Crypto,29407.80457260151
18,4,ptf4,Stocks,300249.06350968056
18,4,ptf5,Cash,60168.17767169105
18,4,ptf5,Real Estate,129711.52904080767
18,4,ptf5,Precious Metals,32427.882260201917
18,4,ptf5,Bonds,194567.29356121153
18,4,ptf5,Crypto,32427.882260201917
18,4,ptf5,Stocks,259423.05808161534
18,4,returns,Cash,0.0
18,4,returns,Money Market,0.030363859588626176
18,4,returns,Bonds,0.02420089265848848
18,4,returns,Stocks,0.15737230811311032
18,4,returns,Crypto,-0.09313212819040242
18,4,returns,Precious Metals,0.07944524134754775
18,4,returns,Real Estate,0.11623721440831797
18,4,contributions,,0.0
18,4,withdrawals,,50000.0
18,4,availableCash,,0.0
18,4,cashBuffer,,150000.0
18,4,cashDepletion,,45345.051442379714
18,4,shortfall,,4654.948557620286
18,4,cashReplenishment,,60168.17767169105
18,4,financialGainLoss,,60168.17767169105
18,5,ptf_bop,Cash,60168.17767169105
18,5,ptf_bop,Real Estate,129711.52904080767
18,5,ptf_bop,Precious Metals,32427.882260201917
18,5,ptf_bop,Bonds,194567.29356121153
18,5,ptf_bop,Crypto,32427.882260201917
18,5,ptf_bop,Stocks,259423.05808161534
18,5,ptf_eop,Cash,64044.47130226041
18,5,ptf_eop,Real Estate,129711.52904080767
18,5,ptf_eop,Precious Metals,32427.882260201917
18,5,ptf_eop,Bonds,194567.29356121153
18,5,ptf_eop,Crypto,32427.882260201917
18,5,ptf_eop,Stocks,259423.05808161534
18,5,ptf1,Cash,10168.177671691054
18,5,ptf1,Real Estate,129711.52904080767
18,5,ptf1,Precious Metals,32427.882260201917
18,5,ptf1,Bonds,194567.29356121153
18,5,ptf1,Crypto,32427.882260201917
18,5,ptf1,Stocks,259423.05808161534
18,5,ptf2,Cash,10168.177671691054
18,5,ptf2,Real Estate,129711.52904080767
18,5,ptf2,Precious Metals,32427.882260201917
18,5,ptf2,Bonds,194567.29356121153
18,5,ptf2,Crypto,32427.882260201917
18,5,ptf2,Stocks,259423.05808161534
18,5,ptf3,Cash,10168.177671691054
18,5,ptf3,Real Estate,130789.62520245751
18,5,ptf3,Precious Metals,42950.88284485884
18,5,ptf3,Bonds,196070.51824214117
18,5,ptf3,Crypto,40332.53963957119
18,5,ptf3,Stocks,292290.372905579
18,5,ptf4,Cash,64044.47130226041
18,5,ptf4,Real Estate,130789.62520245751
18,5,ptf4,Precious Metals,42950.88284485884
18,5,ptf4,Bonds,142194.22461157182
18,5,ptf4,Crypto,40332.53963957119
18,5,ptf4,Stocks,292290.372905579
18,5,ptf5,Cash,64044.47130226041
18,5,ptf5,Real Estate,129711.52904080767
18,5,ptf5,Precious Metals,32427.882260201917
18,5,ptf5,Bonds,194567.29356121153
18,5,ptf5,Crypto,32427.882260201917
18,5,ptf5,Stocks,259423.05808161534
18,5,returns,Cash,0.0
18,5,returns,Money Market,-0.017252552686906956
18,5,returns,Bonds,0.007725988543170748
18,5,returns,Stocks,0.12669388398630116
18,5,returns,Crypto,0.24376113481423659
18,5,returns,Precious Metals,0.3245047117237004
18,5,returns,Real Estate,0.008311490656398676
18,5,contributions,,0.0
18,5,withdrawals,,50000.0
18,5,availableCash,,10168.177671691054
18,5,cashBuffer,,150000.0
18,5,cashDepletion,,50000.0
18,5,shortfall,,0.0
18,5,cashReplenishment,,53876.29363056936
18,5,financialGainLoss,,53876.29363056936
18,6,ptf_bop,Cash,64044.47130226041
18,6,ptf_bop,Real Estate,129711.52904080767
18,6,ptf_bop,Precious Metals,32427.882260201917
18,6,ptf_bop,Bonds,194567.29356121153
18,6,ptf_bop,Crypto,32427.882260201917
18,6,ptf_bop,Stocks,259423.05808161534
18,6,ptf_eop,Cash,14044.471302260412
18,6,ptf_eop,Real Estate,99959.38453104497
18,6,ptf_eop,Precious Metals,39958.3317675749
18,6,ptf_eop,Bonds,184979.05278897844
18,6,ptf_eop,Crypto,24842.19561408089
18,6,ptf_eop,Stocks,164153.02197965825
18,6,ptf1,Cash,14044.471302260412
18,6,ptf1,Real Estate,129711.52904080767
18,6,ptf1,Precious Metals,32427.882260201917
18,6,ptf1,Bonds,194567.29356121153
18,6,ptf1,Crypto,32427.882260201917
18,6,ptf1,Stocks,259423.05808161534
18,6,ptf2,Cash,14044.471302260412
18,6,ptf2,Real Estate,129711.52904080767
18,6,ptf2,Precious Metals,32427.882260201917
18,6,ptf2,Bonds,194567.29356121153
18,6,ptf2,Crypto,32427.882260201917
18,6,ptf2,Stocks,259423.05808161534
18,6,ptf3,Cash,14044.471302260412
18,6,ptf3,Real Estate,99959.38453104497
18,6,ptf3,Precious Metals,39958.3317675749
18,6,ptf3,Bonds,184979.05278897844
18,6,ptf3,Crypto,24842.19561408089
18,6,ptf3,Stocks,164153.02197965825
18,6,ptf4,Cash,14044.471302260412
18,6,ptf4,Real Estate,99959.38453104497
18,6,ptf4,Precious Metals,39958.3317675749
18,6,ptf4,Bonds,184979.05278897844
18,6,ptf4,Crypto,24842.19561408089
18,6,ptf4,Stocks,164153.02197965825
18,6,ptf5,Cash,14044.471302260412
18,6,ptf5,Real Estate,99959.38453104497
18,6,ptf5,Precious Metals,39958.3317675749
18,6,ptf5,Bonds,184979.05278897844
18,6,ptf5,Crypto,24842.19561408089
18,6,ptf5,Stocks,164153.02197965825
18,6,returns,Cash,0.0
18,6,returns,Money Market,0.008019834393132547
18,6,returns,Bonds,-0.04927981777788668
18,6,returns,Stocks,-0.36723811987438987
18,6,returns,Crypto,-0.233924823867724
18,6,returns,Precious Metals,0.23222143977668697
18,6,returns,Real Estate,-0.22937162740871386
18,6,contributions,,0.0
18,6,withdrawals,,50000.0
18,6,availableCash,,14044.471302260412
18,6,cashBuffer,,150000.0
18,6,cashDepletion,,50000.0
18,6,shortfall,,0.0
18,6,cashReplenishment,,0
18,6,financialGainLoss,,-134665.6585227009
18,7,ptf_bop,Cash,14044.471302260412
18,7,ptf_bop,Real Estate,99959.38453104497
18,7,ptf_bop,Precious Metals,39958.3317675749
18,7,ptf_bop,Bonds,184979.05278897844
18,7,ptf_bop,Crypto,24842.19561408089
18,7,ptf_bop,Stocks,164153.02197965825
18,7,ptf_eop,Cash,0.0
18,7,ptf_eop,Real Estate,98553.26939801223
18,7,ptf_eop,Precious Metals,21816.528193652466
18,7,ptf_eop,Bonds,176164.51283280633
18,7,ptf_eop,Crypto,18641.95975632692
18,7,ptf_eop,Stocks,131900.71348906748
18,7,ptf1,Cash,0.0
18,7,ptf1,Real Estate,99959.38453104497
18,7,ptf1,Precious Metals,39958.3317675749
18,7,ptf1,Bonds,149023.52409123885
18,7,ptf1,Crypto,24842.19561408089
18,7,ptf1,Stocks,164153.02197965825
18,7,ptf2,Cash,0.0
18,7,ptf2,Real Estate,95587.29159671959
18,7,ptf2,Precious Metals,23896.822899179897
18,7,ptf2,Bonds,143380.93739507935
18,7,ptf2,Crypto,23896.822899179897
18,7,ptf2,Stocks,191174.58319343918
18,7,ptf3,Cash,0.0
18,7,ptf3,Real Estate,98553.26939801223
18,7,ptf3,Precious Metals,21816.528193652466
18,7,ptf3,Bonds,176164.51283280633
18,7,ptf3,Crypto,18641.95975632692
18,7,ptf3,Stocks,131900.71348906748
18,7,ptf4,Cash,0.0
18,7,ptf4,Real Estate,98553.26939801223
18,7,ptf4,Precious Metals,21816.528193652466
18,7,ptf4,Bonds,176164.51283280633
18,7,ptf4,Crypto,18641.95975632692
18,7,ptf4,Stocks,131900.71348906748
18,7,ptf5,Cash,0.0
18,7,ptf5,Real Estate,98553.26939801223
18,7,ptf5,Precious Metals,21816.528193652466
18,7,ptf5,Bonds,176164.51283280633
18,7,ptf5,Crypto,18641.95975632692
18,7,ptf5,Stocks,131900.71348906748
18,7,returns,Cash,0.0
18,7,returns,Money Market,0.016730232302935223
18,7,returns,Bonds,0.22864668088613038
18,7,returns,Stocks,-0.31005099482495374
18,7,returns,Crypto,-0.219897982464996
18,7,returns,Precious Metals,-0.08705319172779336
18,7,returns,Real Estate,0.03102899717889315
18,7,contributions,,0.0
18,7,withdrawals,,50000.0
18,7,availableCash,,0.0
18,7,cashBuffer,,150000.0
18,7,cashDepletion,,14044.471302260412
18,7,shortfall,,35955.52869773959
18,7,cashReplenishment,,0
18,7,financialGainLoss,,-30859.47431373247
18,8,ptf_bop,Cash,0.0
18,8,ptf_bop,Real Estate,98553.26939801223
18,8,ptf_bop,Precious Metals,21816.528193652466
18,8,ptf_bop,Bonds,176164.51283280633
18,8,ptf_bop,Crypto,18641.95975632692
18,8,ptf_bop,Stocks,131900.71348906748
18,8,ptf_eop,Cash,63969.43973401142
18,8,ptf_eop,Real Estate,79415.39673397309
18,8,ptf_eop,Precious Metals,19853.849183493272
18,8,ptf_eop,Bonds,119123.09510095962
18,8,ptf_eop,Crypto,19853.849183493272
18,8,ptf_eop,Stocks,158830.79346794618
18,8,ptf1,Cash,0.0
18,8,ptf1,Real Estate,98553.26939801223
18,8,ptf1,Precious Metals,21816.528193652466
18,8,ptf1,Bonds,126164.51283280633
18,8,ptf1,Crypto,18641.95975632692
18,8,ptf1,Stocks,131900.71348906748
18,8,ptf2,Cash,0.0
18,8,ptf2,Real Estate,79415.39673397309
18,8,ptf2,Precious Metals,19853.849183493272
18,8,ptf2,Bonds,119123.09510095962
18,8,ptf2,Crypto,19853.849183493272
18,8,ptf2,Stocks,158830.79346794618
18,8,ptf3,Cash,0.0
18,8,ptf3,Real Estate,104177.7871852128
18,8,ptf3,Precious Metals,21829.11455016453
18,8,ptf3,Bonds,151682.32348264716
18,8,ptf3,Crypto,15462.21795950523
18,8,ptf3,Stocks,167894.98022634716
18,8,ptf4,Cash,63969.43973401142
18,8,ptf4,Real Estate,104177.7871852128
18,8,ptf4,Precious Metals,21829.11455016453
18,8,ptf4,Bonds,87712.88374863574
18,8,ptf4,Crypto,15462.21795950523
18,8,ptf4,Stocks,167894.98022634716
18,8,ptf5,Cash,63969.43973401142
18,8,ptf5,Real Estate,79415.39673397309
18,8,ptf5,Precious Metals,19853.849183493272
18,8,ptf5,Bonds,119123.09510095962
18,8,ptf5,Crypto,19853.849183493272
18,8,ptf5,Stocks,158830.79346794618
18,8,returns,Cash,0.0
18,8,returns,Money Market,0.08413261722321526
18,8,returns,Bonds,0.2733242311584738
18,8,returns,Stocks,0.05706819540777679
18,8,returns,Crypto,-0.22119797442801659
18,8,returns,Precious Metals,0.0994902977460671
18,8,returns,Real Estate,0.31180843349796694
18,8,contributions,,0.0
18,8,withdrawals,,50000.0
18,8,availableCash,,0.0
18,8,cashBuffer,,150000.0
18,8,cashDepletion,,0.0
18,8,shortfall,,50000.0
18,8,cashReplenishment,,63969.43973401142
18,8,financialGainLoss,,63969.43973401142
18,9,ptf_bop,Cash,63969.43973401142
18,9,ptf_bop,Real Estate,79415.39673397309
18,9,ptf_bop,Precious Metals,19853.849183493272
18,9,ptf_bop,Bonds,119123.09510095962
18,9,ptf_bop,Crypto,19853.849183493272
18,9,ptf_bop,Stocks,158830.79346794618
18,9,ptf_eop,Cash,17343.099439843907
18,9,ptf_eop,Real Estate,79415.3967339731
18,9,ptf_eop,Precious Metals,19853.849183493276
18,9,ptf_eop,Bonds,119123.09510095965
18,9,ptf_eop,Crypto,19853.849183493276
18,9,ptf_eop,Stocks,158830.7934679462
18,9,ptf1,Cash,13969.439734011423
18,9,ptf1,Real Estate,79415.39673397309
18,9,ptf1,Precious Metals,19853.849183493272
18,9,ptf1,Bonds,119123.09510095962
18,9,ptf1,Crypto,19853.849183493272
18,9,ptf1,Stocks,158830.79346794618
18,9,ptf2,Cash,13969.439734011423
18,9,ptf2,Real Estate,79415.39673397309
18,9,ptf2,Precious Metals,19853.849183493272
18,9,ptf2,Bonds,119123.09510095962
18,9,ptf2,Crypto,19853.849183493272
18,9,ptf2,Stocks,158830.79346794618
18,9,ptf3,Cash,13969.439734011423
18,9,ptf3,Real Estate,70537.06425790714
18,9,ptf3,Precious Metals,24244.666749417713
18,9,ptf3,Bonds,135301.26356406178
18,9,ptf3,Crypto,16272.338153054572
18,9,ptf3,Stocks,154095.31065125673
18,9,ptf4,Cash,17343.099439843907
18,9,ptf4,Real Estate,70537.06425790714
18,9,ptf4,Precious Metals,24244.666749417713
18,9,ptf4,Bonds,131927.6038582293
18,9,ptf4,Crypto,16272.338153054572
18,9,ptf4,Stocks,154095.31065125673
18,9,ptf5,Cash,17343.099439843907
18,9,ptf5,Real Estate,79415.3967339731
18,9,ptf5,Precious Metals,19853.849183493276
18,9,ptf5,Bonds,119123.09510095965
18,9,ptf5,Crypto,19853.849183493276
18,9,ptf5,Stocks,158830.7934679462
18,9,returns,Cash,0.0
18,9,returns,Money Market,0.0665365573766784
18,9,returns,Bonds,0.13581051138228709
18,9,returns,Stocks,-0.029814639298173233
18,9,returns,Crypto,-0.18039378648128399
18,9,returns,Precious Metals,0.221156992044395
18,9,returns,Real Estate,-0.11179611059309727
18,9,contributions,,0.0
18,9,withdrawals,,50000.0
18,9,availableCash,,13969.439734011423
18,9,cashBuffer,,150000.0
18,9,cashDepletion,,50000.0
18,9,shortfall,,0.0
18,9,cashReplenishment,,3373.659705832484
18,9,financialGainLoss,,3373.659705832484
18,10,ptf_bop,Cash,17343.099439843907
18,10,ptf_bop,Real Estate,79415.3967339731
18,10,ptf_bop,Precious Metals,19853.849183493276
18,10,ptf_bop,Bonds,119123.09510095965
18,10,ptf_bop,Crypto,19853.849183493276
18,10,ptf_bop,Stocks,158830.7934679462
18,10,ptf_eop,Cash,10729.851205970568
18,10,ptf_eop,Real Estate,72884.01662194189
18,10,ptf_eop,Precious Metals,18221.004155485472
18,10,ptf_eop,Bonds,109326.02493291283
18,10,ptf_eop,Crypto,18221.004155485472
18,10,ptf_eop,Stocks,145768.03324388378
18,10,ptf1,Cash,0.0
18,10,ptf1,Real Estate,79415.3967339731
18,10,ptf1,Precious Metals,19853.849183493276
18,10,ptf1,Bonds,86466.19454080355
18,10,ptf1,Crypto,19853.849183493276
18,10,ptf1,Stocks,158830.7934679462
18,10,ptf2,Cash,0.0
18,10,ptf2,Real Estate,72884.01662194189
18,10,ptf2,Precious Metals,18221.004155485472
18,10,ptf2,Bonds,109326.02493291283
18,10,ptf2,Crypto,18221.004155485472
18,10,ptf2,Stocks,145768.03324388378
18,10,ptf3,Cash,0.0
18,10,ptf3,Real Estate,67945.50994648087
18,10,ptf3,Precious Metals,21361.35105558424
18,10,ptf3,Bonds,111754.64056104989
18,10,ptf3,Crypto,16149.168031502055
18,10,ptf3,Stocks,157939.26472106297
18,10,ptf4,Cash,10729.851205970568
18,10,ptf4,Real Estate,67945.50994648087
18,10,ptf4,Precious Metals,21361.35105558424
18,10,ptf4,Bonds,101024.78935507932
18,10,ptf4,Crypto,16149.168031502055
18,10,ptf4,Stocks,157939.26472106297
18,10,ptf5,Cash,10729.851205970568
18,10,ptf5,Real Estate,72884.01662194189
18,10,ptf5,Precious Metals,18221.004155485472
18,10,ptf5,Bonds,109326.02493291283
18,10,ptf5,Crypto,18221.004155485472
18,10,ptf5,Stocks,145768.03324388378
18,10,returns,Cash,0.0
18,10,returns,Money Market,-0.026918113818041198
18,10,returns,Bonds,0.0222144327448782
18,10,returns,Stocks,0.08349726072530288
18,10,returns,Crypto,-0.11370592456397009
18,10,returns,Precious Metals,0.172347630970347
18,10,returns,Real Estate,-0.06775843188058138
18,10,contributions,,0.0
18,10,withdrawals,,50000.0
18,10,availableCash,,0.0
18,10,cashBuffer,,150000.0
18,10,cashDepletion,,17343.099439843907
18,10,shortfall,,32656.900560156093
18,10,cashReplenishment,,10729.851205970568
18,10,financialGainLoss,,10729.851205970568
18,11,ptf_bop,Cash,10729.851205970568
18,11,ptf_bop,Real Estate,72884.01662194189
18,11,ptf_bop,Precious Metals,18221.004155485472
18,11,ptf_bop,Bonds,109326.02493291283
18,11,ptf_bop,Crypto,18221.004155485472
18,11,ptf_bop,Stocks,145768.03324388378
18,11,ptf_eop,Cash,5271.616832362954
18,11,ptf_eop,Real Estate,65029.986863136
18,11,ptf_eop,Precious Metals,16257.496715784
18,11,ptf_eop,Bonds,97544.98029470402
18,11,ptf_eop,Crypto,16257.496715784
18,11,ptf_eop,Stocks,130059.973726272
18,11,ptf1,Cash,0.0
18,11,ptf1,Real Estate,72884.01662194189
18,11,ptf1,Precious Metals,18221.004155485472
18,11,ptf1,Bonds,70055.8761388834
18,11,ptf1,Crypto,18221.004155485472
18,11,ptf1,Stocks,145768.03324388378
18,11,ptf2,Cash,0.0
18,11,ptf2,Real Estate,65029.986863136
18,11,ptf2,Precious Metals,16257.496715784
18,11,ptf2,Bonds,97544.98029470402
18,11,ptf2,Crypto,16257.496715784
18,11,ptf2,Stocks,130059.973726272
18,11,ptf3,Cash,0.0
18,11,ptf3,Real Estate,70031.72093099561
18,11,ptf3,Precious Metals,17253.130555747546
18,11,ptf3,Bonds,118975.47401959878
18,11,ptf3,Crypto,15807.158026097866
18,11,ptf3,Stocks,108354.06761560317
18,11,ptf4,Cash,5271.616832362954
18,11,ptf4,Real Estate,70031.72093099561
18,11,ptf4,Precious Metals,17253.130555747546
18,11,ptf4,Bonds,113703.85718723583
18,11,ptf4,Crypto,15807.158026097866
18,11,ptf4,Stocks,108354.06761560317
18,11,ptf5,Cash,5271.616832362954
18,11,ptf5,Real Estate,65029.986863136
18,11,ptf5,Precious Metals,16257.496715784
18,11,ptf5,Bonds,97544.98029470402
18,11,ptf5,Crypto,16257.496715784
18,11,ptf5,Stocks,130059.973726272
18,11,returns,Cash,0.0
18,11,returns,Money Market,0.04892853512932772
18,11,returns,Bonds,0.21969858069732265
18,11,returns,Stocks,-0.16689151542004538
18,11,returns,Crypto,-0.027700370946340813
18,11,returns,Precious Metals,0.061241521826476
18,11,returns,Real Estate,0.07691427154039561
18,11,contributions,,0.0
18,11,withdrawals,,50000.0
18,11,availableCash,,0.0
18,11,cashBuffer,,150000.0
18,11,cashDepletion,,10729.851205970568
18,11,shortfall,,39270.14879402943
18,11,cashReplenishment,,5271.616832362954
18,11,financialGainLoss,,5271.616832362954
18,12,ptf_bop,Cash,5271.616832362954
18,12,ptf_bop,Real Estate,65029.986863136
18,12,ptf_bop,Precious Metals,16257.496715784
18,12,ptf_bop,Bonds,97544.98029470402
18,12,ptf_bop,Crypto,16257.496715784
18,12,ptf_bop,Stocks,130059.973726272
18,12,ptf_eop,Cash,0.0
18,12,ptf_eop,Real Estate,46875.25948974053
18,12,ptf_eop,Precious Metals,11049.600588401992
18,12,ptf_eop,Bonds,86913.94268388758
18,12,ptf_eop,Crypto,3699.5359747120874
18,12,ptf_eop,Stocks,120216.41307429201
18,12,ptf1,Cash,0.0
18,12,ptf1,Real Estate,65029.986863136
18,12,ptf1,Precious Metals,16257.496715784
18,12,ptf1,Bonds,52816.59712706697
18,12,ptf1,Crypto,16257.496715784
18,12,ptf1,Stocks,130059.973726272
18,12,ptf2,Cash,0.0
18,12,ptf2,Real Estate,56084.3102296086
18,12,ptf2,Precious Metals,14021.07755740215
18,12,ptf2,Bonds,84126.4653444129
18,12,ptf2,Crypto,14021.07755740215
18,12,ptf2,Stocks,112168.6204592172
18,12,ptf3,Cash,0.0
18,12,ptf3,Real Estate,46875.25948974053
18,12,ptf3,Precious Metals,11049.600588401992
18,12,ptf3,Bonds,86913.94268388758
18,12,ptf3,Crypto,3699.5359747120874
18,12,ptf3,Stocks,120216.41307429201
18,12,ptf4,Cash,0.0
18,12,ptf4,Real Estate,46875.25948974053
18,12,ptf4,Precious Metals,11049.600588401992
18,12,ptf4,Bonds,86913.94268388758
18,12,ptf4,Crypto,3699.5359747120874
18,12,ptf4,Stocks,120216.41307429201
18,12,ptf5,Cash,0.0
18,12,ptf5,Real Estate,46875.25948974053
18,12,ptf5,Precious Metals,11049.600588401992
18,12,ptf5,Bonds,86913.94268388758
18,12,ptf5,Crypto,3699.5359747120874
18,12,ptf5,Stocks,120216.41307429201
18,12,returns,Cash,0.0
18,12,returns,Money Market,0.02897126867377139
18,12,returns,Bonds,0.03313436892971526
18,12,returns,Stocks,0.07174727283020185
18,12,returns,Crypto,-0.736144675074635
18,12,returns,Precious Metals,-0.2119292869492349
18,12,returns,Real Estate,-0.1642001248150563
18,12,contributions,,0.0
18,12,withdrawals,,50000.0
18,12,availableCash,,0.0
18,12,cashBuffer,,150000.0
18,12,cashDepletion,,5271.616832362954
18,12,shortfall,,44728.38316763705
18,12,cashReplenishment,,0
18,12,financialGainLoss,,-11666.799337008852
18,13,ptf_bop,Cash,0.0
18,13,ptf_bop,Real Estate,46875.25948974053
18,13,ptf_bop,Precious Metals,11049.600588401992
18,13,ptf_bop,Bonds,86913.94268388758
18,13,ptf_bop,Crypto,3699.5359747120874
18,13,ptf_bop,Stocks,120216.41307429201
18,13,ptf_eop,Cash,21097.487234707165
18,13,ptf_eop,Real Estate,43750.95036220683
18,13,ptf_eop,Precious Metals,10937.737590551707
18,13,ptf_eop,Bonds,65626.42554331025
18,13,ptf_eop,Crypto,10937.737590551707
18,13,ptf_eop,Stocks,87501.90072441366
18,13,ptf1,Cash,0.0
18,13,ptf1,Real Estate,46875.25948974053
18,13,ptf1,Precious Metals,11049.600588401992
18,13,ptf1,Bonds,36913.94268388758
18,13,ptf1,Crypto,3699.5359747120874
18,13,ptf1,Stocks,120216.41307429201
18,13,ptf2,Cash,0.0
18,13,ptf2,Real Estate,43750.95036220684
18,13,ptf2,Precious Metals,10937.73759055171
18,13,ptf2,Bonds,65626.42554331027
18,13,ptf2,Crypto,10937.73759055171
18,13,ptf2,Stocks,87501.90072441367
18,13,ptf3,Cash,0.0
18,13,ptf3,Real Estate,51647.34278723043
18,13,ptf3,Precious Metals,6841.688427941792
18,13,ptf3,Bonds,65473.31308042169
18,13,ptf3,Crypto,9009.116011630247
18,13,ptf3,Stocks,106880.77873851718
18,13,ptf4,Cash,21097.487234707165
18,13,ptf4,Real Estate,51647.34278723043
18,13,ptf4,Precious Metals,6841.688427941792
18,13,ptf4,Bonds,44375.82584571453
18,13,ptf4,Crypto,9009.116011630247
18,13,ptf4,Stocks,106880.77873851718
18,13,ptf5,Cash,21097.487234707165
18,13,ptf5,Real Estate,43750.95036220683
18,13,ptf5,Precious Metals,10937.737590551707
18,13,ptf5,Bonds,65626.42554331025
18,13,ptf5,Crypto,10937.737590551707
18,13,ptf5,Stocks,87501.90072441366
18,13,returns,Cash,0.0
18,13,returns,Money Market,0.010104235761532061
18,13,returns,Bonds,-0.002333091610901925
18,13,returns,Stocks,0.2214680807350355
18,13,returns,Crypto,-0.17632728550623242
18,13,returns,Precious Metals,-0.3744877886033934
18,13,returns,Real Estate,0.18048504911666313
18,13,contributions,,0.0
18,13,withdrawals,,50000.0
18,13,availableCash,,0.0
18,13,cashBuffer,,150000.0
18,13,cashDepletion,,0.0
18,13,shortfall,,50000.0
18,13,cashReplenishment,,21097.487234707165
18,13,financialGainLoss,,21097.487234707165
18,14,ptf_bop,Cash,21097.487234707165
18,14,ptf_bop,Real Estate,43750.95036220683
18,14,ptf_bop,Precious Metals,10937.737590551707
18,14,ptf_bop,Bonds,65626.42554331025
18,14,ptf_bop,Crypto,10937.737590551707
18,14,ptf_bop,Stocks,87501.90072441366
18,14,ptf_eop,Cash,19443.58234208502
18,14,ptf_eop,Real Estate,37970.44780914826
18,14,ptf_eop,Precious Metals,9492.611952287065
18,14,ptf_eop,Bonds,56955.67171372238
18,14,ptf_eop,Crypto,9492.611952287065
18,14,ptf_eop,Stocks,75940.89561829652
18,14,ptf1,Cash,0.0
18,14,ptf1,Real Estate,43750.95036220683
18,14,ptf1,Precious Metals,10937.737590551707
18,14,ptf1,Bonds,36723.91277801742
18,14,ptf1,Crypto,10937.737590551707
18,14,ptf1,Stocks,87501.90072441366
18,14,ptf2,Cash,0.0
18,14,ptf2,Real Estate,37970.44780914826
18,14,ptf2,Precious Metals,9492.611952287065
18,14,ptf2,Bonds,56955.6717137224
18,14,ptf2,Crypto,9492.611952287065
18,14,ptf2,Stocks,75940.89561829652
18,14,ptf3,Cash,0.0
18,14,ptf3,Real Estate,43709.13588505619
18,14,ptf3,Precious Metals,9660.474565109022
18,14,ptf3,Bonds,61269.34174691624
18,14,ptf3,Crypto,9388.882064923044
18,14,ptf3,Stocks,85267.98712582183
18,14,ptf4,Cash,19443.58234208502
18,14,ptf4,Real Estate,43709.13588505619
18,14,ptf4,Precious Metals,9660.474565109022
18,14,ptf4,Bonds,41825.75940483122
18,14,ptf4,Crypto,9388.882064923044
18,14,ptf4,Stocks,85267.98712582183
18,14,ptf5,Cash,19443.58234208502
18,14,ptf5,Real Estate,37970.44780914826
18,14,ptf5,Precious Metals,9492.611952287065
18,14,ptf5,Bonds,56955.67171372238
18,14,ptf5,Crypto,9492.611952287065
18,14,ptf5,Stocks,75940.89561829652
18,14,returns,Cash,0.0
18,14,returns,Money Market,0.0015094710137489415
18,14,returns,Bonds,0.07573732173462439
18,14,returns,Stocks,0.12282040436297066
18,14,returns,Crypto,-0.010927433659502883
18,14,returns,Precious Metals,0.017683500986418507
18,14,returns,Real Estate,0.15113564382365013
18,14,contributions,,0.0
18,14,withdrawals,,50000.0
18,14,availableCash,,0.0
18,14,cashBuffer,,150000.0
18,14,cashDepletion,,21097.487234707165
18,14,shortfall,,28902.512765292835
18,14,cashReplenishment,,19443.58234208502
18,14,financialGainLoss,,19443.58234208502
18,15,ptf_bop,Cash,19443.58234208502
18,15,ptf_bop,Real Estate,37970.44780914826
18,15,ptf_bop,Precious Metals,9492.611952287065
18,15,ptf_bop,Bonds,56955.67171372238
18,15,ptf_bop,Crypto,9492.611952287065
18,15,ptf_bop,Stocks,75940.89561829652
18,15,ptf_eop,Cash,9714.975777711341
18,15,ptf_eop,Real Estate,31859.164277565247
18,15,ptf_eop,Precious Metals,7964.791069391312
18,15,ptf_eop,Bonds,47788.746416347865
18,15,ptf_eop,Crypto,7964.791069391312
18,15,ptf_eop,Stocks,63718.328555130494
18,15,ptf1,Cash,0.0
18,15,ptf1,Real Estate,37970.44780914826
18,15,ptf1,Precious Metals,9492.611952287065
18,15,ptf1,Bonds,26399.254055807403
18,15,ptf1,Crypto,9492.611952287065
18,15,ptf1,Stocks,75940.89561829652
18,15,ptf2,Cash,0.0
18,15,ptf2,Real Estate,31859.164277565254
18,15,ptf2,Precious Metals,7964.791069391314
18,15,ptf2,Bonds,47788.74641634789
18,15,ptf2,Crypto,7964.791069391314
18,15,ptf2,Stocks,63718.32855513051
18,15,ptf3,Cash,0.0
18,15,ptf3,Real Estate,28369.34550824284
18,15,ptf3,Precious Metals,8350.234846463143
18,15,ptf3,Bonds,55087.759867332075
18,15,ptf3,Crypto,5675.368247971645
18,15,ptf3,Stocks,71528.08869552788
18,15,ptf4,Cash,9714.975777711341
18,15,ptf4,Real Estate,28369.34550824284
18,15,ptf4,Precious Metals,8350.234846463143
18,15,ptf4,Bonds,45372.784089620734
18,15,ptf4,Crypto,5675.368247971645
18,15,ptf4,Stocks,71528.08869552788
18,15,ptf5,Cash,9714.975777711341
18,15,ptf5,Real Estate,31859.164277565247
18,15,ptf5,Precious Metals,7964.791069391312
18,15,ptf5,Bonds,47788.746416347865
18,15,ptf5,Crypto,7964.791069391312
18,15,ptf5,Stocks,63718.328555130494
18,15,returns,Cash,0.0
18,15,returns,Money Market,0.05862608104200933
18,15,returns,Bonds,0.15273498466340396
18,15,returns,Stocks,0.12256693352588804
18,15,returns,Crypto,-0.2874429224161219
18,15,returns,Precious Metals,0.048393457369282265
18,15,returns,Real Estate,-0.10953893011499653
18,15,contributions,,0.0
18,15,withdrawals,,50000.0
18,15,availableCash,,0.0
18,15,cashBuffer,,150000.0
18,15,cashDepletion,,19443.58234208502
18,15,shortfall,,30556.41765791498
18,15,cashReplenishment,,9714.975777711341
18,15,financialGainLoss,,9714.975777711341
18,16,ptf_bop,Cash,9714.975777711341
18,16,ptf_bop,Real Estate,31859.164277565247
18,16,ptf_bop,Precious Metals,7964.791069391312
18,16,ptf_bop,Bonds,47788.746416347865
18,16,ptf_bop,Crypto,7964.791069391312
18,16,ptf_bop,Stocks,63718.328555130494
18,16,ptf_eop,Cash,6896.801181841656
18,16,ptf_eop,Real Estate,23802.159433107518
18,16,ptf_eop,Precious Metals,5950.539858276879
18,16,ptf_eop,Bonds,35703.239149661276
18,16,ptf_eop,Crypto,5950.539858276879
18,16,ptf_eop,Stocks,47604.318866215035
18,16,ptf1,Cash,0.0
18,16,ptf1,Real Estate,31859.164277565247
18,16,ptf1,Precious Metals,7964.791069391312
18,16,ptf1,Bonds,7503.722194059206
18,16,ptf1,Crypto,7964.791069391312
18,16,ptf1,Stocks,63718.328555130494
18,16,ptf2,Cash,0.0
18,16,ptf2,Real Estate,23802.159433107518
18,16,ptf2,Precious Metals,5950.539858276879
18,16,ptf2,Bonds,35703.239149661276
18,16,ptf2,Crypto,5950.539858276879
18,16,ptf2,Stocks,47604.318866215035
18,16,ptf3,Cash,0.0
18,16,ptf3,Real Estate,27787.751221124618
18,16,ptf3,Precious Metals,5604.476791674149
18,16,ptf3,Bonds,37346.79679846578
18,16,ptf3,Crypto,4480.6305562167445
18,16,ptf3,Stocks,50687.94297989795
18,16,ptf4,Cash,6896.801181841656
18,16,ptf4,Real Estate,27787.751221124618
18,16,ptf4,Precious Metals,5604.476791674149
18,16,ptf4,Bonds,30449.995616624125
18,16,ptf4,Crypto,4480.6305562167445
18,16,ptf4,Stocks,50687.94297989795
18,16,ptf5,Cash,6896.801181841656
18,16,ptf5,Real Estate,23802.159433107518
18,16,ptf5,Precious Metals,5950.539858276879
18,16,ptf5,Bonds,35703.239149661276
18,16,ptf5,Crypto,5950.539858276879
18,16,ptf5,Stocks,47604.318866215035
18,16,returns,Cash,0.0
18,16,returns,Money Market,0.053119841050165116
18,16,returns,Bonds,0.04603385261250442
18,16,returns,Stocks,0.06477614189479304
18,16,returns,Crypto,-0.2470211673341825
18,16,returns,Precious Metals,-0.05815658324200206
18,16,returns,Real Estate,0.16744664698251532
18,16,contributions,,0.0
18,16,withdrawals,,50000.0
18,16,availableCash,,0.0
18,16,cashBuffer,,150000.0
18,16,cashDepletion,,9714.975777711341
18,16,shortfall,,40285.02422228866
18,16,cashReplenishment,,6896.801181841656
18,16,financialGainLoss,,6896.801181841656
18,17,ptf_bop,Cash,6896.801181841656
18,17,ptf_bop,Real Estate,23802.159433107518
18,17,ptf_bop,Precious Metals,5950.539858276879
18,17,ptf_bop,Bonds,35703.239149661276
18,17,ptf_bop,Crypto,5950.539858276879
18,17,ptf_bop,Stocks,47604.318866215035
18,17,ptf_eop,Cash,7251.364537623449
18,17,ptf_eop,Real Estate,15181.519669475847
18,17,ptf_eop,Precious Metals,3795.3799173689617
18,17,ptf_eop,Bonds,22772.27950421377
18,17,ptf_eop,Crypto,3795.3799173689617
18,17,ptf_eop,Stocks,30363.039338951694
18,17,ptf1,Cash,0.0
18,17,ptf1,Real Estate,23802.159433107518
18,17,ptf1,Precious Metals,5950.539858276879
18,17,ptf1,Bonds,-7399.9596684970675
18,17,ptf1,Crypto,5950.539858276879
18,17,ptf1,Stocks,47604.318866215035
18,17,ptf2,Cash,0.0
18,17,ptf2,Real Estate,15181.519669475849
18,17,ptf2,Precious Metals,3795.379917368962
18,17,ptf2,Bonds,22772.27950421377
18,17,ptf2,Crypto,3795.379917368962
18,17,ptf2,Stocks,30363.039338951698
18,17,ptf3,Cash,0.0
18,17,ptf3,Real Estate,18345.552562537323
18,17,ptf3,Precious Metals,3974.451479322446
18,17,ptf3,Bonds,27575.93790616548
18,17,ptf3,Crypto,4496.201732416829
18,17,ptf3,Stocks,28766.819204560612
18,17,ptf4,Cash,7251.364537623449
18,17,ptf4,Real Estate,18345.552562537323
18,17,ptf4,Precious Metals,3974.451479322446
18,17,ptf4,Bonds,20324.57336854203
18,17,ptf4,Crypto,4496.201732416829
18,17,ptf4,Stocks,28766.819204560612
18,17,ptf5,Cash,7251.364537623449
18,17,ptf5,Real Estate,15181.519669475847
18,17,ptf5,Precious Metals,3795.3799173689617
18,17,ptf5,Bonds,22772.27950421377
18,17,ptf5,Crypto,3795.3799173689617
18,17,ptf5,Stocks,30363.039338951694
18,17,returns,Cash,0.0
18,17,returns,Money Market,0.07139894365291319
18,17,returns,Bonds,0.21094323917211916
18,17,returns,Stocks,-0.052571157866378296
18,17,returns,Crypto,0.18465129454910842
18,17,returns,Precious Metals,0.04718145899808091
18,17,returns,Real Estate,0.20841345016488155
18,17,contributions,,0.0
18,17,withdrawals,,50000.0
18,17,availableCash,,0.0
18,17,cashBuffer,,150000.0
18,17,cashDepletion,,6896.801181841656
18,17,shortfall,,43103.198818158344
18,17,cashReplenishment,,7251.364537623449
18,17,financialGainLoss,,7251.364537623449
18,18,ptf_bop,Cash,7251.364537623449
18,18,ptf_bop,Real Estate,15181.519669475847
18,18,ptf_bop,Precious Metals,3795.3799173689617
18,18,ptf_bop,Bonds,22772.27950421377
18,18,ptf_bop,Crypto,3795.3799173689617
18,18,ptf_bop,Stocks,30363.039338951694
18,18,ptf_eop,Cash,0.0
18,18,ptf_eop,Real Estate,6169.061517193774
18,18,ptf_eop,Precious Metals,1806.0594341153853
18,18,ptf_eop,Bonds,10515.004314672407
18,18,ptf_eop,Crypto,1786.857640664805
18,18,ptf_eop,Stocks,12562.549710240668
18,18,ptf1,Cash,0.0
18,18,ptf1,Real Estate,15181.519669475847
18,18,ptf1,Precious Metals,3795.3799173689617
18,18,ptf1,Bonds,-19976.35595816278
18,18,ptf1,Crypto,3795.3799173689617
18,18,ptf1,Stocks,30363.039338951694
18,18,ptf2,Cash,0.0
18,18,ptf2,Real Estate,6631.792577000538
18,18,ptf2,Precious Metals,1657.9481442501344
18,18,ptf2,Bonds,9947.688865500806
18,18,ptf2,Crypto,1657.9481442501344
18,18,ptf2,Stocks,13263.585154001075
18,18,ptf3,Cash,0.0
18,18,ptf3,Real Estate,6169.061517193774
18,18,ptf3,Precious Metals,1806.0594341153853
18,18,ptf3,Bonds,10515.004314672407
18,18,ptf3,Crypto,1786.857640664805
18,18,ptf3,Stocks,12562.549710240668
18,18,ptf4,Cash,0.0
18,18,ptf4,Real Estate,6169.061517193774
18,18,ptf4,Precious Metals,1806.0594341153853
18,18,ptf4,Bonds,10515.004314672407
18,18,ptf4,Crypto,1786.857640664805
18,18,ptf4,Stocks,12562.549710240668
18,18,ptf5,Cash,0.0
18,18,ptf5,Real Estate,6169.061517193774
18,18,ptf5,Precious Metals,1806.0594341153853
18,18,ptf5,Bonds,10515.004314672407
18,18,ptf5,Crypto,1786.857640664805
18,18,ptf5,Stocks,12562.549710240668
18,18,returns,Cash,0.0
18,18,returns,Money Market,0.00782133022894421
18,18,returns,Bonds,0.05702987466154946
18,18,returns,Stocks,-0.05285414430719989
18,18,returns,Crypto,0.07775242962919966
18,18,returns,Precious Metals,0.08933409068245586
18,18,returns,Real Estate,-0.0697746581235883
18,18,contributions,,0.0
18,18,withdrawals,,50000.0
18,18,availableCash,,0.0
18,18,cashBuffer,,150000.0
18,18,cashDepletion,,7251.364537623449
18,18,shortfall,,42748.63546237655
18,18,cashReplenishment,,0
18,18,financialGainLoss,,-319.4302681156478
18,19,ptf_bop,Cash,0.0
18,19,ptf_bop,Real Estate,6169.061517193774
18,19,ptf_bop,Precious Metals,1806.0594341153853
18,19,ptf_bop,Bonds,10515.004314672407
18,19,ptf_bop,Crypto,1786.857640664805
18,19,ptf_bop,Stocks,12562.549710240668
18,19,ptf_eop,Cash,1994.3120207336488
18,19,ptf_eop,Real Estate,-3432.0934766225923
18,19,ptf_eop,Precious Metals,-858.0233691556481
18,19,ptf_eop,Bonds,-5148.140214933888
18,19,ptf_eop,Crypto,-858.0233691556481
18,19,ptf_eop,Stocks,-6864.186953245185
18,19,ptf1,Cash,0.0
18,19,ptf1,Real Estate,6169.061517193774
18,19,ptf1,Precious Metals,1806.0594341153853
18,19,ptf1,Bonds,-39484.995685327594
18,19,ptf1,Crypto,1786.857640664805
18,19,ptf1,Stocks,12562.549710240668
18,19,ptf2,Cash,0.0
18,19,ptf2,Real Estate,-3432.0934766225923
18,19,ptf2,Precious Metals,-858.0233691556481
18,19,ptf2,Bonds,-5148.140214933888
18,19,ptf2,Crypto,-858.0233691556481
18,19,ptf2,Stocks,-6864.186953245185
18,19,ptf3,Cash,0.0
18,19,ptf3,Real Estate,-3318.667427629029
18,19,ptf3,Precious Metals,-546.0158792787864
18,19,ptf3,Bonds,-5348.409301503115
18,19,ptf3,Crypto,-847.6955434926984
18,19,ptf3,Stocks,-5105.367210475684
18,19,ptf4,Cash,1994.3120207336488
18,19,ptf4,Real Estate,-3318.667427629029
18,19,ptf4,Precious Metals,-546.0158792787864
18,19,ptf4,Bonds,-7342.721322236764
18,19,ptf4,Crypto,-847.6955434926984
18,19,ptf4,Stocks,-5105.367210475684
18,19,ptf5,Cash,1994.3120207336488
18,19,ptf5,Real Estate,-3432.0934766225923
18,19,ptf5,Precious Metals,-858.0233691556481
18,19,ptf5,Bonds,-5148.140214933888
18,19,ptf5,Crypto,-858.0233691556481
18,19,ptf5,Stocks,-6864.186953245185
18,19,returns,Cash,0.0
18,19,returns,Money Market,0.029704259946497277
18,19,returns,Bonds,0.03890124942368106
18,19,returns,Stocks,-0.25623132859718845
18,19,returns,Crypto,-0.012036765004562655
18,19,returns,Precious Metals,-0.3636351888456112
18,19,returns,Real Estate,-0.03304864793635577
18,19,contributions,,0.0
18,19,withdrawals,,50000.0
18,19,availableCash,,0.0
18,19,cashBuffer,,150000.0
18,19,cashDepletion,,0.0
18,19,shortfall,,50000.0
18,19,cashReplenishment,,1994.3120207336488
18,19,financialGainLoss,,1994.3120207336488
18,20,ptf_bop,Cash,1994.3120207336488
18,20,ptf_bop,Real Estate,-3432.0934766225923
18,20,ptf_bop,Precious Metals,-858.0233691556481
18,20,ptf_bop,Bonds,-5148.140214933888
18,20,ptf_bop,Crypto,-858.0233691556481
18,20,ptf_bop,Stocks,-6864.186953245185
18,20,ptf_eop,Cash,0.0
18,20,ptf_eop,Real Estate,-15856.955090616902
18,20,ptf_eop,Precious Metals,-2546.0957841998475
18,20,ptf_eop,Bonds,-20421.002488290902
18,20,ptf_eop,Crypto,-426.5226569037387
18,20,ptf_eop,Stocks,-35445.21483775868
18,20,ptf1,Cash,0.0
18,20,ptf1,Real Estate,-3432.0934766225923
18,20,ptf1,Precious Metals,-858.0233691556481
18,20,ptf1,Bonds,-53153.82819420024
18,20,ptf1,Crypto,-858.0233691556481
18,20,ptf1,Stocks,-6864.186953245185
18,20,ptf2,Cash,0.0
18,20,ptf2,Real Estate,-13033.231072475864
18,20,ptf2,Precious Metals,-3258.307768118966
18,20,ptf2,Bonds,-19549.846608713797
18,20,ptf2,Crypto,-3258.307768118966
18,20,ptf2,Stocks,-26066.46214495173
18,20,ptf3,Cash,0.0
18,20,ptf3,Real Estate,-15856.955090616902
18,20,ptf3,Precious Metals,-2546.0957841998475
18,20,ptf3,Bonds,-20421.002488290902
18,20,ptf3,Crypto,-426.5226569037387
18,20,ptf3,Stocks,-35445.21483775868
18,20,ptf4,Cash,0.0
18,20,ptf4,Real Estate,-15856.955090616902
18,20,ptf4,Precious Metals,-2546.0957841998475
18,20,ptf4,Bonds,-20421.002488290902
18,20,ptf4,Crypto,-426.5226569037387
18,20,ptf4,Stocks,-35445.21483775868
18,20,ptf5,Cash,0.0
18,20,ptf5,Real Estate,-15856.955090616902
18,20,ptf5,Precious Metals,-2546.0957841998475
18,20,ptf5,Bonds,-20421.002488290902
18,20,ptf5,Crypto,-426.5226569037387
18,20,ptf5,Stocks,-35445.21483775868
18,20,returns,Cash,0.0
18,20,returns,Money Market,-0.09460713578369465
18,20,returns,Bonds,0.04456075267561479
18,20,returns,Stocks,0.35980151969427615
18,20,returns,Crypto,-0.8690968787304055
18,20,returns,Precious Metals,-0.21858339807177923
18,20,returns,Real Estate,0.2166557166399281
18,20,contributions,,0.0
18,20,withdrawals,,50000.0
18,20,availableCash,,0.0
18,20,cashBuffer,,150000.0
18,20,cashDepletion,,1994.3120207336488
18,20,shortfall,,48005.68797926635
18,20,cashReplenishment,,0
18,20,financialGainLoss,,-9529.63549539075
19,1,ptf_bop,Cash,150000.0
19,1,ptf_bop,Real Estate,170000.0
19,1,ptf_bop,Precious Metals,42500.0
19,1,ptf_bop,Bonds,255000.0
19,1,ptf_bop,Crypto,42500.0
19,1,ptf_bop,Stocks,340000.0
19,1,ptf_eop,Cash,129102.86315517058
19,1,ptf_eop,Real Estate,170000.0
19,1,ptf_eop,Precious Metals,42500.0
19,1,ptf_eop,Bonds,255000.0
19,1,ptf_eop,Crypto,42500.0
19,1,ptf_eop,Stocks,340000.0
19,1,ptf1,Cash,100000.0
19,1,ptf1,Real Estate,170000.0
19,1,ptf1,Precious Metals,42500.0
19,1,ptf1,Bonds,255000.0
19,1,ptf1,Crypto,42500.0
19,1,ptf1,Stocks,340000.0
19,1,ptf2,Cash,100000.0
19,1,ptf2,Real Estate,170000.0
19,1,ptf2,Precious Metals,42500.0
19,1,ptf2,Bonds,255000.0
19,1,ptf2,Crypto,42500.0
19,1,ptf2,Stocks,340000.0
19,1,ptf3,Cash,100000.0
19,1,ptf3,Real Estate,138724.1571484694
19,1,ptf3,Precious Metals,48398.88608477725
19,1,ptf3,Bonds,247863.31187403423
19,1,ptf3,Crypto,32799.5360699618
19,1,ptf3,Stocks,411316.97197792784
19,1,ptf4,Cash,129102.86315517058
19,1,ptf4,Real Estate,138724.1571484694
19,1,ptf4,Precious Metals,48398.88608477725
19,1,ptf4,Bonds,218760.44871886366
19,1,ptf4,Crypto,32799.5360699618
19,1,ptf4,Stocks,411316.97197792784
19,1,ptf5,Cash,129102.86315517058
19,1,ptf5,Real Estate,170000.0
19,1,ptf5,Precious Metals,42500.0
19,1,ptf5,Bonds,255000.0
19,1,ptf5,Crypto,42500.0
19,1,ptf5,Stocks,340000.0
19,1,returns,Cash,0.0
19,1,returns,Money Market,0.018042007847431752
19,1,returns,Bonds,-0.02798701225868931
19,1,returns,Stocks,0.20975579993508184
19,1,returns,Crypto,-0.22824621011854573
19,1,returns,Precious Metals,0.1387973196418177
19,1,returns,Real Estate,-0.18397554618547404
19,1,contributions,,0.0
19,1,withdrawals,,50000.0
19,1,availableCash,,100000.0
19,1,cashBuffer,,150000.0
19,1,cashDepletion,,50000.0
19,1,shortfall,,0.0
19,1,cashReplenishment,,29102.863155170577
19,1,financialGainLoss,,29102.863155170577
19,2,ptf_bop,Cash,129102.86315517058
19,2,ptf_bop,Real Estate,170000.0
19,2,ptf_bop,Precious Metals,42500.0
19,2,ptf_bop,Bonds,255000.0
19,2,ptf_bop,Crypto,42500.0
19,2,ptf_bop,Stocks,340000.0
19,2,ptf_eop,Cash,150000.0
19,2,ptf_eop,Real Estate,190361.8551754452
19,2,ptf_eop,Precious Metals,47590.4637938613
19,2,ptf_eop,Bonds,285542.78276316775
19,2,ptf_eop,Crypto,47590.4637938613
19,2,ptf_eop,Stocks,380723.7103508904
19,2,ptf1,Cash,79102.86315517058
19,2,ptf1,Real Estate,170000.0
19,2,ptf1,Precious Metals,42500.0
19,2,ptf1,Bonds,255000.0
19,2,ptf1,Crypto,42500.0
19,2,ptf1,Stocks,340000.0
19,2,ptf2,Cash,79102.86315517058
19,2,ptf2,Real Estate,170000.0
19,2,ptf2,Precious Metals,42500.0
19,2,ptf2,Bonds,255000.0
19,2,ptf2,Crypto,42500.0
19,2,ptf2,Stocks,340000.0
19,2,ptf3,Cash,79102.86315517058
19,2,ptf3,Real Estate,227140.26445770683
19,2,ptf3,Precious Metals,42574.42888957137
19,2,ptf3,Bonds,322715.48258433497
19,2,ptf3,Crypto,54652.49076798338
19,2,ptf3,Stocks,375623.74602245877
19,2,ptf4,Cash,150000.0
19,2,ptf4,Real Estate,227140.26445770683
19,2,ptf4,Precious Metals,42574.42888957137
19,2,ptf4,Bonds,251818.34573950554
19,2,ptf4,Crypto,54652.49076798338
19,2,ptf4,Stocks,375623.74602245877
19,2,ptf5,Cash,150000.0
19,2,ptf5,Real Estate,190361.8551754452
19,2,ptf5,Precious Metals,47590.4637938613
19,2,ptf5,Bonds,285542.78276316775
19,2,ptf5,Crypto,47590.4637938613
19,2,ptf5,Stocks,380723.7103508904
19,2,returns,Cash,0.0
19,2,returns,Money Market,0.0305788037859274
19,2,returns,Bonds,0.2655509120954311
19,2,returns,Stocks,0.10477572359546689
19,2,returns,Crypto,0.2859409592466678
19,2,returns,Precious Metals,0.0017512679899146155
19,2,returns,Real Estate,0.3361192026923932
19,2,contributions,,0.0
19,2,withdrawals,,50000.0
19,2,availableCash,,79102.86315517058
19,2,cashBuffer,,150000.0
19,2,cashDepletion,,50000.0
19,2,shortfall,,0.0
19,2,cashReplenishment,,70897.13684482942
19,2,financialGainLoss,,172706.41272205533
19,3,ptf_bop,Cash,150000.0
19,3,ptf_bop,Real Estate,190361.8551754452
19,3,ptf_bop,Precious Metals,47590.4637938613
19,3,ptf_bop,Bonds,285542.78276316775
19,3,ptf_bop,Crypto,47590.4637938613
19,3,ptf_bop,Stocks,380723.7103508904
19,3,ptf_eop,Cash,150000.0
19,3,ptf_eop,Real Estate,201175.97436930097
19,3,ptf_eop,Precious Metals,50293.99359232524
19,3,ptf_eop,Bonds,301763.9615539515
19,3,ptf_eop,Crypto,50293.99359232524
19,3,ptf_eop,Stocks,402351.94873860193
19,3,ptf1,Cash,100000.0
19,3,ptf1,Real Estate,190361.8551754452
19,3,ptf1,Precious Metals,47590.4637938613
19,3,ptf1,Bonds,285542.78276316775
19,3,ptf1,Crypto,47590.4637938613
19,3,ptf1,Stocks,380723.7103508904
19,3,ptf2,Cash,100000.0
19,3,ptf2,Real Estate,190361.8551754452
19,3,ptf2,Precious Metals,47590.4637938613
19,3,ptf2,Bonds,285542.7827631678
19,3,ptf2,Crypto,47590.4637938613
19,3,ptf2,Stocks,380723.7103508904
19,3,ptf3,Cash,100000.0
19,3,ptf3,Real Estate,199984.68087058174
19,3,ptf3,Precious Metals,48251.50494742125
19,3,ptf3,Bonds,295628.0204015401
19,3,ptf3,Crypto,50745.63914568728
19,3,ptf3,Stocks,461270.0264812745
19,3,ptf4,Cash,150000.0
19,3,ptf4,Real Estate,199984.68087058174
19,3,ptf4,Precious Metals,48251.50494742125
19,3,ptf4,Bonds,245628.0204015401
19,3,ptf4,Crypto,50745.63914568728
19,3,ptf4,Stocks,461270.0264812745
19,3,ptf5,Cash,150000.0
19,3,ptf5,Real Estate,201175.97436930097
19,3,ptf5,Precious Metals,50293.99359232524
19,3,ptf5,Bonds,301763.9615539515
19,3,ptf5,Crypto,50293.99359232524
19,3,ptf5,Stocks,402351.94873860193
19,3,returns,Cash,0.0
19,3,returns,Money Market,0.03690722718124201
19,3,returns,Bonds,0.03531953264858772
19,3,returns,Stocks,0.2115610715606585
19,3,returns,Crypto,0.0662984787349974
19,3,returns,Precious Metals,0.013890201961957423
19,3,returns,Real Estate,0.05055017816603942
19,3,contributions,,0.0
19,3,withdrawals,,50000.0
19,3,availableCash,,100000.0
19,3,cashBuffer,,150000.0
19,3,cashDepletion,,50000.0
19,3,shortfall,,0.0
19,3,cashReplenishment,,50000.0
19,3,financialGainLoss,,104070.59596927883
19,4,ptf_bop,Cash,150000.0
19,4,ptf_bop,Real Estate,201175.97436930097
19,4,ptf_bop,Precious Metals,50293.99359232524
19,4,ptf_bop,Bonds,301763.9615539515
19,4,ptf_bop,Crypto,50293.99359232524
19,4,ptf_bop,Stocks,402351.94873860193
19,4,ptf_eop,Cash,150000.0
19,4,ptf_eop,Real Estate,234544.62396108932
19,4,ptf_eop,Precious Metals,58636.15599027233
19,4,ptf_eop,Bonds,351816.93594163394
19,4,ptf_eop,Crypto,58636.15599027233
19,4,ptf_eop,Stocks,469089.24792217865
19,4,ptf1,Cash,100000.0
19,4,ptf1,Real Estate,201175.97436930097
19,4,ptf1,Precious Metals,50293.99359232524
19,4,ptf1,Bonds,301763.9615539515
19,4,ptf1,Crypto,50293.99359232524
19,4,ptf1,Stocks,402351.94873860193
19,4,ptf2,Cash,100000.0
19,4,ptf2,Real Estate,201175.97436930097
19,4,ptf2,Precious Metals,50293.99359232524
19,4,ptf2,Bonds,301763.9615539515
19,4,ptf2,Crypto,50293.99359232524
19,4,ptf2,Stocks,402351.94873860193
19,4,ptf3,Cash,100000.0
19,4,ptf3,Real Estate,214833.08074087524
19,4,ptf3,Precious Metals,53666.7485572522
19,4,ptf3,Bonds,330624.07108939195
19,4,ptf3,Crypto,88905.59867719359
19,4,ptf3,Stocks,534693.6207407336
19,4,ptf4,Cash,150000.0
19,4,ptf4,Real Estate,214833.08074087524
19,4,ptf4,Precious Metals,53666.7485572522
19,4,ptf4,Bonds,280624.07108939195
19,4,ptf4,Crypto,88905.59867719359
19,4,ptf4,Stocks,534693.6207407336
19,4,ptf5,Cash,150000.0
19,4,ptf5,Real Estate,234544.62396108932
19,4,ptf5,Precious Metals,58636.15599027233
19,4,ptf5,Bonds,351816.93594163394
19,4,ptf5,Crypto,58636.15599027233
19,4,ptf5,Stocks,469089.24792217865
19,4,returns,Cash,0.0
19,4,returns,Money Market,0.07772551545670006
19,4,returns,Bonds,0.09563802578287874
19,4,returns,Stocks,0.3289201715488913
19,4,returns,Crypto,0.7677180181364718
19,4,returns,Precious Metals,0.06706079044479847
19,4,returns,Real Estate,0.06788636870973364
19,4,contributions,,0.0
19,4,withdrawals,,50000.0
19,4,availableCash,,100000.0
19,4,cashBuffer,,150000.0
19,4,cashDepletion,,50000.0
19,4,shortfall,,0.0
19,4,cashReplenishment,,50000.0
19,4,financialGainLoss,,216843.24795894162
19,5,ptf_bop,Cash,150000.0
19,5,ptf_bop,Real Estate,234544.62396108932
19,5,ptf_bop,Precious Metals,58636.15599027233
19,5,ptf_bop,Bonds,351816.93594163394
19,5,ptf_bop,Crypto,58636.15599027233
19,5,ptf_bop,Stocks,469089.24792217865
19,5,ptf_eop,Cash,150000.0
19,5,ptf_eop,Real Estate,250712.23329999723
19,5,ptf_eop,Precious Metals,62678.05832499931
19,5,ptf_eop,Bonds,376068.3499499958
19,5,ptf_eop,Crypto,62678.05832499931
19,5,ptf_eop,Stocks,501424.46659999446
19,5,ptf1,Cash,100000.0
19,5,ptf1,Real Estate,234544.62396108932
19,5,ptf1,Precious Metals,58636.15599027233
19,5,ptf1,Bonds,351816.93594163394
19,5,ptf1,Crypto,58636.15599027233
19,5,ptf1,Stocks,469089.24792217865
19,5,ptf2,Cash,100000.0
19,5,ptf2,Real Estate,234544.62396108932
19,5,ptf2,Precious Metals,58636.15599027233
19,5,ptf2,Bonds,351816.93594163394
19,5,ptf2,Crypto,58636.15599027233
19,5,ptf2,Stocks,469089.24792217865
19,5,ptf3,Cash,100000.0
19,5,ptf3,Real Estate,307399.5940111214
19,5,ptf3,Precious Metals,75379.72727435471
19,5,ptf3,Bonds,335121.29095380584
19,5,ptf3,Crypto,78550.78761442887
19,5,ptf3,Stocks,507109.7666462754
19,5,ptf4,Cash,150000.0
19,5,ptf4,Real Estate,307399.5940111214
19,5,ptf4,Precious Metals,75379.72727435471
19,5,ptf4,Bonds,285121.29095380584
19,5,ptf4,Crypto,78550.78761442887
19,5,ptf4,Stocks,507109.7666462754
19,5,ptf5,Cash,150000.0
19,5,ptf5,Real Estate,250712.23329999723
19,5,ptf5,Precious Metals,62678.05832499931
19,5,ptf5,Bonds,376068.3499499958
19,5,ptf5,Crypto,62678.05832499931
19,5,ptf5,Stocks,501424.46659999446
19,5,returns,Cash,0.0
19,5,returns,Money Market,-0.0657016179428329
19,5,returns,Bonds,-0.04745548972263768
19,5,returns,Stocks,0.08105178042879445
19,5,returns,Crypto,0.3396305792531891
19,5,returns,Precious Metals,0.2855502889183274
19,5,returns,Real Estate,0.31062306532388734
19,5,contributions,,0.0
19,5,withdrawals,,50000.0
19,5,availableCash,,100000.0
19,5,cashBuffer,,150000.0
19,5,cashDepletion,,50000.0
19,5,shortfall,,0.0
19,5,cashReplenishment,,50000.0
19,5,financialGainLoss,,130838.04669453972
19,6,ptf_bop,Cash,150000.0
19,6,ptf_bop,Real Estate,250712.23329999723
19,6,ptf_bop,Precious Metals,62678.05832499931
19,6,ptf_bop,Bonds,376068.3499499958
19,6,ptf_bop,Crypto,62678.05832499931
19,6,ptf_bop,Stocks,501424.46659999446
19,6,ptf_eop,Cash,150000.0
19,6,ptf_eop,Real Estate,298005.2308025902
19,6,ptf_eop,Precious Metals,74501.30770064755
19,6,ptf_eop,Bonds,447007.8462038852
19,6,ptf_eop,Crypto,74501.30770064755
19,6,ptf_eop,Stocks,596010.4616051804
19,6,ptf1,Cash,100000.0
19,6,ptf1,Real Estate,250712.23329999723
19,6,ptf1,Precious Metals,62678.05832499931
19,6,ptf1,Bonds,376068.3499499958
19,6,ptf1,Crypto,62678.05832499931
19,6,ptf1,Stocks,501424.46659999446
19,6,ptf2,Cash,100000.0
19,6,ptf2,Real Estate,250712.23329999723
19,6,ptf2,Precious Metals,62678.05832499931
19,6,ptf2,Bonds,376068.3499499958
19,6,ptf2,Crypto,62678.05832499931
19,6,ptf2,Stocks,501424.46659999446
19,6,ptf3,Cash,100000.0
19,6,ptf3,Real Estate,234181.02260591317
19,6,ptf3,Precious Metals,92249.51206088884
19,6,ptf3,Bonds,364547.9602787651
19,6,ptf3,Crypto,105206.70766681411
19,6,ptf3,Stocks,743840.9514005696
19,6,ptf4,Cash,150000.0
19,6,ptf4,Real Estate,234181.02260591317
19,6,ptf4,Precious Metals,92249.51206088884
19,6,ptf4,Bonds,314547.9602787651
19,6,ptf4,Crypto,105206.70766681411
19,6,ptf4,Stocks,743840.9514005696
19,6,ptf5,Cash,150000.0
19,6,ptf5,Real Estate,298005.2308025902
19,6,ptf5,Precious Metals,74501.30770064755
19,6,ptf5,Bonds,447007.8462038852
19,6,ptf5,Crypto,74501.30770064755
19,6,ptf5,Stocks,596010.4616051804
19,6,returns,Cash,0.0
19,6,returns,Money Market,0.0357202061009103
19,6,returns,Bonds,-0.03063376557150443
19,6,returns,Stocks,0.4834556367867869
19,6,returns,Crypto,0.6785253161687708
19,6,returns,Precious Metals,0.47179913555322883
19,6,returns,Real Estate,-0.0659369926887579
19,6,contributions,,0.0
19,6,withdrawals,,50000.0
19,6,availableCash,,100000.0
19,6,cashBuffer,,150000.0
19,6,cashDepletion,,50000.0
19,6,shortfall,,0.0
19,6,cashReplenishment,,50000.0
19,6,financialGainLoss,,286464.98751296476
19,7,ptf_bop,Cash,150000.0
19,7,ptf_bop,Real Estate,298005.2308025902
19,7,ptf_bop,Precious Metals,74501.30770064755
19,7,ptf_bop,Bonds,447007.8462038852
19,7,ptf_bop,Crypto,74501.30770064755
19,7,ptf_bop,Stocks,596010.4616051804
19,7,ptf_eop,Cash,150000.0
19,7,ptf_eop,Real Estate,310949.9059528653
19,7,ptf_eop,Precious Metals,77737.47648821633
19,7,ptf_eop,Bonds,466424.858929298
19,7,ptf_eop,Crypto,77737.47648821633
19,7,ptf_eop,Stocks,621899.8119057306
19,7,ptf1,Cash,100000.0
19,7,ptf1,Real Estate,298005.2308025902
19,7,ptf1,Precious Metals,74501.30770064755
19,7,ptf1,Bonds,447007.8462038852
19,7,ptf1,Crypto,74501.30770064755
19,7,ptf1,Stocks,596010.4616051804
19,7,ptf2,Cash,100000.0
19,7,ptf2,Real Estate,298005.2308025902
19,7,ptf2,Precious Metals,74501.30770064755
19,7,ptf2,Bonds,447007.8462038852
19,7,ptf2,Crypto,74501.30770064755
19,7,ptf2,Stocks,596010.4616051804
19,7,ptf3,Cash,100000.0
19,7,ptf3,Real Estate,348365.6760529216
19,7,ptf3,Precious Metals,75820.19246164575
19,7,ptf3,Bonds,349625.01742918877
19,7,ptf3,Crypto,57454.91039819008
19,7,ptf3,Stocks,773483.7334223804
19,7,ptf4,Cash,150000.0
19,7,ptf4,Real Estate,348365.6760529216
19,7,ptf4,Precious Metals,75820.19246164575
19,7,ptf4,Bonds,299625.01742918877
19,7,ptf4,Crypto,57454.91039819008
19,7,ptf4,Stocks,773483.7334223804
19,7,ptf5,Cash,150000.0
19,7,ptf5,Real Estate,310949.9059528653
19,7,ptf5,Precious Metals,77737.47648821633
19,7,ptf5,Bonds,466424.858929298
19,7,ptf5,Crypto,77737.47648821633
19,7,ptf5,Stocks,621899.8119057306
19,7,returns,Cash,0.0
19,7,returns,Money Market,-0.05134292952138417
19,7,returns,Bonds,-0.21785485333579366
19,7,returns,Stocks,0.2977687192591007
19,7,returns,Crypto,-0.22880668579605767
19,7,returns,Precious Metals,0.017702840415870013
19,7,returns,Real Estate,0.16899181640100824
19,7,contributions,,0.0
19,7,withdrawals,,50000.0
19,7,availableCash,,100000.0
19,7,cashBuffer,,150000.0
19,7,cashDepletion,,50000.0
19,7,shortfall,,0.0
19,7,cashReplenishment,,50000.0
19,7,financialGainLoss,,114723.37575137569
19,8,ptf_bop,Cash,150000.0
19,8,ptf_bop,Real Estate,310949.9059528653
19,8,ptf_bop,Precious Metals,77737.47648821633
19,8,ptf_bop,Bonds,466424.858929298
19,8,ptf_bop,Crypto,77737.47648821633
19,8,ptf_bop,Stocks,621899.8119057306
19,8,ptf_eop,Cash,150000.0
19,8,ptf_eop,Real Estate,317426.0093871232
19,8,ptf_eop,Precious Metals,79356.5023467808
19,8,ptf_eop,Bonds,476139.01408068486
19,8,ptf_eop,Crypto,79356.5023467808
19,8,ptf_eop,Stocks,634852.0187742464
19,8,ptf1,Cash,100000.0
19,8,ptf1,Real Estate,310949.9059528653
19,8,ptf1,Precious Metals,77737.47648821633
19,8,ptf1,Bonds,466424.858929298
19,8,ptf1,Crypto,77737.47648821633
19,8,ptf1,Stocks,621899.8119057306
19,8,ptf2,Cash,100000.0
19,8,ptf2,Real Estate,310949.9059528653
19,8,ptf2,Precious Metals,77737.47648821633
19,8,ptf2,Bonds,466424.85892929794
19,8,ptf2,Crypto,77737.47648821633
19,8,ptf2,Stocks,621899.8119057306
19,8,ptf3,Cash,100000.0
19,8,ptf3,Real Estate,324685.74463035236
19,8,ptf3,Precious Metals,79727.32460231797
19,8,ptf3,Bonds,494329.65241665515
19,8,ptf3,Crypto,109702.5246133834
19,8,ptf3,Stocks,628684.8006729073
19,8,ptf4,Cash,150000.0
19,8,ptf4,Real Estate,324685.74463035236
19,8,ptf4,Precious Metals,79727.32460231797
19,8,ptf4,Bonds,444329.65241665515
19,8,ptf4,Crypto,109702.5246133834
19,8,ptf4,Stocks,628684.8006729073
19,8,ptf5,Cash,150000.0
19,8,ptf5,Real Estate,317426.0093871232
19,8,ptf5,Precious Metals,79356.5023467808
19,8,ptf5,Bonds,476139.01408068486
19,8,ptf5,Crypto,79356.5023467808
19,8,ptf5,Stocks,634852.0187742464
19,8,returns,Cash,0.0
19,8,returns,Money Market,0.08652162333395377
19,8,returns,Bonds,0.059826985961713354
19,8,returns,Stocks,0.010910099403929454
19,8,returns,Crypto,0.4111922533272922
19,8,returns,Precious Metals,0.025597024806989364
19,8,returns,Real Estate,0.044173799105664165
19,8,contributions,,0.0
19,8,withdrawals,,50000.0
19,8,availableCash,,100000.0
19,8,cashBuffer,,150000.0
19,8,cashDepletion,,50000.0
19,8,shortfall,,0.0
19,8,cashReplenishment,,50000.0
19,8,financialGainLoss,,82380.51717128954
19,9,ptf_bop,Cash,150000.0
19,9,ptf_bop,Real Estate,317426.0093871232
19,9,ptf_bop,Precious Metals,79356.5023467808
19,9,ptf_bop,Bonds,476139.01408068486
19,9,ptf_bop,Crypto,79356.5023467808
19,9,ptf_bop,Stocks,634852.0187742464
19,9,ptf_eop,Cash,150000.0
19,9,ptf_eop,Real Estate,360202.3888036841
19,9,ptf_eop,Precious Metals,90050.59720092102
19,9,ptf_eop,Bonds,540303.5832055262
19,9,ptf_eop,Crypto,90050.59720092102
19,9,ptf_eop,Stocks,720404.7776073682
19,9,ptf1,Cash,100000.0
19,9,ptf1,Real Estate,317426.0093871232
19,9,ptf1,Precious Metals,79356.5023467808
19,9,ptf1,Bonds,476139.01408068486
19,9,ptf1,Crypto,79356.5023467808
19,9,ptf1,Stocks,634852.0187742464
19,9,ptf2,Cash,100000.0
19,9,ptf2,Real Estate,317426.0093871232
19,9,ptf2,Precious Metals,79356.5023467808
19,9,ptf2,Bonds,476139.01408068486
19,9,ptf2,Crypto,79356.5023467808
19,9,ptf2,Stocks,634852.0187742464
19,9,ptf3,Cash,100000.0
19,9,ptf3,Real Estate,328757.04864769004
19,9,ptf3,Precious Metals,87722.68262425862
19,9,ptf3,Bonds,496529.4608755763
19,9,ptf3,Crypto,107086.25863789408
19,9,ptf3,Stocks,830916.4932330013
19,9,ptf4,Cash,150000.0
19,9,ptf4,Real Estate,328757.04864769004
19,9,ptf4,Precious Metals,87722.68262425862
19,9,ptf4,Bonds,446529.4608755763
19,9,ptf4,Crypto,107086.25863789408
19,9,ptf4,Stocks,830916.4932330013
19,9,ptf5,Cash,150000.0
19,9,ptf5,Real Estate,360202.3888036841
19,9,ptf5,Precious Metals,90050.59720092102
19,9,ptf5,Bonds,540303.5832055262
19,9,ptf5,Crypto,90050.59720092102
19,9,ptf5,Stocks,720404.7776073682
19,9,returns,Cash,0.0
19,9,returns,Money Market,-0.07724290809648268
19,9,returns,Bonds,0.04282456633859498
19,9,returns,Stocks,0.30883492319566136
19,9,returns,Crypto,0.3494326926095699
19,9,returns,Precious Metals,0.10542526484998495
19,9,returns,Real Estate,0.0356966314211126
19,9,contributions,,0.0
19,9,withdrawals,,50000.0
19,9,availableCash,,100000.0
19,9,cashBuffer,,150000.0
19,9,cashDepletion,,50000.0
19,9,shortfall,,0.0
19,9,cashReplenishment,,50000.0
19,9,financialGainLoss,,263881.89708280447
19,10,ptf_bop,Cash,150000.0
19,10,ptf_bop,Real Estate,360202.3888036841
19,10,ptf_bop,Precious Metals,90050.59720092102
19,10,ptf_bop,Bonds,540303.5832055262
19,10,ptf_bop,Crypto,90050.59720092102
19,10,ptf_bop,Stocks,720404.7776073682
19,10,ptf_eop,Cash,150000.0
19,10,ptf_eop,Real Estate,365705.14264242316
19,10,ptf_eop,Precious Metals,91426.28566060579
19,10,ptf_eop,Bonds,548557.7139636347
19,10,ptf_eop,Crypto,91426.28566060579
19,10,ptf_eop,Stocks,731410.2852848463
19,10,ptf1,Cash,100000.0
19,10,ptf1,Real Estate,360202.3888036841
19,10,ptf1,Precious Metals,90050.59720092102
19,10,ptf1,Bonds,540303.5832055262
19,10,ptf1,Crypto,90050.59720092102
19,10,ptf1,Stocks,720404.7776073682
19,10,ptf2,Cash,100000.0
19,10,ptf2,Real Estate,360202.3888036841
19,10,ptf2,Precious Metals,90050.59720092102
19,10,ptf2,Bonds,540303.5832055262
19,10,ptf2,Crypto,90050.59720092102
19,10,ptf2,Stocks,720404.7776073682
19,10,ptf3,Cash,100000.0
19,10,ptf3,Real Estate,411507.6397876764
19,10,ptf3,Precious Metals,83874.19394259223
19,10,ptf3,Bonds,432299.92490454245
19,10,ptf3,Crypto,85161.18425023253
19,10,ptf3,Stocks,865682.770327072
19,10,ptf4,Cash,150000.0
19,10,ptf4,Real Estate,411507.6397876764
19,10,ptf4,Precious Metals,83874.19394259223
19,10,ptf4,Bonds,382299.92490454245
19,10,ptf4,Crypto,85161.18425023253
19,10,ptf4,Stocks,865682.770327072
19,10,ptf5,Cash,150000.0
19,10,ptf5,Real Estate,365705.14264242316
19,10,ptf5,Precious Metals,91426.28566060579
19,10,ptf5,Bonds,548557.7139636347
19,10,ptf5,Crypto,91426.28566060579
19,10,ptf5,Stocks,731410.2852848463
19,10,returns,Cash,0.0
19,10,returns,Money Market,-0.029128704325435843
19,10,returns,Bonds,-0.19989439577693902
19,10,returns,Stocks,0.20166161751759318
19,10,returns,Crypto,-0.05429628567347773
19,10,returns,Precious Metals,-0.06858814322516928
19,10,returns,Real Estate,0.14243451064938528
19,10,contributions,,0.0
19,10,withdrawals,,50000.0
19,10,availableCash,,100000.0
19,10,cashBuffer,,150000.0
19,10,cashDepletion,,50000.0
19,10,shortfall,,0.0
19,10,cashReplenishment,,50000.0
19,10,financialGainLoss,,77513.76919369539
19,11,ptf_bop,Cash,150000.0
19,11,ptf_bop,Real Estate,365705.14264242316
19,11,ptf_bop,Precious Metals,91426.28566060579
19,11,ptf_bop,Bonds,548557.7139636347
19,11,ptf_bop,Crypto,91426.28566060579
19,11,ptf_bop,Stocks,731410.2852848463
19,11,ptf_eop,Cash,150000.0
19,11,ptf_eop,Real Estate,373507.3794947025
19,11,ptf_eop,Precious Metals,93376.84487367563
19,11,ptf_eop,Bonds,560261.0692420538
19,11,ptf_eop,Crypto,93376.84487367563
19,11,ptf_eop,Stocks,747014.758989405
19,11,ptf1,Cash,100000.0
19,11,ptf1,Real Estate,365705.14264242316
19,11,ptf1,Precious Metals,91426.28566060579
19,11,ptf1,Bonds,548557.7139636347
19,11,ptf1,Crypto,91426.28566060579
19,11,ptf1,Stocks,731410.2852848463
19,11,ptf2,Cash,100000.0
19,11,ptf2,Real Estate,365705.14264242316
19,11,ptf2,Precious Metals,91426.28566060579
19,11,ptf2,Bonds,548557.7139636347
19,11,ptf2,Crypto,91426.28566060579
19,11,ptf2,Stocks,731410.2852848463
19,11,ptf3,Cash,100000.0
19,11,ptf3,Real Estate,400410.3027725521
19,11,ptf3,Precious Metals,77821.69359648551
19,11,ptf3,Bonds,634571.5365795919
19,11,ptf3,Crypto,91682.57306351386
19,11,ptf3,Stocks,713050.7914613691
19,11,ptf4,Cash,150000.0
19,11,ptf4,Real Estate,400410.3027725521
19,11,ptf4,Precious Metals,77821.69359648551
19,11,ptf4,Bonds,584571.5365795919
19,11,ptf4,Crypto,91682.57306351386
19,11,ptf4,Stocks,713050.7914613691
19,11,ptf5,Cash,150000.0
19,11,ptf5,Real Estate,373507.3794947025
19,11,ptf5,Precious Metals,93376.84487367563
19,11,ptf5,Bonds,560261.0692420538
19,11,ptf5,Crypto,93376.84487367563
19,11,ptf5,Stocks,747014.758989405
19,11,returns,Cash,0.0
19,11,returns,Money Market,0.09618104654102506
19,11,returns,Bonds,0.15679995090117246
19,11,returns,Stocks,-0.025101498013973256
19,11,returns,Crypto,0.002803213551291712
19,11,returns,Precious Metals,-0.14880394588732912
19,11,returns,Real Estate,0.09489929476890818
19,11,contributions,,0.0
19,11,withdrawals,,50000.0
19,11,availableCash,,100000.0
19,11,cashBuffer,,150000.0
19,11,cashDepletion,,50000.0
19,11,shortfall,,0.0
19,11,cashReplenishment,,50000.0
19,11,financialGainLoss,,89011.18426139676
19,12,ptf_bop,Cash,150000.0
19,12,ptf_bop,Real Estate,373507.3794947025
19,12,ptf_bop,Precious Metals,93376.84487367563
19,12,ptf_bop,Bonds,560261.0692420538
19,12,ptf_bop,Crypto,93376.84487367563
19,12,ptf_bop,Stocks,747014.758989405
19,12,ptf_eop,Cash,150000.0
19,12,ptf_eop,Real Estate,407407.39473703934
19,12,ptf_eop,Precious Metals,101851.84868425984
19,12,ptf_eop,Bonds,611111.092105559
19,12,ptf_eop,Crypto,101851.84868425984
19,12,ptf_eop,Stocks,814814.7894740787
19,12,ptf1,Cash,100000.0
19,12,ptf1,Real Estate,373507.3794947025
19,12,ptf1,Precious Metals,93376.84487367563
19,12,ptf1,Bonds,560261.0692420538
19,12,ptf1,Crypto,93376.84487367563
19,12,ptf1,Stocks,747014.758989405
19,12,ptf2,Cash,100000.0
19,12,ptf2,Real Estate,373507.3794947025
19,12,ptf2,Precious Metals,93376.84487367563
19,12,ptf2,Bonds,560261.0692420537
19,12,ptf2,Crypto,93376.84487367563
19,12,ptf2,Stocks,747014.758989405
19,12,ptf3,Cash,100000.0
19,12,ptf3,Real Estate,363146.24449464236
19,12,ptf3,Precious Metals,154622.9269501452
19,12,ptf3,Bonds,557133.8385444052
19,12,ptf3,Crypto,89603.21351530061
19,12,ptf3,Stocks,922530.7501807032
19,12,ptf4,Cash,150000.0
19,12,ptf4,Real Estate,363146.24449464236
19,12,ptf4,Precious Metals,154622.9269501452
19,12,ptf4,Bonds,507133.8385444052
19,12,ptf4,Crypto,89603.21351530061
19,12,ptf4,Stocks,922530.7501807032
19,12,ptf5,Cash,150000.0
19,12,ptf5,Real Estate,407407.39473703934
19,12,ptf5,Precious Metals,101851.84868425984
19,12,ptf5,Bonds,611111.092105559
19,12,ptf5,Crypto,101851.84868425984
19,12,ptf5,Stocks,814814.7894740787
19,12,returns,Cash,0.0
19,12,returns,Money Market,-0.01154752537518686
19,12,returns,Bonds,-0.005581738352584815
19,12,returns,Stocks,0.23495652405682613
19,12,returns,Crypto,-0.040412924247763514
19,12,returns,Precious Metals,0.65590224385206
19,12,returns,Real Estate,-0.027740107877057642
19,12,contributions,,0.0
19,12,withdrawals,,50000.0
19,12,availableCash,,100000.0
19,12,cashBuffer,,150000.0
19,12,cashDepletion,,50000.0
19,12,shortfall,,0.0
19,12,cashReplenishment,,50000.0
19,12,financialGainLoss,,219500.07621168438
19,13,ptf_bop,Cash,150000.0
19,13,ptf_bop,Real Estate,407407.39473703934
19,13,ptf_bop,Precious Metals,101851.84868425984
19,13,ptf_bop,Bonds,611111.092105559
19,13,ptf_bop,Crypto,101851.84868425984
19,13,ptf_bop,Stocks,814814.7894740787
19,13,ptf_eop,Cash,150000.0
19,13,ptf_eop,Real Estate,418741.3510070147
19,13,ptf_eop,Precious Metals,104685.33775175367
19,13,ptf_eop,Bonds,628112.026510522
19,13,ptf_eop,Crypto,104685.33775175367
19,13,ptf_eop,Stocks,837482.7020140294
19,13,ptf1,Cash,100000.0
19,13,ptf1,Real Estate,407407.39473703934
19,13,ptf1,Precious Metals,101851.84868425984
19,13,ptf1,Bonds,611111.092105559
19,13,ptf1,Crypto,101851.84868425984
19,13,ptf1,Stocks,814814.7894740787
19,13,ptf2,Cash,100000.0
19,13,ptf2,Real Estate,407407.39473703934
19,13,ptf2,Precious Metals,101851.84868425984
19,13,ptf2,Bonds,611111.092105559
19,13,ptf2,Crypto,101851.84868425984
19,13,ptf2,Stocks,814814.7894740787
19,13,ptf3,Cash,100000.0
19,13,ptf3,Real Estate,443214.1026881971
19,13,ptf3,Precious Metals,111604.36197482015
19,13,ptf3,Bonds,744741.5205946083
19,13,ptf3,Crypto,142763.41597881523
19,13,ptf3,Stocks,701383.3537986327
19,13,ptf4,Cash,150000.0
19,13,ptf4,Real Estate,443214.1026881971
19,13,ptf4,Precious Metals,111604.36197482015
19,13,ptf4,Bonds,694741.5205946083
19,13,ptf4,Crypto,142763.41597881523
19,13,ptf4,Stocks,701383.3537986327
19,13,ptf5,Cash,150000.0
19,13,ptf5,Real Estate,418741.3510070147
19,13,ptf5,Precious Metals,104685.33775175367
19,13,ptf5,Bonds,628112.026510522
19,13,ptf5,Crypto,104685.33775175367
19,13,ptf5,Stocks,837482.7020140294
19,13,returns,Cash,0.0
19,13,returns,Money Market,0.0825466972278457
19,13,returns,Bonds,0.21866798069174456
19,13,returns,Stocks,-0.13921131174933646
19,13,returns,Crypto,0.40167721865688494
19,13,returns,Precious Metals,0.09575195164884097
19,13,returns,Real Estate,0.08788919497710446
19,13,contributions,,0.0
19,13,withdrawals,,50000.0
19,13,availableCash,,100000.0
19,13,cashBuffer,,150000.0
19,13,cashDepletion,,50000.0
19,13,shortfall,,0.0
19,13,cashReplenishment,,50000.0
19,13,financialGainLoss,,106669.7813498769
19,14,ptf_bop,Cash,150000.0
19,14,ptf_bop,Real Estate,418741.3510070147
19,14,ptf_bop,Precious Metals,104685.33775175367
19,14,ptf_bop,Bonds,628112.026510522
19,14,ptf_bop,Crypto,104685.33775175367
19,14,ptf_bop,Stocks,837482.7020140294
19,14,ptf_eop,Cash,100000.0
19,14,ptf_eop,Real Estate,362345.11080733844
19,14,ptf_eop,Precious Metals,93391.63357413799
19,14,ptf_eop,Bonds,511169.37121624674
19,14,ptf_eop,Crypto,4099.1677572132785
19,14,ptf_eop,Stocks,746634.3433654407
19,14,ptf1,Cash,100000.0
19,14,ptf1,Real Estate,418741.3510070147
19,14,ptf1,Precious Metals,104685.33775175367
19,14,ptf1,Bonds,628112.026510522
19,14,ptf1,Crypto,104685.33775175367
19,14,ptf1,Stocks,837482.7020140294
19,14,ptf2,Cash,100000.0
19,14,ptf2,Real Estate,418741.3510070147
19,14,ptf2,Precious Metals,104685.33775175367
19,14,ptf2,Bonds,628112.026510522
19,14,ptf2,Crypto,104685.33775175367
19,14,ptf2,Stocks,837482.7020140294
19,14,ptf3,Cash,100000.0
19,14,ptf3,Real Estate,362345.11080733844
19,14,ptf3,Precious Metals,93391.63357413799
19,14,ptf3,Bonds,511169.37121624674
19,14,ptf3,Crypto,4099.1677572132785
19,14,ptf3,Stocks,746634.3433654407
19,14,ptf4,Cash,100000.0
19,14,ptf4,Real Estate,362345.11080733844
19,14,ptf4,Precious Metals,93391.63357413799
19,14,ptf4,Bonds,511169.37121624674
19,14,ptf4,Crypto,4099.1677572132785
19,14,ptf4,Stocks,746634.3433654407
19,14,ptf5,Cash,100000.0
19,14,ptf5,Real Estate,362345.11080733844
19,14,ptf5,Precious Metals,93391.63357413799
19,14,ptf5,Bonds,511169.37121624674
19,14,ptf5,Crypto,4099.1677572132785
19,14,ptf5,Stocks,746634.3433654407
19,14,returns,Cash,0.0
19,14,returns,Money Market,-0.04509782421540035
19,14,returns,Bonds,-0.1861812071071946
19,14,returns,Stocks,-0.10847789265391501
19,14,returns,Crypto,-0.9608429619156995
19,14,returns,Precious Metals,-0.10788238754501701
19,14,returns,Real Estate,-0.13468037026687502
19,14,contributions,,0.0
19,14,withdrawals,,50000.0
19,14,availableCash,,100000.0
19,14,cashBuffer,,150000.0
19,14,cashDepletion,,50000.0
19,14,shortfall,,0.0
19,14,cashReplenishment,,0
19,14,financialGainLoss,,-376067.12831469625
19,15,ptf_bop,Cash,100000.0
19,15,ptf_bop,Real Estate,362345.11080733844
19,15,ptf_bop,Precious Metals,93391.63357413799
19,15,ptf_bop,Bonds,511169.37121624674
19,15,ptf_bop,Crypto,4099.1677572132785
19,15,ptf_bop,Stocks,746634.3433654407
19,15,ptf_eop,Cash,50000.0
19,15,ptf_eop,Real Estate,274782.95451101597
19,15,ptf_eop,Precious Metals,66239.33203583953
19,15,ptf_eop,Bonds,549389.624684391
19,15,ptf_eop,Crypto,50639.262433696815
19,15,ptf_eop,Stocks,597461.7366344965
19,15,ptf1,Cash,50000.0
19,15,ptf1,Real Estate,362345.11080733844
19,15,ptf1,Precious Metals,93391.63357413799
19,15,ptf1,Bonds,511169.37121624674
19,15,ptf1,Crypto,4099.1677572132785
19,15,ptf1,Stocks,746634.3433654407
19,15,ptf2,Cash,50000.0
19,15,ptf2,Real Estate,343527.9253440754
19,15,ptf2,Precious Metals,85881.98133601886
19,15,ptf2,Bonds,515291.8880161132
19,15,ptf2,Crypto,85881.98133601886
19,15,ptf2,Stocks,687055.8506881509
19,15,ptf3,Cash,50000.0
19,15,ptf3,Real Estate,274782.95451101597
19,15,ptf3,Precious Metals,66239.33203583953
19,15,ptf3,Bonds,549389.624684391
19,15,ptf3,Crypto,50639.262433696815
19,15,ptf3,Stocks,597461.7366344965
19,15,ptf4,Cash,50000.0
19,15,ptf4,Real Estate,274782.95451101597
19,15,ptf4,Precious Metals,66239.33203583953
19,15,ptf4,Bonds,549389.624684391
19,15,ptf4,Crypto,50639.262433696815
19,15,ptf4,Stocks,597461.7366344965
19,15,ptf5,Cash,50000.0
19,15,ptf5,Real Estate,274782.95451101597
19,15,ptf5,Precious Metals,66239.33203583953
19,15,ptf5,Bonds,549389.624684391
19,15,ptf5,Crypto,50639.262433696815
19,15,ptf5,Stocks,597461.7366344965
19,15,returns,Cash,0.0
19,15,returns,Money Market,0.04788353948851004
19,15,returns,Bonds,0.06617169309525689
19,15,returns,Stocks,-0.13040295627192094
19,15,returns,Crypto,-0.4103622011750359
19,15,returns,Precious Metals,-0.2287167691593675
19,15,returns,Real Estate,-0.20011465083720612
19,15,contributions,,0.0
19,15,withdrawals,,50000.0
19,15,availableCash,,50000.0
19,15,cashBuffer,,150000.0
19,15,cashDepletion,,50000.0
19,15,shortfall,,0.0
19,15,cashReplenishment,,0
19,15,financialGainLoss,,-179126.71642093756
19,16,ptf_bop,Cash,50000.0
19,16,ptf_bop,Real Estate,274782.95451101597
19,16,ptf_bop,Precious Metals,66239.33203583953
19,16,ptf_bop,Bonds,549389.624684391
19,16,ptf_bop,Crypto,50639.262433696815
19,16,ptf_bop,Stocks,597461.7366344965
19,16,ptf_eop,Cash,0.0
19,16,ptf_eop,Real Estate,268219.5376969483
19,16,ptf_eop,Precious Metals,78453.68658461657
19,16,ptf_eop,Bonds,491307.724841148
19,16,ptf_eop,Crypto,32445.942727360678
19,16,ptf_eop,Stocks,498357.01251575164
19,16,ptf1,Cash,0.0
19,16,ptf1,Real Estate,274782.95451101597
19,16,ptf1,Precious Metals,66239.33203583953
19,16,ptf1,Bonds,549389.624684391
19,16,ptf1,Crypto,50639.262433696815
19,16,ptf1,Stocks,597461.7366344965
19,16,ptf2,Cash,0.0
19,16,ptf2,Real Estate,307702.58205988794
19,16,ptf2,Precious Metals,76925.64551497198
19,16,ptf2,Bonds,461553.8730898319
19,16,ptf2,Crypto,76925.64551497198
19,16,ptf2,Stocks,615405.1641197759
19,16,ptf3,Cash,0.0
19,16,ptf3,Real Estate,268219.5376969483
19,16,ptf3,Precious Metals,78453.68658461657
19,16,ptf3,Bonds,491307.724841148
19,16,ptf3,Crypto,32445.942727360678
19,16,ptf3,Stocks,498357.01251575164
19,16,ptf4,Cash,0.0
19,16,ptf4,Real Estate,268219.5376969483
19,16,ptf4,Precious Metals,78453.68658461657
19,16,ptf4,Bonds,491307.724841148
19,16,ptf4,Crypto,32445.942727360678
19,16,ptf4,Stocks,498357.01251575164
19,16,ptf5,Cash,0.0
19,16,ptf5,Real Estate,268219.5376969483
19,16,ptf5,Precious Metals,78453.68658461657
19,16,ptf5,Bonds,491307.724841148
19,16,ptf5,Crypto,32445.942727360678
19,16,ptf5,Stocks,498357.01251575164
19,16,returns,Cash,0.0
19,16,returns,Money Market,0.03528994857565818
19,16,returns,Bonds,0.06446452621474415
19,16,returns,Stocks,-0.1901968953598888
19,16,returns,Crypto,-0.5782168285991731
19,16,returns,Precious Metals,0.019863870617077662
19,16,returns,Real Estate,-0.12831560950390444
19,16,contributions,,0.0
19,16,withdrawals,,50000.0
19,16,availableCash,,0.0
19,16,cashBuffer,,150000.0
19,16,cashDepletion,,50000.0
19,16,shortfall,,0.0
19,16,cashReplenishment,,0
19,16,financialGainLoss,,-169729.00593361468
19,17,ptf_bop,Cash,0.0
19,17,ptf_bop,Real Estate,268219.5376969483
19,17,ptf_bop,Precious Metals,78453.68658461657
19,17,ptf_bop,Bonds,491307.724841148
19,17,ptf_bop,Crypto,32445.942727360678
19,17,ptf_bop,Stocks,498357.01251575164
19,17,ptf_eop,Cash,43708.91499827127
19,17,ptf_eop,Real Estate,263756.78087316506
19,17,ptf_eop,Precious Metals,65939.19521829126
19,17,ptf_eop,Bonds,395635.17130974756
19,17,ptf_eop,Crypto,65939.19521829126
19,17,ptf_eop,Stocks,527513.5617463301
19,17,ptf1,Cash,0.0
19,17,ptf1,Real Estate,268219.5376969483
19,17,ptf1,Precious Metals,78453.68658461657
19,17,ptf1,Bonds,441307.724841148
19,17,ptf1,Crypto,32445.942727360678
19,17,ptf1,Stocks,498357.01251575164
19,17,ptf2,Cash,0.0
19,17,ptf2,Real Estate,263756.78087316506
19,17,ptf2,Precious Metals,65939.19521829126
19,17,ptf2,Bonds,395635.17130974756
19,17,ptf2,Crypto,65939.19521829126
19,17,ptf2,Stocks,527513.5617463301
19,17,ptf3,Cash,0.0
19,17,ptf3,Real Estate,294326.22238931915
19,17,ptf3,Precious Metals,76159.22217527905
19,17,ptf3,Bonds,356738.64009795437
19,17,ptf3,Crypto,30742.70558655134
19,17,ptf3,Stocks,604526.0291149925
19,17,ptf4,Cash,43708.91499827127
19,17,ptf4,Real Estate,294326.22238931915
19,17,ptf4,Precious Metals,76159.22217527905
19,17,ptf4,Bonds,313029.7250996831
19,17,ptf4,Crypto,30742.70558655134
19,17,ptf4,Stocks,604526.0291149925
19,17,ptf5,Cash,43708.91499827127
19,17,ptf5,Real Estate,263756.78087316506
19,17,ptf5,Precious Metals,65939.19521829126
19,17,ptf5,Bonds,395635.17130974756
19,17,ptf5,Crypto,65939.19521829126
19,17,ptf5,Stocks,527513.5617463301
19,17,returns,Cash,0.0
19,17,returns,Money Market,-0.03746647756276931
19,17,returns,Bonds,-0.0983141389655184
19,17,returns,Stocks,0.145991445440214
19,17,returns,Crypto,-0.5337719017531558
19,17,returns,Precious Metals,0.15499168473552716
19,17,returns,Real Estate,0.11590011606508888
19,17,contributions,,0.0
19,17,withdrawals,,50000.0
19,17,availableCash,,0.0
19,17,cashBuffer,,150000.0
19,17,cashDepletion,,0.0
19,17,shortfall,,50000.0
19,17,cashReplenishment,,43708.91499827127
19,17,financialGainLoss,,43708.91499827127
19,18,ptf_bop,Cash,43708.91499827127
19,18,ptf_bop,Real Estate,263756.78087316506
19,18,ptf_bop,Precious Metals,65939.19521829126
19,18,ptf_bop,Bonds,395635.17130974756
19,18,ptf_bop,Crypto,65939.19521829126
19,18,ptf_bop,Stocks,527513.5617463301
19,18,ptf_eop,Cash,0.0
19,18,ptf_eop,Real Estate,227398.93591869232
19,18,ptf_eop,Precious Metals,68571.58008288183
19,18,ptf_eop,Bonds,371713.823574525
19,18,ptf_eop,Crypto,62657.95285699264
19,18,ptf_eop,Stocks,533809.6814481793
19,18,ptf1,Cash,0.0
19,18,ptf1,Real Estate,263756.78087316506
19,18,ptf1,Precious Metals,65939.19521829126
19,18,ptf1,Bonds,389344.0863080188
19,18,ptf1,Crypto,65939.19521829126
19,18,ptf1,Stocks,527513.5617463301
19,18,ptf2,Cash,0.0
19,18,ptf2,Real Estate,262498.5638728193
19,18,ptf2,Precious Metals,65624.64096820483
19,18,ptf2,Bonds,393747.84580922895
19,18,ptf2,Crypto,65624.64096820483
19,18,ptf2,Stocks,524997.1277456386
19,18,ptf3,Cash,0.0
19,18,ptf3,Real Estate,227398.93591869232
19,18,ptf3,Precious Metals,68571.58008288183
19,18,ptf3,Bonds,371713.823574525
19,18,ptf3,Crypto,62657.95285699264
19,18,ptf3,Stocks,533809.6814481793
19,18,ptf4,Cash,0.0
19,18,ptf4,Real Estate,227398.93591869232
19,18,ptf4,Precious Metals,68571.58008288183
19,18,ptf4,Bonds,371713.823574525
19,18,ptf4,Crypto,62657.95285699264
19,18,ptf4,Stocks,533809.6814481793
19,18,ptf5,Cash,0.0
19,18,ptf5,Real Estate,227398.93591869232
19,18,ptf5,Precious Metals,68571.58008288183
19,18,ptf5,Bonds,371713.823574525
19,18,ptf5,Crypto,62657.95285699264
19,18,ptf5,Stocks,533809.6814481793
19,18,returns,Cash,0.0
19,18,returns,Money Market,0.062023777204675806
19,18,returns,Bonds,-0.05595972770192478
19,18,returns,Stocks,0.016785908411313173
19,18,returns,Crypto,-0.0452069233056764
19,18,returns,Precious Metals,0.04490598456919262
19,18,returns,Real Estate,-0.13371359993852297
19,18,contributions,,0.0
19,18,withdrawals,,50000.0
19,18,availableCash,,0.0
19,18,cashBuffer,,150000.0
19,18,cashDepletion,,43708.91499827127
19,18,shortfall,,6291.08500172873
19,18,cashReplenishment,,0
19,18,financialGainLoss,,-48340.8454828253
19,19,ptf_bop,Cash,0.0
19,19,ptf_bop,Real Estate,227398.93591869232
19,19,ptf_bop,Precious Metals,68571.58008288183
19,19,ptf_bop,Bonds,371713.823574525
19,19,ptf_bop,Crypto,62657.95285699264
19,19,ptf_bop,Stocks,533809.6814481793
19,19,ptf_eop,Cash,28399.0165224839
19,19,ptf_eop,Real Estate,242830.3947762543
19,19,ptf_eop,Precious Metals,60707.59869406358
19,19,ptf_eop,Bonds,364245.59216438147
19,19,ptf_eop,Crypto,60707.59869406358
19,19,ptf_eop,Stocks,485660.7895525086
19,19,ptf1,Cash,0.0
19,19,ptf1,Real Estate,227398.93591869232
19,19,ptf1,Precious Metals,68571.58008288183
19,19,ptf1,Bonds,321713.823574525
19,19,ptf1,Crypto,62657.95285699264
19,19,ptf1,Stocks,533809.6814481793
19,19,ptf2,Cash,0.0
19,19,ptf2,Real Estate,242830.39477625422
19,19,ptf2,Precious Metals,60707.598694063556
19,19,ptf2,Bonds,364245.59216438135
19,19,ptf2,Crypto,60707.598694063556
19,19,ptf2,Stocks,485660.78955250845
19,19,ptf3,Cash,0.0
19,19,ptf3,Real Estate,228798.93382009608
19,19,ptf3,Precious Metals,59427.58154356231
19,19,ptf3,Bonds,355295.25516522053
19,19,ptf3,Crypto,115608.53177679068
19,19,ptf3,Stocks,483420.6880980857
19,19,ptf4,Cash,28399.0165224839
19,19,ptf4,Real Estate,228798.93382009608
19,19,ptf4,Precious Metals,59427.58154356231
19,19,ptf4,Bonds,326896.23864273663
19,19,ptf4,Crypto,115608.53177679068
19,19,ptf4,Stocks,483420.6880980857
19,19,ptf5,Cash,28399.0165224839
19,19,ptf5,Real Estate,242830.3947762543
19,19,ptf5,Precious Metals,60707.59869406358
19,19,ptf5,Bonds,364245.59216438147
19,19,ptf5,Crypto,60707.59869406358
19,19,ptf5,Stocks,485660.7895525086
19,19,returns,Cash,0.0
19,19,returns,Money Market,-0.05718340357145644
19,19,returns,Bonds,-0.024572258914588616
19,19,returns,Stocks,-0.004612481597468072
19,19,returns,Crypto,0.904350266914704
19,19,returns,Precious Metals,-0.02108495769947848
19,19,returns,Real Estate,-0.05778296810449463
19,19,contributions,,0.0
19,19,withdrawals,,50000.0
19,19,availableCash,,0.0
19,19,cashBuffer,,150000.0
19,19,cashDepletion,,0.0
19,19,shortfall,,50000.0
19,19,cashReplenishment,,28399.0165224839
19,19,financialGainLoss,,28399.0165224839
19,20,ptf_bop,Cash,28399.0165224839
19,20,ptf_bop,Real Estate,242830.3947762543
19,20,ptf_bop,Precious Metals,60707.59869406358
19,20,ptf_bop,Bonds,364245.59216438147
19,20,ptf_bop,Crypto,60707.59869406358
19,20,ptf_bop,Stocks,485660.7895525086
19,20,ptf_eop,Cash,150000.0
19,20,ptf_eop,Real Estate,240288.977345533
19,20,ptf_eop,Precious Metals,60072.24433638325
19,20,ptf_eop,Bonds,360433.4660182995
19,20,ptf_eop,Crypto,60072.24433638325
19,20,ptf_eop,Stocks,480577.954691066
19,20,ptf1,Cash,0.0
19,20,ptf1,Real Estate,242830.3947762543
19,20,ptf1,Precious Metals,60707.59869406358
19,20,ptf1,Bonds,342644.60868686537
19,20,ptf1,Crypto,60707.59869406358
19,20,ptf1,Stocks,485660.7895525086
19,20,ptf2,Cash,0.0
19,20,ptf2,Real Estate,238510.1980807511
19,20,ptf2,Precious Metals,59627.54952018778
19,20,ptf2,Bonds,357765.29712112667
19,20,ptf2,Crypto,59627.54952018778
19,20,ptf2,Stocks,477020.3961615022
19,20,ptf3,Cash,0.0
19,20,ptf3,Real Estate,313171.1545226552
19,20,ptf3,Precious Metals,57402.85587170857
19,20,ptf3,Bonds,329812.2232310308
19,20,ptf3,Crypto,67922.27698413799
19,20,ptf3,Stocks,583136.3761181325
19,20,ptf4,Cash,150000.0
19,20,ptf4,Real Estate,313171.1545226552
19,20,ptf4,Precious Metals,57402.85587170857
19,20,ptf4,Bonds,179812.2232310308
19,20,ptf4,Crypto,67922.27698413799
19,20,ptf4,Stocks,583136.3761181325
19,20,ptf5,Cash,150000.0
19,20,ptf5,Real Estate,240288.977345533
19,20,ptf5,Precious Metals,60072.24433638325
19,20,ptf5,Bonds,360433.4660182995
19,20,ptf5,Crypto,60072.24433638325
19,20,ptf5,Stocks,480577.954691066
19,20,returns,Cash,0.0
19,20,returns,Money Market,0.030409120194808077
19,20,returns,Bonds,-0.07813243518873754
19,20,returns,Stocks,0.22245585474023014
19,20,returns,Crypto,0.13910897782478734
19,20,returns,Precious Metals,-0.03730982853363793
19,20,returns,Real Estate,0.31303045757660436
19,20,contributions,,0.0
19,20,withdrawals,,50000.0
19,20,availableCash,,0.0
19,20,cashBuffer,,150000.0
19,20,cashDepletion,,28399.0165224839
19,20,shortfall,,21600.9834775161
19,20,cashReplenishment,,150000.0
19,20,financialGainLoss,,158893.89632390952
20,1,ptf_bop,Cash,150000.0
20,1,ptf_bop,Real Estate,170000.0
20,1,ptf_bop,Precious Metals,42500.0
20,1,ptf_bop,Bonds,255000.0
20,1,ptf_bop,Crypto,42500.0
20,1,ptf_bop,Stocks,340000.0
20,1,ptf_eop,Cash,100000.0
20,1,ptf_eop,Real Estate,168353.99996740583
20,1,ptf_eop,Precious Metals,31376.663955147094
20,1,ptf_eop,Bonds,231354.77156513074
20,1,ptf_eop,Crypto,53648.51424926928
20,1,ptf_eop,Stocks,314707.14921700954
20,1,ptf1,Cash,100000.0
20,1,ptf1,Real Estate,170000.0
20,1,ptf1,Precious Metals,42500.0
20,1,ptf1,Bonds,255000.0
20,1,ptf1,Crypto,42500.0
20,1,ptf1,Stocks,340000.0
20,1,ptf2,Cash,100000.0
20,1,ptf2,Real Estate,170000.0
20,1,ptf2,Precious Metals,42500.0
20,1,ptf2,Bonds,255000.0
20,1,ptf2,Crypto,42500.0
20,1,ptf2,Stocks,340000.0
20,1,ptf3,Cash,100000.0
20,1,ptf3,Real Estate,168353.99996740583
20,1,ptf3,Precious Metals,31376.663955147094
20,1,ptf3,Bonds,231354.77156513074
20,1,ptf3,Crypto,53648.51424926928
20,1,ptf3,Stocks,314707.14921700954
20,1,ptf4,Cash,100000.0
20,1,ptf4,Real Estate,168353.99996740583
20,1,ptf4,Precious Metals,31376.663955147094
20,1,ptf4,Bonds,231354.77156513074
20,1,ptf4,Crypto,53648.51424926928
20,1,ptf4,Stocks,314707.14921700954
20,1,ptf5,Cash,100000.0
20,1,ptf5,Real Estate,168353.99996740583
20,1,ptf5,Precious Metals,31376.663955147094
20,1,ptf5,Bonds,231354.77156513074
20,1,ptf5,Crypto,53648.51424926928
20,1,ptf5,Stocks,314707.14921700954
20,1,returns,Cash,0.0
20,1,returns,Money Market,-0.018975030961214837
20,1,returns,Bonds,-0.0927263860190951
20,1,returns,Stocks,-0.07439073759703078
20,1,returns,Crypto,0.2623179823357479
20,1,returns,Precious Metals,-0.26172555399653896
20,1,returns,Real Estate,-0.009682353132906756
20,1,contributions,,0.0
20,1,withdrawals,,50000.0
20,1,availableCash,,100000.0
20,1,cashBuffer,,150000.0
20,1,cashDepletion,,50000.0
20,1,shortfall,,0.0
20,1,cashReplenishment,,0
20,1,financialGainLoss,,-50558.90104603756
20,2,ptf_bop,Cash,100000.0
20,2,ptf_bop,Real Estate,168353.99996740583
20,2,ptf_bop,Precious Metals,31376.663955147094
20,2,ptf_bop,Bonds,231354.77156513074
20,2,ptf_bop,Crypto,53648.51424926928
20,2,ptf_bop,Stocks,314707.14921700954
20,2,ptf_eop,Cash,50000.0
20,2,ptf_eop,Real Estate,152108.59932231167
20,2,ptf_eop,Precious Metals,51427.59844629919
20,2,ptf_eop,Bonds,281956.7894710357
20,2,ptf_eop,Crypto,59731.406568630475
20,2,ptf_eop,Stocks,216289.0095137464
20,2,ptf1,Cash,50000.0
20,2,ptf1,Real Estate,168353.99996740583
20,2,ptf1,Precious Metals,31376.663955147094
20,2,ptf1,Bonds,231354.77156513074
20,2,ptf1,Crypto,53648.51424926928
20,2,ptf1,Stocks,314707.14921700954
20,2,ptf2,Cash,50000.0
20,2,ptf2,Real Estate,159888.21979079247
20,2,ptf2,Precious Metals,39972.05494769812
20,2,ptf2,Bonds,239832.32968618872
20,2,ptf2,Crypto,39972.05494769812
20,2,ptf2,Stocks,319776.43958158494
20,2,ptf3,Cash,50000.0
20,2,ptf3,Real Estate,152108.59932231167
20,2,ptf3,Precious Metals,51427.59844629919
20,2,ptf3,Bonds,281956.7894710357
20,2,ptf3,Crypto,59731.406568630475
20,2,ptf3,Stocks,216289.0095137464
20,2,ptf4,Cash,50000.0
20,2,ptf4,Real Estate,152108.59932231167
20,2,ptf4,Precious Metals,51427.59844629919
20,2,ptf4,Bonds,281956.7894710357
20,2,ptf4,Crypto,59731.406568630475
20,2,ptf4,Stocks,216289.0095137464
20,2,ptf5,Cash,50000.0
20,2,ptf5,Real Estate,152108.59932231167
20,2,ptf5,Precious Metals,51427.59844629919
20,2,ptf5,Bonds,281956.7894710357
20,2,ptf5,Crypto,59731.406568630475
20,2,ptf5,Stocks,216289.0095137464
20,2,returns,Cash,0.0
20,2,returns,Money Market,0.05151667721399443
20,2,returns,Bonds,0.17564129006279164
20,2,returns,Stocks,-0.32362431141971504
20,2,returns,Crypto,0.49432914186640403
20,2,returns,Precious Metals,0.286588805944308
20,2,returns,Real Estate,-0.048656620723278615
20,2,contributions,,0.0
20,2,withdrawals,,50000.0
20,2,availableCash,,50000.0
20,2,cashBuffer,,150000.0
20,2,cashDepletion,,50000.0
20,2,shortfall,,0.0
20,2,cashReplenishment,,0
20,2,financialGainLoss,,-37927.69563193899
20,3,ptf_bop,Cash,50000.0
20,3,ptf_bop,Real Estate,152108.59932231167
20,3,ptf_bop,Precious Metals,51427.59844629919
20,3,ptf_bop,Bonds,281956.7894710357
20,3,ptf_bop,Crypto,59731.406568630475
20,3,ptf_bop,Stocks,216289.0095137464
20,3,ptf_eop,Cash,150000.0
20,3,ptf_eop,Real Estate,153091.44094776732
20,3,ptf_eop,Precious Metals,38272.86023694183
20,3,ptf_eop,Bonds,229637.161421651
20,3,ptf_eop,Crypto,38272.86023694183
20,3,ptf_eop,Stocks,306182.88189553464
20,3,ptf1,Cash,0.0
20,3,ptf1,Real Estate,152108.59932231167
20,3,ptf1,Precious Metals,51427.59844629919
20,3,ptf1,Bonds,281956.7894710357
20,3,ptf1,Crypto,59731.406568630475
20,3,ptf1,Stocks,216289.0095137464
20,3,ptf2,Cash,0.0
20,3,ptf2,Real Estate,152302.68066440467
20,3,ptf2,Precious Metals,38075.67016610117
20,3,ptf2,Bonds,228454.02099660703
20,3,ptf2,Crypto,38075.67016610117
20,3,ptf2,Stocks,304605.36132880935
20,3,ptf3,Cash,0.0
20,3,ptf3,Real Estate,162969.25627830965
20,3,ptf3,Precious Metals,51731.68746252529
20,3,ptf3,Bonds,212443.4316547423
20,3,ptf3,Crypto,53727.02433828089
20,3,ptf3,Stocks,434585.80500497844
20,3,ptf4,Cash,150000.0
20,3,ptf4,Real Estate,162969.25627830965
20,3,ptf4,Precious Metals,51731.68746252529
20,3,ptf4,Bonds,62443.43165474231
20,3,ptf4,Crypto,53727.02433828089
20,3,ptf4,Stocks,434585.80500497844
20,3,ptf5,Cash,150000.0
20,3,ptf5,Real Estate,153091.44094776732
20,3,ptf5,Precious Metals,38272.86023694183
20,3,ptf5,Bonds,229637.161421651
20,3,ptf5,Crypto,38272.86023694183
20,3,ptf5,Stocks,306182.88189553464
20,3,returns,Cash,0.0
20,3,returns,Money Market,0.008060050407051813
20,3,returns,Bonds,-0.07008232672824127
20,3,returns,Stocks,0.42671751773883054
20,3,returns,Crypto,0.411059190919091
20,3,returns,Precious Metals,0.3586546799268707
20,3,returns,Real Estate,0.07003537670757423
20,3,contributions,,0.0
20,3,withdrawals,,50000.0
20,3,availableCash,,0.0
20,3,cashBuffer,,150000.0
20,3,cashDepletion,,50000.0
20,3,shortfall,,0.0
20,3,cashReplenishment,,150000.0
20,3,financialGainLoss,,153943.80141681328
20,4,ptf_bop,Cash,150000.0
20,4,ptf_bop,Real Estate,153091.44094776732
20,4,ptf_bop,Precious Metals,38272.86023694183
20,4,ptf_bop,Bonds,229637.161421651
20,4,ptf_bop,Crypto,38272.86023694183
20,4,ptf_bop,Stocks,306182.88189553464
20,4,ptf_eop,Cash,100000.0
20,4,ptf_eop,Real Estate,133491.92329340623
20,4,ptf_eop,Precious Metals,33700.27266982519
20,4,ptf_eop,Bonds,212605.41918049395
20,4,ptf_eop,Crypto,33858.120861582865
20,4,ptf_eop,Stocks,293889.947850547
20,4,ptf1,Cash,100000.0
20,4,ptf1,Real Estate,153091.44094776732
20,4,ptf1,Precious Metals,38272.86023694183
20,4,ptf1,Bonds,229637.161421651
20,4,ptf1,Crypto,38272.86023694183
20,4,ptf1,Stocks,306182.88189553464
20,4,ptf2,Cash,100000.0
20,4,ptf2,Real Estate,153091.44094776732
20,4,ptf2,Precious Metals,38272.86023694183
20,4,ptf2,Bonds,229637.161421651
20,4,ptf2,Crypto,38272.86023694183
20,4,ptf2,Stocks,306182.88189553464
20,4,ptf3,Cash,100000.0
20,4,ptf3,Real Estate,133491.92329340623
20,4,ptf3,Precious Metals,33700.27266982519
20,4,ptf3,Bonds,212605.41918049395
20,4,ptf3,Crypto,33858.120861582865
20,4,ptf3,Stocks,293889.947850547
20,4,ptf4,Cash,100000.0
20,4,ptf4,Real Estate,133491.92329340623
20,4,ptf4,Precious Metals,33700.27266982519
20,4,ptf4,Bonds,212605.41918049395
20,4,ptf4,Crypto,33858.120861582865
20,4,ptf4,Stocks,293889.947850547
20,4,ptf5,Cash,100000.0
20,4,ptf5,Real Estate,133491.92329340623
20,4,ptf5,Precious Metals,33700.27266982519
20,4,ptf5,Bonds,212605.41918049395
20,4,ptf5,Crypto,33858.120861582865
20,4,ptf5,Stocks,293889.947850547
20,4,returns,Cash,0.0
20,4,returns,Money Market,-0.040570998320839866
20,4,returns,Bonds,-0.07416805771207052
20,4,returns,Stocks,-0.040148991899494266
20,4,returns,Crypto,-0.11534908412979704
20,4,returns,Precious Metals,-0.11947336934862973
20,4,returns,Real Estate,-0.12802490807469868
20,4,contributions,,0.0
20,4,withdrawals,,50000.0
20,4,availableCash,,100000.0
20,4,cashBuffer,,150000.0
20,4,cashDepletion,,50000.0
20,4,shortfall,,0.0
20,4,cashReplenishment,,0
20,4,financialGainLoss,,-57911.52088298125
20,5,ptf_bop,Cash,100000.0
20,5,ptf_bop,Real Estate,133491.92329340623
20,5,ptf_bop,Precious Metals,33700.27266982519
20,5,ptf_bop,Bonds,212605.41918049395
20,5,ptf_bop,Crypto,33858.120861582865
20,5,ptf_bop,Stocks,293889.947850547
20,5,ptf_eop,Cash,50000.0
20,5,ptf_eop,Real Estate,139201.28460647853
20,5,ptf_eop,Precious Metals,28410.11538950576
20,5,ptf_eop,Bonds,166758.55174856313
20,5,ptf_eop,Crypto,22653.96631222381
20,5,ptf_eop,Stocks,334577.85705986316
20,5,ptf1,Cash,50000.0
20,5,ptf1,Real Estate,133491.92329340623
20,5,ptf1,Precious Metals,33700.27266982519
20,5,ptf1,Bonds,212605.41918049395
20,5,ptf1,Crypto,33858.120861582865
20,5,ptf1,Stocks,293889.947850547
20,5,ptf2,Cash,50000.0
20,5,ptf2,Real Estate,141509.13677117106
20,5,ptf2,Precious Metals,35377.284192792766
20,5,ptf2,Bonds,212263.70515675656
20,5,ptf2,Crypto,35377.284192792766
20,5,ptf2,Stocks,283018.2735423421
20,5,ptf3,Cash,50000.0
20,5,ptf3,Real Estate,139201.28460647853
20,5,ptf3,Precious Metals,28410.11538950576
20,5,ptf3,Bonds,166758.55174856313
20,5,ptf3,Crypto,22653.96631222381
20,5,ptf3,Stocks,334577.85705986316
20,5,ptf4,Cash,50000.0
20,5,ptf4,Real Estate,139201.28460647853
20,5,ptf4,Precious Metals,28410.11538950576
20,5,ptf4,Bonds,166758.55174856313
20,5,ptf4,Crypto,22653.96631222381
20,5,ptf4,Stocks,334577.85705986316
20,5,ptf5,Cash,50000.0
20,5,ptf5,Real Estate,139201.28460647853
20,5,ptf5,Precious Metals,28410.11538950576
20,5,ptf5,Bonds,166758.55174856313
20,5,ptf5,Crypto,22653.96631222381
20,5,ptf5,Stocks,334577.85705986316
20,5,returns,Cash,0.0
20,5,returns,Money Market,-0.05390509248872378
20,5,returns,Bonds,-0.21438028406499318
20,5,returns,Stocks,0.1821775776955521
20,5,returns,Crypto,-0.3596465407359057
20,5,returns,Precious Metals,-0.19693905177453935
20,5,returns,Real Estate,-0.01630885621487815
20,5,contributions,,0.0
20,5,withdrawals,,50000.0
20,5,availableCash,,50000.0
20,5,cashBuffer,,150000.0
20,5,cashDepletion,,50000.0
20,5,shortfall,,0.0
20,5,cashReplenishment,,0
20,5,financialGainLoss,,-15943.90873922105
20,6,ptf_bop,Cash,50000.0
20,6,ptf_bop,Real Estate,139201.28460647853
20,6,ptf_bop,Precious Metals,28410.11538950576
20,6,ptf_bop,Bonds,166758.55174856313
20,6,ptf_bop,Crypto,22653.96631222381
20,6,ptf_bop,Stocks,334577.85705986316
20,6,ptf_eop,Cash,7306.978952615056
20,6,ptf_eop,Real Estate,138320.3550233269
20,6,ptf_eop,Precious Metals,34580.088755831726
20,6,ptf_eop,Bonds,207480.53253499037
20,6,ptf_eop,Crypto,34580.088755831726
20,6,ptf_eop,Stocks,276640.7100466538
20,6,ptf1,Cash,0.0
20,6,ptf1,Real Estate,139201.28460647853
20,6,ptf1,Precious Metals,28410.11538950576
20,6,ptf1,Bonds,166758.55174856313
20,6,ptf1,Crypto,22653.96631222381
20,6,ptf1,Stocks,334577.85705986316
20,6,ptf2,Cash,0.0
20,6,ptf2,Real Estate,138320.3550233269
20,6,ptf2,Precious Metals,34580.088755831726
20,6,ptf2,Bonds,207480.53253499034
20,6,ptf2,Crypto,34580.088755831726
20,6,ptf2,Stocks,276640.7100466538
20,6,ptf3,Cash,0.0
20,6,ptf3,Real Estate,128625.83575708837
20,6,ptf3,Precious Metals,35890.72776126845
20,6,ptf3,Bonds,206493.4118191489
20,6,ptf3,Crypto,23792.221393214568
20,6,ptf3,Stocks,304106.5573385293
20,6,ptf4,Cash,7306.978952615056
20,6,ptf4,Real Estate,128625.83575708837
20,6,ptf4,Precious Metals,35890.72776126845
20,6,ptf4,Bonds,199186.43286653384
20,6,ptf4,Crypto,23792.221393214568
20,6,ptf4,Stocks,304106.5573385293
20,6,ptf5,Cash,7306.978952615056
20,6,ptf5,Real Estate,138320.3550233269
20,6,ptf5,Precious Metals,34580.088755831726
20,6,ptf5,Bonds,207480.53253499037
20,6,ptf5,Crypto,34580.088755831726
20,6,ptf5,Stocks,276640.7100466538
20,6,returns,Cash,0.0
20,6,returns,Money Market,-0.018025374083142434
20,6,returns,Bonds,-0.0047576546280311
20,6,returns,Stocks,0.09928346152395118
20,6,returns,Crypto,-0.3119676018991666
20,6,returns,Precious Metals,0.03790155122767555
20,6,returns,Real Estate,-0.07008743770650111
20,6,contributions,,0.0
20,6,withdrawals,,50000.0
20,6,availableCash,,0.0
20,6,cashBuffer,,150000.0
20,6,cashDepletion,,50000.0
20,6,shortfall,,0.0
20,6,cashReplenishment,,7306.978952615056
20,6,financialGainLoss,,7306.978952615056
20,7,ptf_bop,Cash,7306.978952615056
20,7,ptf_bop,Real Estate,138320.3550233269
20,7,ptf_bop,Precious Metals,34580.088755831726
20,7,ptf_bop,Bonds,207480.53253499037
20,7,ptf_bop,Crypto,34580.088755831726
20,7,ptf_bop,Stocks,276640.7100466538
20,7,ptf_eop,Cash,16724.094674935797
20,7,ptf_eop,Real Estate,129781.75081384993
20,7,ptf_eop,Precious Metals,32445.43770346248
20,7,ptf_eop,Bonds,194672.62622077487
20,7,ptf_eop,Crypto,32445.43770346248
20,7,ptf_eop,Stocks,259563.50162769985
20,7,ptf1,Cash,0.0
20,7,ptf1,Real Estate,138320.3550233269
20,7,ptf1,Precious Metals,34580.088755831726
20,7,ptf1,Bonds,164787.51148760543
20,7,ptf1,Crypto,34580.088755831726
20,7,ptf1,Stocks,276640.7100466538
20,7,ptf2,Cash,0.0
20,7,ptf2,Real Estate,129781.75081384993
20,7,ptf2,Precious Metals,32445.43770346248
20,7,ptf2,Bonds,194672.62622077487
20,7,ptf2,Crypto,32445.43770346248
20,7,ptf2,Stocks,259563.50162769985
20,7,ptf3,Cash,0.0
20,7,ptf3,Real Estate,105951.99884003177
20,7,ptf3,Precious Metals,28188.18529419253
20,7,ptf3,Bonds,161672.31155497895
20,7,ptf3,Crypto,37730.848662516575
20,7,ptf3,Stocks,332089.5043924656
20,7,ptf4,Cash,16724.094674935797
20,7,ptf4,Real Estate,105951.99884003177
20,7,ptf4,Precious Metals,28188.18529419253
20,7,ptf4,Bonds,144948.21688004315
20,7,ptf4,Crypto,37730.848662516575
20,7,ptf4,Stocks,332089.5043924656
20,7,ptf5,Cash,16724.094674935797
20,7,ptf5,Real Estate,129781.75081384993
20,7,ptf5,Precious Metals,32445.43770346248
20,7,ptf5,Bonds,194672.62622077487
20,7,ptf5,Crypto,32445.43770346248
20,7,ptf5,Stocks,259563.50162769985
20,7,returns,Cash,0.0
20,7,returns,Money Market,-0.06317035574232702
20,7,returns,Bonds,-0.16951697476136596
20,7,returns,Stocks,0.2794152579617764
20,7,returns,Crypto,0.16290151507156417
20,7,returns,Precious Metals,-0.13121266688338218
20,7,returns,Real Estate,-0.18361404299436465
20,7,contributions,,0.0
20,7,withdrawals,,50000.0
20,7,availableCash,,0.0
20,7,cashBuffer,,150000.0
20,7,cashDepletion,,7306.978952615056
20,7,shortfall,,42693.021047384944
20,7,cashReplenishment,,16724.094674935797
20,7,financialGainLoss,,16724.094674935797
20,8,ptf_bop,Cash,16724.094674935797
20,8,ptf_bop,Real Estate,129781.75081384993
20,8,ptf_bop,Precious Metals,32445.43770346248
20,8,ptf_bop,Bonds,194672.62622077487
20,8,ptf_bop,Crypto,32445.43770346248
20,8,ptf_bop,Stocks,259563.50162769985
20,8,ptf_eop,Cash,87957.18796710065
20,8,ptf_eop,Real Estate,123126.56974883705
20,8,ptf_eop,Precious Metals,30781.642437209262
20,8,ptf_eop,Bonds,184689.85462325558
20,8,ptf_eop,Crypto,30781.642437209262
20,8,ptf_eop,Stocks,246253.1394976741
20,8,ptf1,Cash,0.0
20,8,ptf1,Real Estate,129781.75081384993
20,8,ptf1,Precious Metals,32445.43770346248
20,8,ptf1,Bonds,161396.72089571066
20,8,ptf1,Crypto,32445.43770346248
20,8,ptf1,Stocks,259563.50162769985
20,8,ptf2,Cash,0.0
20,8,ptf2,Real Estate,123126.5697488371
20,8,ptf2,Precious Metals,30781.642437209273
20,8,ptf2,Bonds,184689.8546232556
20,8,ptf2,Crypto,30781.642437209273
20,8,ptf2,Stocks,246253.1394976742
20,8,ptf3,Cash,0.0
20,8,ptf3,Real Estate,160375.85217975706
20,8,ptf3,Precious Metals,33319.348823713524
20,8,ptf3,Bonds,208485.32697987728
20,8,ptf3,Crypto,21608.09062922944
20,8,ptf3,Stocks,279801.4180987087
20,8,ptf4,Cash,87957.18796710065
20,8,ptf4,Real Estate,160375.85217975706
20,8,ptf4,Precious Metals,33319.348823713524
20,8,ptf4,Bonds,120528.13901277664
20,8,ptf4,Crypto,21608.09062922944
20,8,ptf4,Stocks,279801.4180987087
20,8,ptf5,Cash,87957.18796710065
20,8,ptf5,Real Estate,123126.56974883705
20,8,ptf5,Precious Metals,30781.642437209262
20,8,ptf5,Bonds,184689.85462325558
20,8,ptf5,Crypto,30781.642437209262
20,8,ptf5,Stocks,246253.1394976741
20,8,returns,Cash,0.0
20,8,returns,Money Market,0.06578876532025955
20,8,returns,Bonds,0.12884017048560392
20,8,returns,Stocks,0.13623492747937688
20,8,returns,Crypto,-0.29802021859921024
20,8,returns,Precious Metals,0.08244220209109553
20,8,returns,Real Estate,0.3025283860900525
20,8,contributions,,0.0
20,8,withdrawals,,50000.0
20,8,availableCash,,0.0
20,8,cashBuffer,,150000.0
20,8,cashDepletion,,16724.094674935797
20,8,shortfall,,33275.9053250642
20,8,cashReplenishment,,87957.18796710065
20,8,financialGainLoss,,87957.18796710065
20,9,ptf_bop,Cash,87957.18796710065
20,9,ptf_bop,Real Estate,123126.56974883705
20,9,ptf_bop,Precious Metals,30781.642437209262
20,9,ptf_bop,Bonds,184689.85462325558
20,9,ptf_bop,Crypto,30781.642437209262
20,9,ptf_bop,Stocks,246253.1394976741
20,9,ptf_eop,Cash,45749.86286254879
20,9,ptf_eop,Real Estate,123126.56974883705
20,9,ptf_eop,Precious Metals,30781.642437209262
20,9,ptf_eop,Bonds,184689.85462325558
20,9,ptf_eop,Crypto,30781.642437209262
20,9,ptf_eop,Stocks,246253.1394976741
20,9,ptf1,Cash,37957.187967100646
20,9,ptf1,Real Estate,123126.56974883705
20,9,ptf1,Precious Metals,30781.642437209262
20,9,ptf1,Bonds,184689.85462325558
20,9,ptf1,Crypto,30781.642437209262
20,9,ptf1,Stocks,246253.1394976741
20,9,ptf2,Cash,37957.187967100646
20,9,ptf2,Real Estate,123126.56974883705
20,9,ptf2,Precious Metals,30781.642437209262
20,9,ptf2,Bonds,184689.85462325558
20,9,ptf2,Crypto,30781.642437209262
20,9,ptf2,Stocks,246253.1394976741
20,9,ptf3,Cash,37957.187967100646
20,9,ptf3,Real Estate,107934.76509234676
20,9,ptf3,Precious Metals,27141.134254024455
20,9,ptf3,Bonds,184351.702136019
20,9,ptf3,Crypto,28220.885616715143
20,9,ptf3,Stocks,275777.03654052806
20,9,ptf4,Cash,45749.86286254879
20,9,ptf4,Real Estate,107934.76509234676
20,9,ptf4,Precious Metals,27141.134254024455
20,9,ptf4,Bonds,176559.02724057087
20,9,ptf4,Crypto,28220.885616715143
20,9,ptf4,Stocks,275777.03654052806
20,9,ptf5,Cash,45749.86286254879
20,9,ptf5,Real Estate,123126.56974883705
20,9,ptf5,Precious Metals,30781.642437209262
20,9,ptf5,Bonds,184689.85462325558
20,9,ptf5,Crypto,30781.642437209262
20,9,ptf5,Stocks,246253.1394976741
20,9,returns,Cash,0.0
20,9,returns,Money Market,0.06952482431812541
20,9,returns,Bonds,-0.0018309207505000159
20,9,returns,Stocks,0.11989246960700299
20,9,returns,Crypto,-0.08319103913047352
20,9,returns,Precious Metals,-0.11826880877493759
20,9,returns,Real Estate,-0.12338364243785639
20,9,contributions,,0.0
20,9,withdrawals,,50000.0
20,9,availableCash,,37957.187967100646
20,9,cashBuffer,,150000.0
20,9,cashDepletion,,50000.0
20,9,shortfall,,0.0
20,9,cashReplenishment,,7792.6748954481445
20,9,financialGainLoss,,7792.6748954481445
20,10,ptf_bop,Cash,45749.86286254879
20,10,ptf_bop,Real Estate,123126.56974883705
20,10,ptf_bop,Precious Metals,30781.642437209262
20,10,ptf_bop,Bonds,184689.85462325558
20,10,ptf_bop,Crypto,30781.642437209262
20,10,ptf_bop,Stocks,246253.1394976741
20,10,ptf_eop,Cash,58159.06208435388
20,10,ptf_eop,Real Estate,122276.54232134685
20,10,ptf_eop,Precious Metals,30569.13558033671
20,10,ptf_eop,Bonds,183414.81348202028
20,10,ptf_eop,Crypto,30569.13558033671
20,10,ptf_eop,Stocks,244553.0846426937
20,10,ptf1,Cash,0.0
20,10,ptf1,Real Estate,123126.56974883705
20,10,ptf1,Precious Metals,30781.642437209262
20,10,ptf1,Bonds,180439.71748580437
20,10,ptf1,Crypto,30781.642437209262
20,10,ptf1,Stocks,246253.1394976741
20,10,ptf2,Cash,0.0
20,10,ptf2,Real Estate,122276.54232134682
20,10,ptf2,Precious Metals,30569.135580336704
20,10,ptf2,Bonds,183414.81348202022
20,10,ptf2,Crypto,30569.135580336704
20,10,ptf2,Stocks,244553.08464269363
20,10,ptf3,Cash,0.0
20,10,ptf3,Real Estate,130689.55921674654
20,10,ptf3,Precious Metals,23977.561950168194
20,10,ptf3,Bonds,188909.43533870386
20,10,ptf3,Crypto,25703.748519898065
20,10,ptf3,Stocks,300261.46866557136
20,10,ptf4,Cash,58159.06208435388
20,10,ptf4,Real Estate,130689.55921674654
20,10,ptf4,Precious Metals,23977.561950168194
20,10,ptf4,Bonds,130750.37325434998
20,10,ptf4,Crypto,25703.748519898065
20,10,ptf4,Stocks,300261.46866557136
20,10,ptf5,Cash,58159.06208435388
20,10,ptf5,Real Estate,122276.54232134685
20,10,ptf5,Precious Metals,30569.13558033671
20,10,ptf5,Bonds,183414.81348202028
20,10,ptf5,Crypto,30569.13558033671
20,10,ptf5,Stocks,244553.0846426937
20,10,returns,Cash,0.0
20,10,returns,Money Market,0.028346546004907842
20,10,returns,Bonds,0.029957350512597833
20,10,returns,Stocks,0.22779669332026994
20,10,returns,Crypto,-0.15916011257996623
20,10,returns,Precious Metals,-0.21562839462194267
20,10,returns,Real Estate,0.0688031959007316
20,10,contributions,,0.0
20,10,withdrawals,,50000.0
20,10,availableCash,,0.0
20,10,cashBuffer,,150000.0
20,10,cashDepletion,,45749.86286254879
20,10,shortfall,,4250.137137451209
20,10,cashReplenishment,,58159.06208435388
20,10,financialGainLoss,,58159.06208435388
20,11,ptf_bop,Cash,58159.06208435388
20,11,ptf_bop,Real Estate,122276.54232134685
20,11,ptf_bop,Precious Metals,30569.13558033671
20,11,ptf_bop,Bonds,183414.81348202028
20,11,ptf_bop,Crypto,30569.13558033671
20,11,ptf_bop,Stocks,244553.0846426937
20,11,ptf_eop,Cash,63083.328122855746
20,11,ptf_eop,Real Estate,122276.54232134685
20,11,ptf_eop,Precious Metals,30569.13558033671
20,11,ptf_eop,Bonds,183414.81348202028
20,11,ptf_eop,Crypto,30569.13558033671
20,11,ptf_eop,Stocks,244553.0846426937
20,11,ptf1,Cash,8159.062084353878
20,11,ptf1,Real Estate,122276.54232134685
20,11,ptf1,Precious Metals,30569.13558033671
20,11,ptf1,Bonds,183414.81348202028
20,11,ptf1,Crypto,30569.13558033671
20,11,ptf1,Stocks,244553.0846426937
20,11,ptf2,Cash,8159.062084353878
20,11,ptf2,Real Estate,122276.54232134687
20,11,ptf2,Precious Metals,30569.13558033672
20,11,ptf2,Bonds,183414.8134820203
20,11,ptf2,Crypto,30569.13558033672
20,11,ptf2,Stocks,244553.08464269375
20,11,ptf3,Cash,8159.062084353878
20,11,ptf3,Real Estate,149491.07553857897
20,11,ptf3,Precious Metals,24302.782305160006
20,11,ptf3,Bonds,178448.59671995128
20,11,ptf3,Crypto,29677.78554134936
20,11,ptf3,Stocks,284386.7375401965
20,11,ptf4,Cash,63083.328122855746
20,11,ptf4,Real Estate,149491.07553857897
20,11,ptf4,Precious Metals,24302.782305160006
20,11,ptf4,Bonds,123524.33068144941
20,11,ptf4,Crypto,29677.78554134936
20,11,ptf4,Stocks,284386.7375401965
20,11,ptf5,Cash,63083.328122855746
20,11,ptf5,Real Estate,122276.54232134685
20,11,ptf5,Precious Metals,30569.13558033671
20,11,ptf5,Bonds,183414.81348202028
20,11,ptf5,Crypto,30569.13558033671
20,11,ptf5,Stocks,244553.0846426937
20,11,returns,Cash,0.0
20,11,returns,Money Market,-0.007465359501904813
20,11,returns,Bonds,-0.027076421297649728
20,11,returns,Stocks,0.16288346129717401
20,11,returns,Crypto,-0.029158496701513315
20,11,returns,Precious Metals,-0.20498954766674793
20,11,returns,Real Estate,0.22256544632830225
20,11,contributions,,0.0
20,11,withdrawals,,50000.0
20,11,availableCash,,8159.062084353878
20,11,cashBuffer,,150000.0
20,11,cashDepletion,,50000.0
20,11,shortfall,,0.0
20,11,cashReplenishment,,54924.26603850187
20,11,financialGainLoss,,54924.26603850187
20,12,ptf_bop,Cash,63083.328122855746
20,12,ptf_bop,Real Estate,122276.54232134685
20,12,ptf_bop,Precious Metals,30569.13558033671
20,12,ptf_bop,Bonds,183414.81348202028
20,12,ptf_bop,Crypto,30569.13558033671
20,12,ptf_bop,Stocks,244553.0846426937
20,12,ptf_eop,Cash,132010.23175932304
20,12,ptf_eop,Real Estate,122276.54232134687
20,12,ptf_eop,Precious Metals,30569.13558033672
20,12,ptf_eop,Bonds,183414.8134820203
20,12,ptf_eop,Crypto,30569.13558033672
20,12,ptf_eop,Stocks,244553.08464269375
20,12,ptf1,Cash,13083.328122855746
20,12,ptf1,Real Estate,122276.54232134685
20,12,ptf1,Precious Metals,30569.13558033671
20,12,ptf1,Bonds,183414.81348202028
20,12,ptf1,Crypto,30569.13558033671
20,12,ptf1,Stocks,244553.0846426937
20,12,ptf2,Cash,13083.328122855746
20,12,ptf2,Real Estate,122276.54232134687
20,12,ptf2,Precious Metals,30569.13558033672
20,12,ptf2,Bonds,183414.8134820203
20,12,ptf2,Crypto,30569.13558033672
20,12,ptf2,Stocks,244553.08464269375
20,12,ptf3,Cash,13083.328122855746
20,12,ptf3,Real Estate,175595.6711071284
20,12,ptf3,Precious Metals,36253.86036492446
20,12,ptf3,Bonds,187662.36723903837
20,12,ptf3,Crypto,31906.83086802947
20,12,ptf3,Stocks,298890.8856640809
20,12,ptf4,Cash,132010.23175932304
20,12,ptf4,Real Estate,175595.6711071284
20,12,ptf4,Precious Metals,36253.86036492446
20,12,ptf4,Bonds,68735.46360257108
20,12,ptf4,Crypto,31906.83086802947
20,12,ptf4,Stocks,298890.8856640809
20,12,ptf5,Cash,132010.23175932304
20,12,ptf5,Real Estate,122276.54232134687
20,12,ptf5,Precious Metals,30569.13558033672
20,12,ptf5,Bonds,183414.8134820203
20,12,ptf5,Crypto,30569.13558033672
20,12,ptf5,Stocks,244553.08464269375
20,12,returns,Cash,0.0
20,12,returns,Money Market,0.07897246235566274
20,12,returns,Bonds,0.023158182680999433
20,12,returns,Stocks,0.22219225368094558
20,12,returns,Crypto,0.04375967008217292
20,12,returns,Precious Metals,0.18596288958345233
20,12,returns,Real Estate,0.43605361889983
20,12,contributions,,0.0
20,12,withdrawals,,50000.0
20,12,availableCash,,13083.328122855746
20,12,cashBuffer,,150000.0
20,12,cashDepletion,,50000.0
20,12,shortfall,,0.0
20,12,cashReplenishment,,118926.9036364673
20,12,financialGainLoss,,118926.9036364673
20,13,ptf_bop,Cash,132010.23175932304
20,13,ptf_bop,Real Estate,122276.54232134687
20,13,ptf_bop,Precious Metals,30569.13558033672
20,13,ptf_bop,Bonds,183414.8134820203
20,13,ptf_bop,Crypto,30569.13558033672
20,13,ptf_bop,Stocks,244553.08464269375
20,13,ptf_eop,Cash,115892.73188387882
20,13,ptf_eop,Real Estate,122276.5423213469
20,13,ptf_eop,Precious Metals,30569.135580336726
20,13,ptf_eop,Bonds,183414.81348202034
20,13,ptf_eop,Crypto,30569.135580336726
20,13,ptf_eop,Stocks,244553.0846426938
20,13,ptf1,Cash,82010.23175932304
20,13,ptf1,Real Estate,122276.54232134687
20,13,ptf1,Precious Metals,30569.13558033672
20,13,ptf1,Bonds,183414.8134820203
20,13,ptf1,Crypto,30569.13558033672
20,13,ptf1,Stocks,244553.08464269375
20,13,ptf2,Cash,82010.23175932304
20,13,ptf2,Real Estate,122276.54232134689
20,13,ptf2,Precious Metals,30569.135580336722
20,13,ptf2,Bonds,183414.81348202034
20,13,ptf2,Crypto,30569.135580336722
20,13,ptf2,Stocks,244553.08464269378
20,13,ptf3,Cash,82010.23175932304
20,13,ptf3,Real Estate,113722.06453890984
20,13,ptf3,Precious Metals,25844.888906542987
20,13,ptf3,Bonds,183084.79520151005
20,13,ptf3,Crypto,50368.99865316028
20,13,ptf3,Stocks,272244.4644311671
20,13,ptf4,Cash,115892.73188387882
20,13,ptf4,Real Estate,113722.06453890984
20,13,ptf4,Precious Metals,25844.888906542987
20,13,ptf4,Bonds,149202.29507695427
20,13,ptf4,Crypto,50368.99865316028
20,13,ptf4,Stocks,272244.4644311671
20,13,ptf5,Cash,115892.73188387882
20,13,ptf5,Real Estate,122276.5423213469
20,13,ptf5,Precious Metals,30569.135580336726
20,13,ptf5,Bonds,183414.81348202034
20,13,ptf5,Crypto,30569.135580336726
20,13,ptf5,Stocks,244553.0846426938
20,13,returns,Cash,0.0
20,13,returns,Money Market,0.059265635864670915
20,13,returns,Bonds,-0.0017993000360499423
20,13,returns,Stocks,0.11323259254297319
20,13,returns,Crypto,0.6477076533874779
20,13,returns,Precious Metals,-0.15454302465891634
20,13,returns,Real Estate,-0.06996008899201289
20,13,contributions,,0.0
20,13,withdrawals,,50000.0
20,13,availableCash,,82010.23175932304
20,13,cashBuffer,,150000.0
20,13,cashDepletion,,50000.0
20,13,shortfall,,0.0
20,13,cashReplenishment,,33882.50012455578
20,13,financialGainLoss,,33882.50012455578
20,14,ptf_bop,Cash,115892.73188387882
20,14,ptf_bop,Real Estate,122276.5423213469
20,14,ptf_bop,Precious Metals,30569.135580336726
20,14,ptf_bop,Bonds,183414.81348202034
20,14,ptf_bop,Crypto,30569.135580336726
20,14,ptf_bop,Stocks,244553.0846426938
20,14,ptf_eop,Cash,111091.56254516786
20,14,ptf_eop,Real Estate,122276.54232134689
20,14,ptf_eop,Precious Metals,30569.135580336722
20,14,ptf_eop,Bonds,183414.81348202034
20,14,ptf_eop,Crypto,30569.135580336722
20,14,ptf_eop,Stocks,244553.08464269378
20,14,ptf1,Cash,65892.73188387882
20,14,ptf1,Real Estate,122276.5423213469
20,14,ptf1,Precious Metals,30569.135580336726
20,14,ptf1,Bonds,183414.81348202034
20,14,ptf1,Crypto,30569.135580336726
20,14,ptf1,Stocks,244553.0846426938
20,14,ptf2,Cash,65892.73188387882
20,14,ptf2,Real Estate,122276.5423213469
20,14,ptf2,Precious Metals,30569.135580336726
20,14,ptf2,Bonds,183414.81348202034
20,14,ptf2,Crypto,30569.135580336726
20,14,ptf2,Stocks,244553.0846426938
20,14,ptf3,Cash,65892.73188387882
20,14,ptf3,Real Estate,120254.6604474829
20,14,ptf3,Precious Metals,39577.83602163224
20,14,ptf3,Bonds,153521.5136068393
20,14,ptf3,Crypto,27669.655147552276
20,14,ptf3,Stocks,315557.87704451685
20,14,ptf4,Cash,111091.56254516786
20,14,ptf4,Real Estate,120254.6604474829
20,14,ptf4,Precious Metals,39577.83602163224
20,14,ptf4,Bonds,108322.68294555024
20,14,ptf4,Crypto,27669.655147552276
20,14,ptf4,Stocks,315557.87704451685
20,14,ptf5,Cash,111091.56254516786
20,14,ptf5,Real Estate,122276.54232134689
20,14,ptf5,Precious Metals,30569.135580336722
20,14,ptf5,Bonds,183414.81348202034
20,14,ptf5,Crypto,30569.135580336722
20,14,ptf5,Stocks,244553.08464269378
20,14,returns,Cash,0.0
20,14,returns,Money Market,0.03233607822313145
20,14,returns,Bonds,-0.16298192772805342
20,14,returns,Stocks,0.29034511057411166
20,14,returns,Crypto,-0.09484993205530849
20,14,returns,Precious Metals,0.29469922097143864
20,14,returns,Real Estate,-0.016535320965737146
20,14,contributions,,0.0
20,14,withdrawals,,50000.0
20,14,availableCash,,65892.73188387882
20,14,cashBuffer,,150000.0
20,14,cashDepletion,,50000.0
20,14,shortfall,,0.0
20,14,cashReplenishment,,45198.830661289045
20,14,financialGainLoss,,45198.830661289045
20,15,ptf_bop,Cash,111091.56254516786
20,15,ptf_bop,Real Estate,122276.54232134689
20,15,ptf_bop,Precious Metals,30569.135580336722
20,15,ptf_bop,Bonds,183414.81348202034
20,15,ptf_bop,Crypto,30569.135580336722
20,15,ptf_bop,Stocks,244553.08464269378
20,15,ptf_eop,Cash,129859.98693364253
20,15,ptf_eop,Real Estate,122276.54232134689
20,15,ptf_eop,Precious Metals,30569.135580336722
20,15,ptf_eop,Bonds,183414.81348202034
20,15,ptf_eop,Crypto,30569.135580336722
20,15,ptf_eop,Stocks,244553.08464269378
20,15,ptf1,Cash,61091.562545167864
20,15,ptf1,Real Estate,122276.54232134689
20,15,ptf1,Precious Metals,30569.135580336722
20,15,ptf1,Bonds,183414.81348202034
20,15,ptf1,Crypto,30569.135580336722
20,15,ptf1,Stocks,244553.08464269378
20,15,ptf2,Cash,61091.562545167864
20,15,ptf2,Real Estate,122276.5423213469
20,15,ptf2,Precious Metals,30569.135580336726
20,15,ptf2,Bonds,183414.81348202034
20,15,ptf2,Crypto,30569.135580336726
20,15,ptf2,Stocks,244553.0846426938
20,15,ptf3,Cash,61091.562545167864
20,15,ptf3,Real Estate,135499.62746732228
20,15,ptf3,Precious Metals,31270.97096257793
20,15,ptf3,Bonds,178745.9835695869
20,15,ptf3,Crypto,30445.339758113118
20,15,ptf3,Stocks,304189.21423760895
20,15,ptf4,Cash,129859.98693364253
20,15,ptf4,Real Estate,135499.62746732228
20,15,ptf4,Precious Metals,31270.97096257793
20,15,ptf4,Bonds,109977.55918111224
20,15,ptf4,Crypto,30445.339758113118
20,15,ptf4,Stocks,304189.21423760895
20,15,ptf5,Cash,129859.98693364253
20,15,ptf5,Real Estate,122276.54232134689
20,15,ptf5,Precious Metals,30569.135580336722
20,15,ptf5,Bonds,183414.81348202034
20,15,ptf5,Crypto,30569.135580336722
20,15,ptf5,Stocks,244553.08464269378
20,15,returns,Cash,0.0
20,15,returns,Money Market,-0.04082039477298098
20,15,returns,Bonds,-0.02545503181448928
20,15,returns,Stocks,0.24385760532134357
20,15,returns,Crypto,-0.004049699799272108
20,15,returns,Precious Metals,0.02295895415154145
20,15,returns,Real Estate,0.10814081666804619
20,15,contributions,,0.0
20,15,withdrawals,,50000.0
20,15,availableCash,,61091.562545167864
20,15,cashBuffer,,150000.0
20,15,cashDepletion,,50000.0
20,15,shortfall,,0.0
20,15,cashReplenishment,,68768.42438847467
20,15,financialGainLoss,,68768.42438847467
20,16,ptf_bop,Cash,129859.98693364253
20,16,ptf_bop,Real Estate,122276.54232134689
20,16,ptf_bop,Precious Metals,30569.135580336722
20,16,ptf_bop,Bonds,183414.81348202034
20,16,ptf_bop,Crypto,30569.135580336722
20,16,ptf_bop,Stocks,244553.08464269378
20,16,ptf_eop,Cash,150000.0
20,16,ptf_eop,Real Estate,128402.94385967724
20,16,ptf_eop,Precious Metals,32100.73596491931
20,16,ptf_eop,Bonds,192604.41578951586
20,16,ptf_eop,Crypto,32100.73596491931
20,16,ptf_eop,Stocks,256805.88771935448
20,16,ptf1,Cash,79859.98693364253
20,16,ptf1,Real Estate,122276.54232134689
20,16,ptf1,Precious Metals,30569.135580336722
20,16,ptf1,Bonds,183414.81348202034
20,16,ptf1,Crypto,30569.135580336722
20,16,ptf1,Stocks,244553.08464269378
20,16,ptf2,Cash,79859.98693364253
20,16,ptf2,Real Estate,122276.5423213469
20,16,ptf2,Precious Metals,30569.135580336726
20,16,ptf2,Bonds,183414.81348202034
20,16,ptf2,Crypto,30569.135580336726
20,16,ptf2,Stocks,244553.0846426938
20,16,ptf3,Cash,79859.98693364253
20,16,ptf3,Real Estate,122103.9356097652
20,16,ptf3,Precious Metals,28503.99582396482
20,16,ptf3,Bonds,188968.83120980163
20,16,ptf3,Crypto,54310.41788569463
20,16,ptf3,Stocks,318267.5518355174
20,16,ptf4,Cash,150000.0
20,16,ptf4,Real Estate,122103.9356097652
20,16,ptf4,Precious Metals,28503.99582396482
20,16,ptf4,Bonds,118828.81814344416
20,16,ptf4,Crypto,54310.41788569463
20,16,ptf4,Stocks,318267.5518355174
20,16,ptf5,Cash,150000.0
20,16,ptf5,Real Estate,128402.94385967724
20,16,ptf5,Precious Metals,32100.73596491931
20,16,ptf5,Bonds,192604.41578951586
20,16,ptf5,Crypto,32100.73596491931
20,16,ptf5,Stocks,256805.88771935448
20,16,returns,Cash,0.0
20,16,returns,Money Market,-0.016380875499893578
20,16,returns,Bonds,0.030281184067642127
20,16,returns,Stocks,0.3014252193977628
20,16,returns,Crypto,0.7766422522143293
20,16,returns,Precious Metals,-0.0675563674656306
20,16,returns,Real Estate,-0.001411609359447552
20,16,contributions,,0.0
20,16,withdrawals,,50000.0
20,16,availableCash,,79859.98693364253
20,16,cashBuffer,,150000.0
20,16,cashDepletion,,50000.0
20,16,shortfall,,0.0
20,16,cashReplenishment,,70140.01306635747
20,16,financialGainLoss,,100772.02075800917
20,17,ptf_bop,Cash,150000.0
20,17,ptf_bop,Real Estate,128402.94385967724
20,17,ptf_bop,Precious Metals,32100.73596491931
20,17,ptf_bop,Bonds,192604.41578951586
20,17,ptf_bop,Crypto,32100.73596491931
20,17,ptf_bop,Stocks,256805.88771935448
20,17,ptf_eop,Cash,134599.25026919192
20,17,ptf_eop,Real Estate,128402.94385967728
20,17,ptf_eop,Precious Metals,32100.73596491932
20,17,ptf_eop,Bonds,192604.4157895159
20,17,ptf_eop,Crypto,32100.73596491932
20,17,ptf_eop,Stocks,256805.88771935456
20,17,ptf1,Cash,100000.0
20,17,ptf1,Real Estate,128402.94385967724
20,17,ptf1,Precious Metals,32100.73596491931
20,17,ptf1,Bonds,192604.41578951586
20,17,ptf1,Crypto,32100.73596491931
20,17,ptf1,Stocks,256805.88771935448
20,17,ptf2,Cash,100000.0
20,17,ptf2,Real Estate,128402.94385967724
20,17,ptf2,Precious Metals,32100.73596491931
20,17,ptf2,Bonds,192604.41578951586
20,17,ptf2,Crypto,32100.73596491931
20,17,ptf2,Stocks,256805.88771935448
20,17,ptf3,Cash,100000.0
20,17,ptf3,Real Estate,141049.3840937787
20,17,ptf3,Precious Metals,25187.779797069234
20,17,ptf3,Bonds,204657.6021598494
20,17,ptf3,Crypto,38339.86955085541
20,17,ptf3,Stocks,267379.33396602544
20,17,ptf4,Cash,134599.25026919192
20,17,ptf4,Real Estate,141049.3840937787
20,17,ptf4,Precious Metals,25187.779797069234
20,17,ptf4,Bonds,170058.35189065748
20,17,ptf4,Crypto,38339.86955085541
20,17,ptf4,Stocks,267379.33396602544
20,17,ptf5,Cash,134599.25026919192
20,17,ptf5,Real Estate,128402.94385967728
20,17,ptf5,Precious Metals,32100.73596491932
20,17,ptf5,Bonds,192604.4157895159
20,17,ptf5,Crypto,32100.73596491932
20,17,ptf5,Stocks,256805.88771935456
20,17,returns,Cash,0.0
20,17,returns,Money Market,0.014160311651467543
20,17,returns,Bonds,0.062580010540909
20,17,returns,Stocks,0.041172912118845106
20,17,returns,Crypto,0.19436107610599396
20,17,returns,Precious Metals,-0.2153519525348196
20,17,returns,Real Estate,0.09849026707613408
20,17,contributions,,0.0
20,17,withdrawals,,50000.0
20,17,availableCash,,100000.0
20,17,cashBuffer,,150000.0
20,17,cashDepletion,,50000.0
20,17,shortfall,,0.0
20,17,cashReplenishment,,34599.25026919192
20,17,financialGainLoss,,34599.25026919192
20,18,ptf_bop,Cash,134599.25026919192
20,18,ptf_bop,Real Estate,128402.94385967728
20,18,ptf_bop,Precious Metals,32100.73596491932
20,18,ptf_bop,Bonds,192604.4157895159
20,18,ptf_bop,Crypto,32100.73596491932
20,18,ptf_bop,Stocks,256805.88771935456
20,18,ptf_eop,Cash,148101.45297491213
20,18,ptf_eop,Real Estate,128402.94385967728
20,18,ptf_eop,Precious Metals,32100.73596491932
20,18,ptf_eop,Bonds,192604.4157895159
20,18,ptf_eop,Crypto,32100.73596491932
20,18,ptf_eop,Stocks,256805.88771935456
20,18,ptf1,Cash,84599.25026919192
20,18,ptf1,Real Estate,128402.94385967728
20,18,ptf1,Precious Metals,32100.73596491932
20,18,ptf1,Bonds,192604.4157895159
20,18,ptf1,Crypto,32100.73596491932
20,18,ptf1,Stocks,256805.88771935456
20,18,ptf2,Cash,84599.25026919192
20,18,ptf2,Real Estate,128402.94385967728
20,18,ptf2,Precious Metals,32100.73596491932
20,18,ptf2,Bonds,192604.4157895159
20,18,ptf2,Crypto,32100.73596491932
20,18,ptf2,Stocks,256805.88771935456
20,18,ptf3,Cash,84599.25026919192
20,18,ptf3,Real Estate,136974.64764120942
20,18,ptf3,Precious Metals,29694.499884221354
20,18,ptf3,Bonds,200483.35159372241
20,18,ptf3,Crypto,42884.90651400364
20,18,ptf3,Stocks,295479.51637094974
20,18,ptf4,Cash,148101.45297491213
20,18,ptf4,Real Estate,136974.64764120942
20,18,ptf4,Precious Metals,29694.499884221354
20,18,ptf4,Bonds,136981.1488880022
20,18,ptf4,Crypto,42884.90651400364
20,18,ptf4,Stocks,295479.51637094974
20,18,ptf5,Cash,148101.45297491213
20,18,ptf5,Real Estate,128402.94385967728
20,18,ptf5,Precious Metals,32100.73596491932
20,18,ptf5,Bonds,192604.4157895159
20,18,ptf5,Crypto,32100.73596491932
20,18,ptf5,Stocks,256805.88771935456
20,18,returns,Cash,0.0
20,18,returns,Money Market,0.0585955107989416
20,18,returns,Bonds,0.04090734769454538
20,18,returns,Stocks,0.1505947896874503
20,18,returns,Crypto,0.33594776645836383
20,18,returns,Precious Metals,-0.0749589069648614
20,18,returns,Real Estate,0.06675628707469171
20,18,contributions,,0.0
20,18,withdrawals,,50000.0
20,18,availableCash,,84599.25026919192
20,18,cashBuffer,,150000.0
20,18,cashDepletion,,50000.0
20,18,shortfall,,0.0
20,18,cashReplenishment,,63502.20270572021
20,18,financialGainLoss,,63502.20270572021
20,19,ptf_bop,Cash,148101.45297491213
20,19,ptf_bop,Real Estate,128402.94385967728
20,19,ptf_bop,Precious Metals,32100.73596491932
20,19,ptf_bop,Bonds,192604.4157895159
20,19,ptf_bop,Crypto,32100.73596491932
20,19,ptf_bop,Stocks,256805.88771935456
20,19,ptf_eop,Cash,98101.45297491213
20,19,ptf_eop,Real Estate,112349.24659577514
20,19,ptf_eop,Precious Metals,42645.70392341343
20,19,ptf_eop,Bonds,207233.42935396216
20,19,ptf_eop,Crypto,47693.115944939695
20,19,ptf_eop,Stocks,149601.6696120915
20,19,ptf1,Cash,98101.45297491213
20,19,ptf1,Real Estate,128402.94385967728
20,19,ptf1,Precious Metals,32100.73596491932
20,19,ptf1,Bonds,192604.4157895159
20,19,ptf1,Crypto,32100.73596491932
20,19,ptf1,Stocks,256805.88771935456
20,19,ptf2,Cash,98101.45297491213
20,19,ptf2,Real Estate,128402.94385967728
20,19,ptf2,Precious Metals,32100.73596491932
20,19,ptf2,Bonds,192604.4157895159
20,19,ptf2,Crypto,32100.73596491932
20,19,ptf2,Stocks,256805.88771935456
20,19,ptf3,Cash,98101.45297491213
20,19,ptf3,Real Estate,112349.24659577514
20,19,ptf3,Precious Metals,42645.70392341343
20,19,ptf3,Bonds,207233.42935396216
20,19,ptf3,Crypto,47693.115944939695
20,19,ptf3,Stocks,149601.6696120915
20,19,ptf4,Cash,98101.45297491213
20,19,ptf4,Real Estate,112349.24659577514
20,19,ptf4,Precious Metals,42645.70392341343
20,19,ptf4,Bonds,207233.42935396216
20,19,ptf4,Crypto,47693.115944939695
20,19,ptf4,Stocks,149601.6696120915
20,19,ptf5,Cash,98101.45297491213
20,19,ptf5,Real Estate,112349.24659577514
20,19,ptf5,Precious Metals,42645.70392341343
20,19,ptf5,Bonds,207233.42935396216
20,19,ptf5,Crypto,47693.115944939695
20,19,ptf5,Stocks,149601.6696120915
20,19,returns,Cash,0.0
20,19,returns,Money Market,0.03397663134517316
20,19,returns,Bonds,0.07595367688990748
20,19,returns,Stocks,-0.417452337480748
20,19,returns,Crypto,0.4857327880912203
20,19,returns,Precious Metals,0.32849614320425474
20,19,returns,Real Estate,-0.12502592838873006
20,19,contributions,,0.0
20,19,withdrawals,,50000.0
20,19,availableCash,,98101.45297491213
20,19,cashBuffer,,150000.0
20,19,cashDepletion,,50000.0
20,19,shortfall,,0.0
20,19,cashReplenishment,,0
20,19,financialGainLoss,,-82491.55386820447
20,20,ptf_bop,Cash,98101.45297491213
20,20,ptf_bop,Real Estate,112349.24659577514
20,20,ptf_bop,Precious Metals,42645.70392341343
20,20,ptf_bop,Bonds,207233.42935396216
20,20,ptf_bop,Crypto,47693.115944939695
20,20,ptf_bop,Stocks,149601.6696120915
20,20,ptf_eop,Cash,80600.82313982956
20,20,ptf_eop,Real Estate,111904.63308603637
20,20,ptf_eop,Precious Metals,27976.15827150909
20,20,ptf_eop,Bonds,167856.94962905455
20,20,ptf_eop,Crypto,27976.15827150909
20,20,ptf_eop,Stocks,223809.26617207273
20,20,ptf1,Cash,48101.45297491213
20,20,ptf1,Real Estate,112349.24659577514
20,20,ptf1,Precious Metals,42645.70392341343
20,20,ptf1,Bonds,207233.42935396216
20,20,ptf1,Crypto,47693.115944939695
20,20,ptf1,Stocks,149601.6696120915
20,20,ptf2,Cash,48101.45297491213
20,20,ptf2,Real Estate,111904.63308603637
20,20,ptf2,Precious Metals,27976.15827150909
20,20,ptf2,Bonds,167856.94962905455
20,20,ptf2,Crypto,27976.15827150909
20,20,ptf2,Stocks,223809.26617207273
20,20,ptf3,Cash,48101.45297491213
20,20,ptf3,Real Estate,100084.08799882466
20,20,ptf3,Precious Metals,29673.0886106301
20,20,ptf3,Bonds,166738.15279889642
20,20,ptf3,Crypto,27423.403846422247
20,20,ptf3,Stocks,268103.8023403259
20,20,ptf4,Cash,80600.82313982956
20,20,ptf4,Real Estate,100084.08799882466
20,20,ptf4,Precious Metals,29673.0886106301
20,20,ptf4,Bonds,134238.782633979
20,20,ptf4,Crypto,27423.403846422247
20,20,ptf4,Stocks,268103.8023403259
20,20,ptf5,Cash,80600.82313982956
20,20,ptf5,Real Estate,111904.63308603637
20,20,ptf5,Precious Metals,27976.15827150909
20,20,ptf5,Bonds,167856.94962905455
20,20,ptf5,Crypto,27976.15827150909
20,20,ptf5,Stocks,223809.26617207273
20,20,returns,Cash,0.0
20,20,returns,Money Market,-0.022670430116252378
20,20,returns,Bonds,-0.006665180277793352
20,20,returns,Stocks,0.19791198517311578
20,20,returns,Crypto,-0.019758053258147702
20,20,returns,Precious Metals,0.06065630322263237
20,20,returns,Real Estate,-0.10563052450316018
20,20,contributions,,0.0
20,20,withdrawals,,50000.0
20,20,availableCash,,48101.45297491213
20,20,cashBuffer,,150000.0
20,20,cashDepletion,,50000.0
20,20,shortfall,,0.0
20,20,cashReplenishment,,32499.370164917433
20,20,financialGainLoss,,32499.370164917433
